{"val_results": {"acc": 0.9441639441639441, "ece": {"ece": 0.019308668899012144, "refinement": 0.04562450390810521, "bins": {"1": {"acc": 0.0, "conf": 0.0}, "2": {"acc": 0.0, "conf": 0.0}, "3": {"acc": 0.0, "conf": 0.0}, "4": {"acc": 0.0, "conf": 0.0}, "5": {"acc": 0.0, "conf": 0.0}, "6": {"acc": 0.622, "conf": 0.5529999732971191}, "7": {"acc": 0.622, "conf": 0.6489999890327454}, "8": {"acc": 0.66, "conf": 0.7490000128746033}, "9": {"acc": 0.778, "conf": 0.8550000190734863}, "10": {"acc": 0.971, "conf": 0.9850000143051147}}}, "entropy": {"mean": 0.1679999977350235, "var": 0.05000000074505806}, "var_ratio": {"mean": 0.039000000804662704, "var": 0.007000000216066837}, "std": {"mean": 0.460999995470047, "var": 0.007000000216066837}, "nll": {"mean": 0.16899999976158142, "var": 0.41100001335144043}, "brier": {"mean": 0.04600000008940697, "var": 0.029999999329447746}, "margin": {"mean": 0.921999990940094, "var": 0.027000000700354576}, "temperature": 0.9365552067756653}, "test_results": {"acc": 0.9173363949483353, "ece": {"ece": 0.034681552997549686, "refinement": 0.06262903954563304, "bins": {"1": {"acc": 0.0, "conf": 0.0}, "2": {"acc": 0.0, "conf": 0.0}, "3": {"acc": 0.0, "conf": 0.0}, "4": {"acc": 0.0, "conf": 0.0}, "5": {"acc": 0.0, "conf": 0.0}, "6": {"acc": 0.529, "conf": 0.550000011920929}, "7": {"acc": 0.591, "conf": 0.6589999794960022}, "8": {"acc": 0.63, "conf": 0.7570000290870667}, "9": {"acc": 0.691, "conf": 0.8539999723434448}, "10": {"acc": 0.963, "conf": 0.984000027179718}}}, "entropy": {"mean": 0.19599999487400055, "var": 0.06199999898672104}, "var_ratio": {"mean": 0.04800000041723251, "var": 0.00800000037997961}, "std": {"mean": 0.4519999921321869, "var": 0.00800000037997961}, "nll": {"mean": 0.22300000488758087, "var": 0.4959999918937683}, "brier": {"mean": 0.06400000303983688, "var": 0.04100000113248825}, "margin": {"mean": 0.9039999842643738, "var": 0.03400000184774399}, "temperature": 0.9365552067756653}}