{"val_results": {"acc": 0.432, "ece": {"ece": 0.14638529443740847, "refinement": 0.24531320170344562, "bins": {"1": {"acc": 0.0, "conf": 0.0}, "2": {"acc": 0.0, "conf": 0.0}, "3": {"acc": 0.0, "conf": 0.0}, "4": {"acc": 0.0, "conf": 0.0}, "5": {"acc": 0.0, "conf": 0.0}, "6": {"acc": 0.427, "conf": 0.5410000085830688}, "7": {"acc": 0.444, "conf": 0.6349999904632568}, "8": {"acc": 0.429, "conf": 0.722000002861023}, "9": {"acc": 0.0, "conf": 0.0}, "10": {"acc": 0.0, "conf": 0.0}}}, "entropy": {"mean": 0.9710000157356262, "var": 0.0010000000474974513}, "var_ratio": {"mean": 0.421999990940094, "var": 0.004000000189989805}, "std": {"mean": 0.07800000160932541, "var": 0.004000000189989805}, "nll": {"mean": 0.7390000224113464, "var": 0.0430000014603138}, "brier": {"mean": 0.2720000147819519, "var": 0.009999999776482582}, "margin": {"mean": 0.15700000524520874, "var": 0.014999999664723873}, "temperature": 1.767831563949585}, "test_results": {"acc": 0.48014440433212996, "ece": {"ece": 0.08909403481638388, "refinement": 0.24897156706787055, "bins": {"1": {"acc": 0.0, "conf": 0.0}, "2": {"acc": 0.0, "conf": 0.0}, "3": {"acc": 0.0, "conf": 0.0}, "4": {"acc": 0.0, "conf": 0.0}, "5": {"acc": 0.0, "conf": 0.0}, "6": {"acc": 0.474, "conf": 0.5450000166893005}, "7": {"acc": 0.482, "conf": 0.6389999985694885}, "8": {"acc": 0.625, "conf": 0.7229999899864197}, "9": {"acc": 0.0, "conf": 0.0}, "10": {"acc": 0.0, "conf": 0.0}}}, "entropy": {"mean": 0.9769999980926514, "var": 0.0010000000474974513}, "var_ratio": {"mean": 0.4309999942779541, "var": 0.003000000026077032}, "std": {"mean": 0.0689999982714653, "var": 0.003000000026077032}, "nll": {"mean": 0.7129999995231628, "var": 0.03200000151991844}, "brier": {"mean": 0.25999999046325684, "var": 0.00800000037997961}, "margin": {"mean": 0.1379999965429306, "var": 0.012000000104308128}, "temperature": 1.767831563949585}}