{"val_results": {"acc": 0.432, "ece": {"ece": 0.19960626792907715, "refinement": 0.24076990306689972, "bins": {"1": {"acc": 0.0, "conf": 0.0}, "2": {"acc": 0.0, "conf": 0.0}, "3": {"acc": 0.0, "conf": 0.0}, "4": {"acc": 0.0, "conf": 0.0}, "5": {"acc": 0.0, "conf": 0.0}, "6": {"acc": 0.483, "conf": 0.546999990940094}, "7": {"acc": 0.323, "conf": 0.6439999938011169}, "8": {"acc": 0.464, "conf": 0.734000027179718}, "9": {"acc": 0.375, "conf": 0.8389999866485596}, "10": {"acc": 0.0, "conf": 0.0}}}, "entropy": {"mean": 0.9190000295639038, "var": 0.009999999776482582}, "var_ratio": {"mean": 0.36800000071525574, "var": 0.008999999612569809}, "std": {"mean": 0.13199999928474426, "var": 0.008999999612569809}, "nll": {"mean": 0.800000011920929, "var": 0.14000000059604645}, "brier": {"mean": 0.296999990940094, "var": 0.02800000086426735}, "margin": {"mean": 0.2630000114440918, "var": 0.03700000047683716}, "bert_output": null, "gold_labels": [0, 0, 1, 0, 0, 1, 1, 0, 0, 0, 0, 1, 0, 1, 0, 0, 0, 0, 0, 1, 1, 0, 0, 0, 1, 1, 1, 0, 0, 1, 0, 1, 0, 0, 1, 1, 0, 1, 1, 1, 1, 1, 0, 0, 0, 1, 0, 0, 0, 0, 0, 1, 0, 0, 1, 1, 1, 0, 1, 1, 0, 1, 0, 1, 0, 0, 0, 1, 0, 1, 1, 1, 1, 0, 1, 1, 0, 0, 0, 1, 1, 0, 1, 1, 0, 0, 1, 1, 0, 0, 1, 1, 1, 0, 1, 0, 0, 1, 1, 1, 1, 1, 1, 1, 1, 1, 0, 1, 0, 0, 1, 0, 0, 0, 1, 1, 1, 0, 0, 0, 1, 1, 0, 0, 1]}, "test_results": {"acc": 0.48014440433212996, "ece": {"ece": 0.13719490955882985, "refinement": 0.24840636317574377, "bins": {"1": {"acc": 0.0, "conf": 0.0}, "2": {"acc": 0.0, "conf": 0.0}, "3": {"acc": 0.0, "conf": 0.0}, "4": {"acc": 0.0, "conf": 0.0}, "5": {"acc": 0.0, "conf": 0.0}, "6": {"acc": 0.47, "conf": 0.5450000166893005}, "7": {"acc": 0.49, "conf": 0.640999972820282}, "8": {"acc": 0.447, "conf": 0.7440000176429749}, "9": {"acc": 0.636, "conf": 0.8339999914169312}, "10": {"acc": 0.0, "conf": 0.0}}}, "entropy": {"mean": 0.9359999895095825, "var": 0.007000000216066837}, "var_ratio": {"mean": 0.382999986410141, "var": 0.007000000216066837}, "std": {"mean": 0.11699999868869781, "var": 0.007000000216066837}, "nll": {"mean": 0.7480000257492065, "var": 0.10199999809265137}, "brier": {"mean": 0.2750000059604645, "var": 0.020999999716877937}, "margin": {"mean": 0.23499999940395355, "var": 0.029999999329447746}, "bert_output": null, "gold_labels": [1, 0, 1, 1, 0, 0, 0, 0, 0, 0, 0, 1, 1, 0, 0, 1, 1, 0, 0, 1, 0, 0, 0, 0, 1, 1, 1, 0, 1, 1, 1, 0, 1, 1, 0, 1, 1, 0, 1, 1, 0, 1, 0, 0, 0, 1, 0, 1, 1, 1, 1, 0, 1, 0, 0, 1, 0, 1, 1, 0, 0, 1, 1, 0, 1, 1, 0, 0, 0, 0, 0, 0, 1, 0, 0, 1, 0, 1, 1, 0, 1, 0, 1, 1, 1, 0, 0, 1, 0, 1, 0, 1, 0, 0, 1, 1, 1, 0, 0, 0, 0, 0, 0, 0, 0, 0, 0, 1, 0, 0, 0, 0, 0, 1, 1, 0, 0, 1, 1, 1, 1, 1, 1, 0, 1, 1, 1, 1, 0, 0, 1, 0, 0, 1, 0, 0, 1, 0, 1, 1, 1, 0, 1, 0, 1, 0, 0, 1, 0, 0, 1, 1, 0, 0, 0, 0, 1, 0, 1, 1, 0, 0, 1, 1, 0, 0, 1, 1, 1, 1, 0, 0, 1, 0, 0, 0, 0, 0, 1, 1, 0, 0, 1, 1, 0, 0, 0, 0, 0, 0, 1, 0, 1, 0, 1, 0, 1, 0, 1, 1, 0, 0, 0, 1, 0, 1, 1, 1, 1, 1, 0, 0, 0, 1, 0, 1, 0, 1, 1, 0, 0, 0, 1, 1, 0, 1, 0, 0, 1, 0, 1, 0, 1, 1, 0, 0, 1, 0, 1, 1, 0, 0, 1, 1, 1, 1, 1, 0, 1, 1, 1, 0, 1, 0, 1, 0, 0, 0, 1, 0, 0, 1, 0, 0, 1, 1, 0, 1, 0, 1, 1, 1, 0, 0, 0, 0, 1]}}