{"test_ood_results": {"acc": 0.577521508328757, "ece": {"ece": 0.14962940606227754, "refinement": 0.23842597482880293, "bins": {"1": {"acc": 0.0, "conf": 0.0}, "2": {"acc": 0.0, "conf": 0.0}, "3": {"acc": 0.0, "conf": 0.0}, "4": {"acc": 0.0, "conf": 0.0}, "5": {"acc": 0.0, "conf": 0.0}, "6": {"acc": 0.498, "conf": 0.550000011920929}, "7": {"acc": 0.465, "conf": 0.6520000100135803}, "8": {"acc": 0.601, "conf": 0.7760000228881836}, "9": {"acc": 0.709, "conf": 0.8059999942779541}, "10": {"acc": 0.0, "conf": 0.0}}}, "entropy": {"mean": 0.8169999718666077, "var": 0.009999999776482582}, "var_ratio": {"mean": 0.27300000190734863, "var": 0.00800000037997961}, "std": {"mean": 0.22699999809265137, "var": 0.00800000037997961}, "nll": {"mean": 0.7229999899864197, "var": 0.2800000011920929}, "brier": {"mean": 0.26100000739097595, "var": 0.054999999701976776}, "margin": {"mean": 0.45399999618530273, "var": 0.03200000151991844}, "temperature": 2.1158106327056885}}