{"val_results": {"acc": 0.946094446094446, "ece": {"ece": 0.004805261245423922, "refinement": 0.04373540961461025, "bins": {"1": {"acc": 0.0, "conf": 0.0}, "2": {"acc": 0.0, "conf": 0.0}, "3": {"acc": 0.0, "conf": 0.0}, "4": {"acc": 0.0, "conf": 0.0}, "5": {"acc": 0.0, "conf": 0.0}, "6": {"acc": 0.604, "conf": 0.5479999780654907}, "7": {"acc": 0.595, "conf": 0.6539999842643738}, "8": {"acc": 0.722, "conf": 0.7540000081062317}, "9": {"acc": 0.837, "conf": 0.859000027179718}, "10": {"acc": 0.976, "conf": 0.9760000109672546}}}, "entropy": {"mean": 0.22699999809265137, "var": 0.05299999937415123}, "var_ratio": {"mean": 0.050999999046325684, "var": 0.007000000216066837}, "std": {"mean": 0.4490000009536743, "var": 0.007000000216066837}, "nll": {"mean": 0.15700000524520874, "var": 0.2759999930858612}, "brier": {"mean": 0.0430000014603138, "var": 0.026000000536441803}, "margin": {"mean": 0.8970000147819519, "var": 0.02800000086426735}, "temperature": 1.37}, "test_result": {"acc": 0.9104477611940298, "ece": {"ece": 0.02337909367547105, "refinement": 0.06353777754248624, "bins": {"1": {"acc": 0.0, "conf": 0.0}, "2": {"acc": 0.0, "conf": 0.0}, "3": {"acc": 0.0, "conf": 0.0}, "4": {"acc": 0.0, "conf": 0.0}, "5": {"acc": 0.0, "conf": 0.0}, "6": {"acc": 0.55, "conf": 0.5649999976158142}, "7": {"acc": 0.576, "conf": 0.656000018119812}, "8": {"acc": 0.595, "conf": 0.7609999775886536}, "9": {"acc": 0.722, "conf": 0.859000027179718}, "10": {"acc": 0.974, "conf": 0.9739999771118164}}}, "entropy": {"mean": 0.27399998903274536, "var": 0.0689999982714653}, "var_ratio": {"mean": 0.06700000166893005, "var": 0.009999999776482582}, "std": {"mean": 0.43299999833106995, "var": 0.009999999776482582}, "nll": {"mean": 0.21400000154972076, "var": 0.3140000104904175}, "brier": {"mean": 0.06499999761581421, "var": 0.035999998450279236}, "margin": {"mean": 0.8659999966621399, "var": 0.039000000804662704}, "temperature": 1.37}}