{"val_results": {"acc": 0.6009927453226422, "ece": {"ece": 0.0715959514311681, "refinement": 0.23856457500418837, "bins": {"1": {"acc": 0.0, "conf": 0.0}, "2": {"acc": 0.0, "conf": 0.0}, "3": {"acc": 0.0, "conf": 0.0}, "4": {"acc": 0.0, "conf": 0.0}, "5": {"acc": 0.0, "conf": 0.0}, "6": {"acc": 0.593, "conf": 0.5239999890327454}, "7": {"acc": 0.751, "conf": 0.6230000257492065}, "8": {"acc": 0.0, "conf": 0.0}, "9": {"acc": 0.0, "conf": 0.0}, "10": {"acc": 0.0, "conf": 0.0}}}, "entropy": {"mean": 0.9940000176429749, "var": 0.0}, "var_ratio": {"mean": 0.47099998593330383, "var": 0.0010000000474974513}, "std": {"mean": 0.028999999165534973, "var": 0.0010000000474974513}, "nll": {"mean": 0.675000011920929, "var": 0.007000000216066837}, "brier": {"mean": 0.2409999966621399, "var": 0.0020000000949949026}, "margin": {"mean": 0.05900000035762787, "var": 0.004000000189989805}, "temperature": 1.3831356763839722}, "test_results": {"acc": 0.6000366099212887, "ece": {"ece": 0.07188701938408841, "refinement": 0.23858782114266236, "bins": {"1": {"acc": 0.0, "conf": 0.0}, "2": {"acc": 0.0, "conf": 0.0}, "3": {"acc": 0.0, "conf": 0.0}, "4": {"acc": 0.0, "conf": 0.0}, "5": {"acc": 0.0, "conf": 0.0}, "6": {"acc": 0.592, "conf": 0.5230000019073486}, "7": {"acc": 0.766, "conf": 0.621999979019165}, "8": {"acc": 0.0, "conf": 0.0}, "9": {"acc": 0.0, "conf": 0.0}, "10": {"acc": 0.0, "conf": 0.0}}}, "entropy": {"mean": 0.9950000047683716, "var": 0.0}, "var_ratio": {"mean": 0.47200000286102295, "var": 0.0010000000474974513}, "std": {"mean": 0.02800000086426735, "var": 0.0010000000474974513}, "nll": {"mean": 0.6759999990463257, "var": 0.006000000052154064}, "brier": {"mean": 0.2409999966621399, "var": 0.0020000000949949026}, "margin": {"mean": 0.0560000017285347, "var": 0.004000000189989805}, "temperature": 1.3831356763839722}}