{"val_results": {"acc": 0.2619047619047619, "f1": 0.20205105961231495, "acc_and_f1": 0.23197791075853844, "ece": {"ece": 0.0498124870843503, "refinement": 0.1955309699681182, "bins": {"1": {"acc": 0.0, "conf": 0.0}, "2": {"acc": 0.0, "conf": 0.1940000057220459}, "3": {"acc": 0.244, "conf": 0.2619999945163727}, "4": {"acc": 0.277, "conf": 0.3409999907016754}, "5": {"acc": 0.375, "conf": 0.43799999356269836}, "6": {"acc": 0.231, "conf": 0.5419999957084656}, "7": {"acc": 1.0, "conf": 0.6200000047683716}, "8": {"acc": 0.0, "conf": 0.0}, "9": {"acc": 0.0, "conf": 0.0}, "10": {"acc": 0.0, "conf": 0.0}}}, "entropy": {"mean": 2.377000093460083, "var": 0.01600000075995922}, "var_ratio": {"mean": 0.6790000200271606, "var": 0.004999999888241291}, "std": {"mean": 0.08799999952316284, "var": 0.0010000000474974513}, "nll": {"mean": 1.6779999732971191, "var": 0.2329999953508377}, "brier": {"mean": 0.13300000131130219, "var": 0.0010000000474974513}, "margin": {"mean": 0.10300000011920929, "var": 0.00800000037997961}, "bert_output": null, "gold_labels": [4, 2, 2, 3, 3, 1, 2, 1, 3, 3, 5, 1, 3, 3, 2, 1, 2, 1, 2, 4, 5, 4, 2, 3, 2, 3, 2, 2, 5, 4, 3, 4, 2, 5, 3, 4, 3, 3, 1, 4, 1, 1, 1, 2, 5, 2, 2, 1, 3, 2, 2, 4, 1, 1, 2, 5, 2, 5, 4, 1, 5, 5, 3, 2, 5, 5, 2, 4, 1, 3, 2, 3, 3, 1, 3, 3, 0, 3, 1, 5, 1, 5, 1, 3, 2, 2, 5, 4, 4, 2, 2, 2, 3, 5, 2, 5, 4, 2, 3, 2, 1, 3, 3, 1, 1, 1, 5, 3, 5, 4, 3, 3, 3, 4, 5, 3, 2, 5, 2, 2, 2, 4, 4, 5, 5, 3, 5, 3, 2, 2, 4, 1, 3, 4, 3, 1, 3, 3, 5, 5, 4, 4, 1, 2, 5, 4, 3, 1, 1, 3, 4, 3, 5, 4, 1, 5, 1, 3, 2, 4, 5, 1, 4, 4, 4, 5, 4, 1, 2, 1, 3, 5, 1, 3, 5, 2, 3, 3, 4, 2, 2, 5, 4, 5, 3, 4, 1, 5, 2, 1, 3, 1, 4, 5, 2, 3, 1, 3, 1, 5, 5, 1, 3, 5, 4, 2, 4, 2, 1, 1, 3, 2, 3, 5, 5, 3, 4, 1, 2, 2, 1, 4, 3, 2, 2, 5, 3, 2, 1, 4, 1, 1, 4, 1, 1, 3, 5, 5, 3, 4, 2, 2, 3, 1, 1, 5, 3, 3, 2, 2, 1, 1, 0, 5, 4, 4, 2, 3, 2, 2, 1, 2, 4, 4, 5, 3, 3, 5, 2, 4, 4, 3, 5, 4, 1, 1, 2, 3, 2, 4, 4, 3, 1, 1, 1, 5, 1, 2, 0, 3, 3, 4, 3, 3, 3, 2, 4, 4, 2, 4, 2, 3, 5, 2, 1, 3, 2, 2, 3, 1, 4, 5, 4, 1, 1, 3, 2, 1, 2, 5, 1, 1, 2, 5, 5, 1, 5, 1, 4, 4, 1, 5, 3, 2, 1, 2, 3, 2, 3, 2, 4, 3, 4, 4, 3, 3, 1, 2, 2, 1, 2, 1, 3, 2, 3, 2, 3, 3, 2, 5, 2, 1, 4, 3, 2, 2, 1, 4, 1, 2, 4, 2, 2, 3, 1, 2, 3, 5, 4, 2, 3, 4, 0, 3, 0, 2, 0, 5, 1, 4, 2, 0, 3, 3, 3, 5, 3, 3, 2, 5, 5, 1, 3, 1, 3, 1, 2, 3, 2, 5, 1, 1, 3, 2, 1, 1, 4, 2, 2, 1, 1, 3, 3, 1, 3, 5, 5, 5, 1, 1, 3, 1, 2, 3, 0, 2, 4, 5, 4, 2, 3, 2, 4, 2, 3, 3, 5, 5, 1, 3, 2, 5, 4, 1, 3, 2, 2, 1, 2, 3, 3, 3, 0, 3, 1, 4, 2, 1, 4, 4, 4, 2, 4, 3, 1, 2, 1, 2, 5, 2, 4, 2, 5, 4, 5, 5, 2, 5, 4, 3, 2, 5, 1, 2, 1, 2, 5, 1, 2, 3, 2, 3, 1, 1, 5, 3, 1, 1, 1, 2, 4, 5, 5, 2, 3, 2, 5, 5, 1, 5, 2, 1, 2, 5, 4, 1, 1, 3, 3, 3, 5, 5, 3, 1, 1, 2, 5, 4, 4, 4, 5, 1, 5, 1, 1, 1], "loss": 1.7969360682699416}, "test_results": {"acc": 0.242, "f1": 0.19447264796208588, "acc_and_f1": 0.21823632398104292, "ece": {"ece": 0.07538601833581926, "refinement": 0.19210577472841625, "bins": {"1": {"acc": 0.0, "conf": 0.0}, "2": {"acc": 0.2, "conf": 0.19599999487400055}, "3": {"acc": 0.283, "conf": 0.26100000739097595}, "4": {"acc": 0.217, "conf": 0.34299999475479126}, "5": {"acc": 0.389, "conf": 0.43299999833106995}, "6": {"acc": 0.273, "conf": 0.5389999747276306}, "7": {"acc": 0.6, "conf": 0.6349999904632568}, "8": {"acc": 0.0, "conf": 0.7059999704360962}, "9": {"acc": 0.0, "conf": 0.0}, "10": {"acc": 0.0, "conf": 0.0}}}, "entropy": {"mean": 2.377000093460083, "var": 0.020999999716877937}, "var_ratio": {"mean": 0.6759999990463257, "var": 0.006000000052154064}, "std": {"mean": 0.08799999952316284, "var": 0.0010000000474974513}, "nll": {"mean": 1.7079999446868896, "var": 0.24400000274181366}, "brier": {"mean": 0.13500000536441803, "var": 0.0010000000474974513}, "margin": {"mean": 0.10999999940395355, "var": 0.008999999612569809}, "bert_output": null, "gold_labels": [5, 4, 3, 1, 5, 5, 3, 2, 1, 1, 4, 3, 5, 3, 5, 5, 2, 3, 1, 5, 3, 1, 4, 1, 1, 3, 1, 4, 4, 4, 5, 4, 1, 5, 5, 5, 4, 5, 5, 5, 2, 1, 1, 1, 2, 2, 5, 1, 5, 3, 1, 3, 3, 1, 1, 1, 5, 4, 4, 5, 4, 3, 4, 2, 4, 3, 2, 1, 5, 4, 5, 5, 4, 3, 4, 1, 2, 5, 5, 3, 1, 5, 3, 5, 5, 1, 1, 3, 1, 4, 2, 1, 5, 5, 3, 4, 5, 1, 1, 2, 1, 3, 1, 3, 4, 1, 5, 2, 5, 4, 2, 1, 5, 3, 2, 3, 5, 2, 5, 4, 5, 5, 1, 3, 5, 3, 5, 5, 1, 5, 5, 3, 1, 2, 1, 2, 4, 3, 3, 1, 1, 2, 4, 2, 1, 2, 3, 2, 1, 1, 2, 3, 1, 5, 3, 4, 4, 1, 4, 4, 1, 1, 5, 4, 2, 4, 5, 1, 4, 3, 5, 5, 5, 1, 4, 4, 4, 5, 2, 5, 4, 1, 4, 1, 2, 3, 3, 1, 4, 2, 2, 5, 5, 5, 1, 4, 2, 3, 2, 2, 2, 4, 3, 2, 5, 4, 3, 5, 1, 1, 5, 5, 4, 4, 1, 2, 1, 2, 5, 1, 1, 5, 1, 2, 4, 2, 5, 1, 4, 3, 5, 3, 1, 5, 2, 1, 4, 1, 4, 5, 4, 1, 1, 1, 1, 4, 1, 1, 1, 2, 3, 4, 2, 2, 1, 4, 5, 2, 1, 5, 3, 3, 5, 2, 5, 1, 1, 4, 5, 1, 2, 1, 1, 3, 1, 1, 1, 5, 0, 2, 4, 3, 0, 1, 4, 1, 1, 1, 1, 1, 4, 2, 5, 2, 1, 1, 2, 5, 2, 2, 0, 5, 1, 5, 5, 4, 3, 4, 3, 5, 4, 4, 5, 1, 4, 1, 3, 4, 2, 4, 1, 5, 0, 2, 5, 0, 1, 5, 5, 1, 1, 5, 2, 2, 5, 4, 1, 2, 1, 5, 5, 2, 5, 3, 5, 3, 2, 1, 5, 1, 5, 4, 2, 2, 1, 3, 5, 5, 1, 2, 1, 1, 2, 5, 1, 5, 2, 2, 1, 4, 5, 2, 1, 1, 2, 5, 4, 1, 0, 1, 3, 3, 2, 3, 5, 5, 1, 3, 1, 1, 3, 1, 2, 5, 1, 1, 1, 5, 5, 4, 3, 2, 5, 0, 5, 4, 1, 4, 5, 1, 3, 2, 4, 0, 2, 1, 1, 1, 3, 3, 5, 4, 2, 1, 4, 2, 1, 4, 1, 3, 1, 2, 4, 3, 1, 1, 1, 5, 0, 2, 3, 2, 4, 2, 3, 2, 4, 3, 5, 2, 2, 2, 2, 5, 5, 5, 2, 4, 1, 1, 3, 2, 4, 5, 4, 2, 1, 3, 1, 1, 1, 1, 2, 5, 2, 2, 1, 4, 2, 4, 2, 2, 2, 1, 4, 1, 4, 5, 2, 2, 1, 1, 2, 5, 5, 3, 2, 5, 2, 1], "loss": 1.846154557334052}}