{"val_results": {"acc": 0.29853479853479853, "f1": 0.18522667171118534, "acc_and_f1": 0.24188073512299194, "ece": {"ece": 0.20748914838273885, "refinement": 0.2076907597454873, "bins": {"1": {"acc": 0.0, "conf": 0.0}, "2": {"acc": 0.0, "conf": 0.0}, "3": {"acc": 0.167, "conf": 0.28299999237060547}, "4": {"acc": 0.357, "conf": 0.35499998927116394}, "5": {"acc": 0.291, "conf": 0.453000009059906}, "6": {"acc": 0.26, "conf": 0.5550000071525574}, "7": {"acc": 0.322, "conf": 0.6290000081062317}, "8": {"acc": 0.0, "conf": 0.7009999752044678}, "9": {"acc": 0.0, "conf": 0.0}, "10": {"acc": 0.0, "conf": 0.0}}}, "entropy": {"mean": 1.8919999599456787, "var": 0.04600000008940697}, "var_ratio": {"mean": 0.4950000047683716, "var": 0.010999999940395355}, "std": {"mean": 0.1720000058412552, "var": 0.0010000000474974513}, "nll": {"mean": 1.680999994277954, "var": 0.8790000081062317}, "brier": {"mean": 0.1379999965429306, "var": 0.004000000189989805}, "margin": {"mean": 0.2709999978542328, "var": 0.023000000044703484}, "temperature": 0.38116297125816345}, "test_results": {"acc": 0.214, "f1": 0.12895688597332655, "acc_and_f1": 0.17147844298666326, "ece": {"ece": 0.2716990227103233, "refinement": 0.16738043276890585, "bins": {"1": {"acc": 0.0, "conf": 0.0}, "2": {"acc": 0.0, "conf": 0.0}, "3": {"acc": 0.0, "conf": 0.2930000126361847}, "4": {"acc": 0.194, "conf": 0.3569999933242798}, "5": {"acc": 0.248, "conf": 0.4519999921321869}, "6": {"acc": 0.203, "conf": 0.546999990940094}, "7": {"acc": 0.222, "conf": 0.6190000176429749}, "8": {"acc": 0.0, "conf": 0.0}, "9": {"acc": 0.0, "conf": 0.0}, "10": {"acc": 0.0, "conf": 0.0}}}, "entropy": {"mean": 1.937000036239624, "var": 0.03500000014901161}, "var_ratio": {"mean": 0.5139999985694885, "var": 0.00800000037997961}, "std": {"mean": 0.164000004529953, "var": 0.0010000000474974513}, "nll": {"mean": 1.7339999675750732, "var": 0.7379999756813049}, "brier": {"mean": 0.14300000667572021, "var": 0.003000000026077032}, "margin": {"mean": 0.24300000071525574, "var": 0.017999999225139618}, "temperature": 0.38116297125816345}}