{"val_results": {"acc": 0.9196, "f1": 0.9195962821320858, "acc_and_f1": 0.9195981410660429, "ece": {"ece": 0.0470505818843842, "refinement": 0.06540558553909011, "bins": {"1": {"acc": 0.0, "conf": 0.0}, "2": {"acc": 0.0, "conf": 0.0}, "3": {"acc": 0.0, "conf": 0.0}, "4": {"acc": 0.0, "conf": 0.0}, "5": {"acc": 0.0, "conf": 0.0}, "6": {"acc": 0.488, "conf": 0.5509999990463257}, "7": {"acc": 0.688, "conf": 0.652999997138977}, "8": {"acc": 0.677, "conf": 0.7590000033378601}, "9": {"acc": 0.697, "conf": 0.8519999980926514}, "10": {"acc": 0.95, "conf": 0.9909999966621399}}}, "entropy": {"mean": 0.13699999451637268, "var": 0.054999999701976776}, "var_ratio": {"mean": 0.03500000014901161, "var": 0.007000000216066837}, "std": {"mean": 0.4650000035762787, "var": 0.007000000216066837}, "nll": {"mean": 0.26600000262260437, "var": 0.859000027179718}, "brier": {"mean": 0.06700000166893005, "var": 0.04899999871850014}, "margin": {"mean": 0.9309999942779541, "var": 0.028999999165534973}, "temperature": 0.7773106694221497}, "test_results": {"acc": 0.91872, "f1": 0.9187173032351998, "acc_and_f1": 0.9187186516175999, "ece": {"ece": 0.045891960465908, "refinement": 0.06349680807943123, "bins": {"1": {"acc": 0.0, "conf": 0.0}, "2": {"acc": 0.0, "conf": 0.0}, "3": {"acc": 0.0, "conf": 0.0}, "4": {"acc": 0.0, "conf": 0.0}, "5": {"acc": 0.0, "conf": 0.0}, "6": {"acc": 0.545, "conf": 0.550000011920929}, "7": {"acc": 0.575, "conf": 0.6499999761581421}, "8": {"acc": 0.578, "conf": 0.7509999871253967}, "9": {"acc": 0.672, "conf": 0.8560000061988831}, "10": {"acc": 0.954, "conf": 0.9900000095367432}}}, "entropy": {"mean": 0.14000000059604645, "var": 0.0560000017285347}, "var_ratio": {"mean": 0.03500000014901161, "var": 0.007000000216066837}, "std": {"mean": 0.4650000035762787, "var": 0.007000000216066837}, "nll": {"mean": 0.24500000476837158, "var": 0.7289999723434448}, "brier": {"mean": 0.06499999761581421, "var": 0.04600000008940697}, "margin": {"mean": 0.9290000200271606, "var": 0.028999999165534973}, "temperature": 0.7773106694221497}}