{"test_ood_results": {"acc": 0.8185516680227828, "ece": {"ece": 0.024556065461711258, "refinement": 0.12131794560628975, "bins": {"1": {"acc": 0.0, "conf": 0.0}, "2": {"acc": 0.0, "conf": 0.0}, "3": {"acc": 0.0, "conf": 0.0}, "4": {"acc": 0.358, "conf": 0.37400001287460327}, "5": {"acc": 0.483, "conf": 0.4650000035762787}, "6": {"acc": 0.514, "conf": 0.550000011920929}, "7": {"acc": 0.604, "conf": 0.6489999890327454}, "8": {"acc": 0.735, "conf": 0.7509999871253967}, "9": {"acc": 0.809, "conf": 0.8560000061988831}, "10": {"acc": 0.949, "conf": 0.9639999866485596}}}, "entropy": {"mean": 0.5889999866485596, "var": 0.1940000057220459}, "var_ratio": {"mean": 0.15800000727176666, "var": 0.027000000700354576}, "std": {"mean": 0.36800000071525574, "var": 0.010999999940395355}, "nll": {"mean": 0.46399998664855957, "var": 0.6639999747276306}, "brier": {"mean": 0.08699999749660492, "var": 0.02500000037252903}, "margin": {"mean": 0.7170000076293945, "var": 0.08500000089406967}, "temperature": 0.909845232963562}}