{"val_results": {"acc": 0.8165104909350173, "ece": {"ece": 0.026609085905476608, "refinement": 0.12379244094251164, "bins": {"1": {"acc": 0.0, "conf": 0.0}, "2": {"acc": 0.0, "conf": 0.0}, "3": {"acc": 0.0, "conf": 0.0}, "4": {"acc": 0.406, "conf": 0.3779999911785126}, "5": {"acc": 0.46, "conf": 0.4650000035762787}, "6": {"acc": 0.522, "conf": 0.5490000247955322}, "7": {"acc": 0.634, "conf": 0.6520000100135803}, "8": {"acc": 0.704, "conf": 0.7519999742507935}, "9": {"acc": 0.81, "conf": 0.8550000190734863}, "10": {"acc": 0.945, "conf": 0.9649999737739563}}}, "entropy": {"mean": 0.5860000252723694, "var": 0.1940000057220459}, "var_ratio": {"mean": 0.15700000524520874, "var": 0.027000000700354576}, "std": {"mean": 0.36899998784065247, "var": 0.010999999940395355}, "nll": {"mean": 0.4779999852180481, "var": 0.7099999785423279}, "brier": {"mean": 0.08900000154972076, "var": 0.026000000536441803}, "margin": {"mean": 0.718999981880188, "var": 0.08500000089406967}, "temperature": 0.9449330568313599}, "test_results": {"acc": 0.8172185430463577, "ece": {"ece": 0.029871699689179146, "refinement": 0.12347687439725387, "bins": {"1": {"acc": 0.0, "conf": 0.0}, "2": {"acc": 0.0, "conf": 0.0}, "3": {"acc": 0.0, "conf": 0.0}, "4": {"acc": 0.448, "conf": 0.3779999911785126}, "5": {"acc": 0.458, "conf": 0.46399998664855957}, "6": {"acc": 0.583, "conf": 0.550000011920929}, "7": {"acc": 0.591, "conf": 0.6520000100135803}, "8": {"acc": 0.692, "conf": 0.7519999742507935}, "9": {"acc": 0.816, "conf": 0.8550000190734863}, "10": {"acc": 0.948, "conf": 0.9660000205039978}}}, "entropy": {"mean": 0.5899999737739563, "var": 0.19699999690055847}, "var_ratio": {"mean": 0.1589999943971634, "var": 0.027000000700354576}, "std": {"mean": 0.36800000071525574, "var": 0.010999999940395355}, "nll": {"mean": 0.47699999809265137, "var": 0.6980000138282776}, "brier": {"mean": 0.08900000154972076, "var": 0.02500000037252903}, "margin": {"mean": 0.7149999737739563, "var": 0.08699999749660492}, "temperature": 0.9449330568313599}}