{"val_results": {"acc": 0.632, "ece": {"ece": 0.031185275554657006, "refinement": 0.22190608695652173, "bins": {"1": {"acc": 0.0, "conf": 0.0}, "2": {"acc": 0.0, "conf": 0.0}, "3": {"acc": 0.0, "conf": 0.0}, "4": {"acc": 0.0, "conf": 0.0}, "5": {"acc": 0.0, "conf": 0.0}, "6": {"acc": 0.522, "conf": 0.5519999861717224}, "7": {"acc": 0.66, "conf": 0.6439999938011169}, "8": {"acc": 0.72, "conf": 0.7590000033378601}, "9": {"acc": 1.0, "conf": 0.8180000185966492}, "10": {"acc": 0.0, "conf": 0.0}}}, "entropy": {"mean": 0.9200000166893005, "var": 0.007000000216066837}, "var_ratio": {"mean": 0.3610000014305115, "var": 0.007000000216066837}, "std": {"mean": 0.13899999856948853, "var": 0.007000000216066837}, "nll": {"mean": 0.6349999904632568, "var": 0.09799999743700027}, "brier": {"mean": 0.22300000488758087, "var": 0.020999999716877937}, "margin": {"mean": 0.27799999713897705, "var": 0.028999999165534973}, "temperature": 1.499424934387207}, "test_results": {"acc": 0.6389891696750902, "ece": {"ece": 0.027363647837931486, "refinement": 0.2235068210687208, "bins": {"1": {"acc": 0.0, "conf": 0.0}, "2": {"acc": 0.0, "conf": 0.0}, "3": {"acc": 0.0, "conf": 0.0}, "4": {"acc": 0.0, "conf": 0.0}, "5": {"acc": 0.0, "conf": 0.0}, "6": {"acc": 0.527, "conf": 0.5550000071525574}, "7": {"acc": 0.672, "conf": 0.640999972820282}, "8": {"acc": 0.755, "conf": 0.7559999823570251}, "9": {"acc": 0.6, "conf": 0.8090000152587891}, "10": {"acc": 0.0, "conf": 0.0}}}, "entropy": {"mean": 0.925000011920929, "var": 0.006000000052154064}, "var_ratio": {"mean": 0.3630000054836273, "var": 0.006000000052154064}, "std": {"mean": 0.13699999451637268, "var": 0.006000000052154064}, "nll": {"mean": 0.6389999985694885, "var": 0.09799999743700027}, "brier": {"mean": 0.2240000069141388, "var": 0.020999999716877937}, "margin": {"mean": 0.2750000059604645, "var": 0.02500000037252903}, "temperature": 1.499424934387207}}