{"val_results": {"acc": 0.536, "ece": {"ece": 0.1124610142707825, "refinement": 0.23587642276422766, "bins": {"1": {"acc": 0.0, "conf": 0.0}, "2": {"acc": 0.0, "conf": 0.0}, "3": {"acc": 0.0, "conf": 0.0}, "4": {"acc": 0.0, "conf": 0.0}, "5": {"acc": 0.0, "conf": 0.0}, "6": {"acc": 0.583, "conf": 0.5559999942779541}, "7": {"acc": 0.415, "conf": 0.6420000195503235}, "8": {"acc": 0.7, "conf": 0.7350000143051147}, "9": {"acc": 0.25, "conf": 0.8500000238418579}, "10": {"acc": 0.0, "conf": 0.0}}}, "entropy": {"mean": 0.9350000023841858, "var": 0.007000000216066837}, "var_ratio": {"mean": 0.3779999911785126, "var": 0.007000000216066837}, "std": {"mean": 0.12200000137090683, "var": 0.007000000216066837}, "nll": {"mean": 0.7329999804496765, "var": 0.10899999737739563}, "brier": {"mean": 0.2669999897480011, "var": 0.02199999988079071}, "margin": {"mean": 0.24400000274181366, "var": 0.027000000700354576}, "bert_output": null, "gold_labels": [0, 0, 1, 0, 0, 1, 1, 0, 0, 0, 0, 1, 0, 1, 0, 0, 0, 0, 0, 1, 1, 0, 0, 0, 1, 1, 1, 0, 0, 1, 0, 1, 0, 0, 1, 1, 0, 1, 1, 1, 1, 1, 0, 0, 0, 1, 0, 0, 0, 0, 0, 1, 0, 0, 1, 1, 1, 0, 1, 1, 0, 1, 0, 1, 0, 0, 0, 1, 0, 1, 1, 1, 1, 0, 1, 1, 0, 0, 0, 1, 1, 0, 1, 1, 0, 0, 1, 1, 0, 0, 1, 1, 1, 0, 1, 0, 0, 1, 1, 1, 1, 1, 1, 1, 1, 1, 0, 1, 0, 0, 1, 0, 0, 0, 1, 1, 1, 0, 0, 0, 1, 1, 0, 0, 1]}, "test_results": {"acc": 0.5487364620938628, "ece": {"ece": 0.0639699206885878, "refinement": 0.24618608831069705, "bins": {"1": {"acc": 0.0, "conf": 0.0}, "2": {"acc": 0.0, "conf": 0.0}, "3": {"acc": 0.0, "conf": 0.0}, "4": {"acc": 0.0, "conf": 0.0}, "5": {"acc": 0.0, "conf": 0.0}, "6": {"acc": 0.536, "conf": 0.5519999861717224}, "7": {"acc": 0.53, "conf": 0.6439999938011169}, "8": {"acc": 0.647, "conf": 0.7369999885559082}, "9": {"acc": 0.6, "conf": 0.8230000138282776}, "10": {"acc": 0.0, "conf": 0.0}}}, "entropy": {"mean": 0.9449999928474426, "var": 0.004000000189989805}, "var_ratio": {"mean": 0.3869999945163727, "var": 0.006000000052154064}, "std": {"mean": 0.11299999803304672, "var": 0.006000000052154064}, "nll": {"mean": 0.703000009059906, "var": 0.07999999821186066}, "brier": {"mean": 0.2540000081062317, "var": 0.017999999225139618}, "margin": {"mean": 0.22499999403953552, "var": 0.023000000044703484}, "bert_output": null, "gold_labels": [1, 0, 1, 1, 0, 0, 0, 0, 0, 0, 0, 1, 1, 0, 0, 1, 1, 0, 0, 1, 0, 0, 0, 0, 1, 1, 1, 0, 1, 1, 1, 0, 1, 1, 0, 1, 1, 0, 1, 1, 0, 1, 0, 0, 0, 1, 0, 1, 1, 1, 1, 0, 1, 0, 0, 1, 0, 1, 1, 0, 0, 1, 1, 0, 1, 1, 0, 0, 0, 0, 0, 0, 1, 0, 0, 1, 0, 1, 1, 0, 1, 0, 1, 1, 1, 0, 0, 1, 0, 1, 0, 1, 0, 0, 1, 1, 1, 0, 0, 0, 0, 0, 0, 0, 0, 0, 0, 1, 0, 0, 0, 0, 0, 1, 1, 0, 0, 1, 1, 1, 1, 1, 1, 0, 1, 1, 1, 1, 0, 0, 1, 0, 0, 1, 0, 0, 1, 0, 1, 1, 1, 0, 1, 0, 1, 0, 0, 1, 0, 0, 1, 1, 0, 0, 0, 0, 1, 0, 1, 1, 0, 0, 1, 1, 0, 0, 1, 1, 1, 1, 0, 0, 1, 0, 0, 0, 0, 0, 1, 1, 0, 0, 1, 1, 0, 0, 0, 0, 0, 0, 1, 0, 1, 0, 1, 0, 1, 0, 1, 1, 0, 0, 0, 1, 0, 1, 1, 1, 1, 1, 0, 0, 0, 1, 0, 1, 0, 1, 1, 0, 0, 0, 1, 1, 0, 1, 0, 0, 1, 0, 1, 0, 1, 1, 0, 0, 1, 0, 1, 1, 0, 0, 1, 1, 1, 1, 1, 0, 1, 1, 1, 0, 1, 0, 1, 0, 0, 0, 1, 0, 0, 1, 0, 0, 1, 1, 0, 1, 0, 1, 1, 1, 0, 0, 0, 0, 1]}}