{"val_results": {"acc": 0.8992, "f1": 0.8991921934434602, "acc_and_f1": 0.8991960967217301, "ece": {"ece": 0.004241952776908858, "refinement": 0.07674085868483412, "bins": {"1": {"acc": 0.0, "conf": 0.0}, "2": {"acc": 0.0, "conf": 0.0}, "3": {"acc": 0.0, "conf": 0.0}, "4": {"acc": 0.0, "conf": 0.0}, "5": {"acc": 0.0, "conf": 0.0}, "6": {"acc": 0.545, "conf": 0.550000011920929}, "7": {"acc": 0.633, "conf": 0.6489999890327454}, "8": {"acc": 0.733, "conf": 0.7519999742507935}, "9": {"acc": 0.862, "conf": 0.8560000061988831}, "10": {"acc": 0.962, "conf": 0.9629999995231628}}}, "entropy": {"mean": 0.37299999594688416, "var": 0.07500000298023224}, "var_ratio": {"mean": 0.09799999743700027, "var": 0.014000000432133675}, "std": {"mean": 0.4020000100135803, "var": 0.014000000432133675}, "nll": {"mean": 0.25699999928474426, "var": 0.33000001311302185}, "brier": {"mean": 0.07599999755620956, "var": 0.03700000047683716}, "margin": {"mean": 0.8040000200271606, "var": 0.05400000140070915}, "temperature": 1.14}, "test_result": {"acc": 0.90284, "f1": 0.902839259868346, "acc_and_f1": 0.902839629934173, "ece": {"ece": 0.014266664705276474, "refinement": 0.07147405280990364, "bins": {"1": {"acc": 0.0, "conf": 0.0}, "2": {"acc": 0.0, "conf": 0.0}, "3": {"acc": 0.0, "conf": 0.0}, "4": {"acc": 0.0, "conf": 0.0}, "5": {"acc": 0.0, "conf": 0.0}, "6": {"acc": 0.531, "conf": 0.550000011920929}, "7": {"acc": 0.629, "conf": 0.6520000100135803}, "8": {"acc": 0.717, "conf": 0.753000020980835}, "9": {"acc": 0.829, "conf": 0.8569999933242798}, "10": {"acc": 0.973, "conf": 0.9639999866485596}}}, "entropy": {"mean": 0.36800000071525574, "var": 0.07400000095367432}, "var_ratio": {"mean": 0.09600000083446503, "var": 0.014000000432133675}, "std": {"mean": 0.40400001406669617, "var": 0.014000000432133675}, "nll": {"mean": 0.23999999463558197, "var": 0.28600001335144043}, "brier": {"mean": 0.07100000232458115, "var": 0.03400000184774399}, "margin": {"mean": 0.8080000281333923, "var": 0.05400000140070915}, "temperature": 1.14}}