{"val_results": {"acc": 0.672, "ece": {"ece": 0.07219014596939083, "refinement": 0.2168933933933934, "bins": {"1": {"acc": 0.0, "conf": 0.0}, "2": {"acc": 0.0, "conf": 0.0}, "3": {"acc": 0.0, "conf": 0.0}, "4": {"acc": 0.0, "conf": 0.0}, "5": {"acc": 0.0, "conf": 0.0}, "6": {"acc": 0.639, "conf": 0.5569999814033508}, "7": {"acc": 0.694, "conf": 0.6520000100135803}, "8": {"acc": 0.703, "conf": 0.7599999904632568}, "9": {"acc": 0.688, "conf": 0.8399999737739563}, "10": {"acc": 0.0, "conf": 0.0}}}, "entropy": {"mean": 0.8679999709129333, "var": 0.014999999664723873}, "var_ratio": {"mean": 0.3190000057220459, "var": 0.009999999776482582}, "std": {"mean": 0.1809999942779541, "var": 0.009999999776482582}, "nll": {"mean": 0.6399999856948853, "var": 0.1860000044107437}, "brier": {"mean": 0.22300000488758087, "var": 0.035999998450279236}, "margin": {"mean": 0.3619999885559082, "var": 0.041999999433755875}, "bert_output": null, "gold_labels": [0, 0, 1, 0, 0, 1, 1, 0, 0, 0, 0, 1, 0, 1, 0, 0, 0, 0, 0, 1, 1, 0, 0, 0, 1, 1, 1, 0, 0, 1, 0, 1, 0, 0, 1, 1, 0, 1, 1, 1, 1, 1, 0, 0, 0, 1, 0, 0, 0, 0, 0, 1, 0, 0, 1, 1, 1, 0, 1, 1, 0, 1, 0, 1, 0, 0, 0, 1, 0, 1, 1, 1, 1, 0, 1, 1, 0, 0, 0, 1, 1, 0, 1, 1, 0, 0, 1, 1, 0, 0, 1, 1, 1, 0, 1, 0, 0, 1, 1, 1, 1, 1, 1, 1, 1, 1, 0, 1, 0, 0, 1, 0, 0, 0, 1, 1, 1, 0, 0, 0, 1, 1, 0, 0, 1], "loss": 0.6496886809666952}, "test_results": {"acc": 0.6209386281588448, "ece": {"ece": 0.07133565913038561, "refinement": 0.22973864561162594, "bins": {"1": {"acc": 0.0, "conf": 0.0}, "2": {"acc": 0.0, "conf": 0.0}, "3": {"acc": 0.0, "conf": 0.0}, "4": {"acc": 0.0, "conf": 0.0}, "5": {"acc": 0.0, "conf": 0.0}, "6": {"acc": 0.493, "conf": 0.5479999780654907}, "7": {"acc": 0.561, "conf": 0.6489999890327454}, "8": {"acc": 0.703, "conf": 0.7509999871253967}, "9": {"acc": 0.69, "conf": 0.824999988079071}, "10": {"acc": 1.0, "conf": 0.9079999923706055}}}, "entropy": {"mean": 0.875, "var": 0.013000000268220901}, "var_ratio": {"mean": 0.3230000138282776, "var": 0.009999999776482582}, "std": {"mean": 0.1770000010728836, "var": 0.009999999776482582}, "nll": {"mean": 0.6669999957084656, "var": 0.18000000715255737}, "brier": {"mean": 0.23600000143051147, "var": 0.035999998450279236}, "margin": {"mean": 0.3529999852180481, "var": 0.03999999910593033}, "bert_output": null, "gold_labels": [1, 0, 1, 1, 0, 0, 0, 0, 0, 0, 0, 1, 1, 0, 0, 1, 1, 0, 0, 1, 0, 0, 0, 0, 1, 1, 1, 0, 1, 1, 1, 0, 1, 1, 0, 1, 1, 0, 1, 1, 0, 1, 0, 0, 0, 1, 0, 1, 1, 1, 1, 0, 1, 0, 0, 1, 0, 1, 1, 0, 0, 1, 1, 0, 1, 1, 0, 0, 0, 0, 0, 0, 1, 0, 0, 1, 0, 1, 1, 0, 1, 0, 1, 1, 1, 0, 0, 1, 0, 1, 0, 1, 0, 0, 1, 1, 1, 0, 0, 0, 0, 0, 0, 0, 0, 0, 0, 1, 0, 0, 0, 0, 0, 1, 1, 0, 0, 1, 1, 1, 1, 1, 1, 0, 1, 1, 1, 1, 0, 0, 1, 0, 0, 1, 0, 0, 1, 0, 1, 1, 1, 0, 1, 0, 1, 0, 0, 1, 0, 0, 1, 1, 0, 0, 0, 0, 1, 0, 1, 1, 0, 0, 1, 1, 0, 0, 1, 1, 1, 1, 0, 0, 1, 0, 0, 0, 0, 0, 1, 1, 0, 0, 1, 1, 0, 0, 0, 0, 0, 0, 1, 0, 1, 0, 1, 0, 1, 0, 1, 1, 0, 0, 0, 1, 0, 1, 1, 1, 1, 1, 0, 0, 0, 1, 0, 1, 0, 1, 1, 0, 0, 0, 1, 1, 0, 1, 0, 0, 1, 0, 1, 0, 1, 1, 0, 0, 1, 0, 1, 1, 0, 0, 1, 1, 1, 1, 1, 0, 1, 1, 1, 0, 1, 0, 1, 0, 0, 0, 1, 0, 0, 1, 0, 0, 1, 1, 0, 1, 0, 1, 1, 1, 0, 0, 0, 0, 1], "loss": 0.6754246122307248}}