{"val_results": {"acc": 0.688, "ece": {"ece": 0.11148782682418826, "refinement": 0.2000473867595819, "bins": {"1": {"acc": 0.0, "conf": 0.0}, "2": {"acc": 0.0, "conf": 0.0}, "3": {"acc": 0.0, "conf": 0.0}, "4": {"acc": 0.0, "conf": 0.0}, "5": {"acc": 0.0, "conf": 0.0}, "6": {"acc": 0.732, "conf": 0.5509999990463257}, "7": {"acc": 0.607, "conf": 0.6520000100135803}, "8": {"acc": 0.6, "conf": 0.7459999918937683}, "9": {"acc": 1.0, "conf": 0.8539999723434448}, "10": {"acc": 1.0, "conf": 0.9110000133514404}}}, "entropy": {"mean": 0.8980000019073486, "var": 0.017000000923871994}, "var_ratio": {"mean": 0.3479999899864197, "var": 0.009999999776482582}, "std": {"mean": 0.15199999511241913, "var": 0.009999999776482582}, "nll": {"mean": 0.6159999966621399, "var": 0.1080000028014183}, "brier": {"mean": 0.2150000035762787, "var": 0.023000000044703484}, "margin": {"mean": 0.30399999022483826, "var": 0.03999999910593033}, "bert_output": null, "gold_labels": [0, 0, 1, 0, 0, 1, 1, 0, 0, 0, 0, 1, 0, 1, 0, 0, 0, 0, 0, 1, 1, 0, 0, 0, 1, 1, 1, 0, 0, 1, 0, 1, 0, 0, 1, 1, 0, 1, 1, 1, 1, 1, 0, 0, 0, 1, 0, 0, 0, 0, 0, 1, 0, 0, 1, 1, 1, 0, 1, 1, 0, 1, 0, 1, 0, 0, 0, 1, 0, 1, 1, 1, 1, 0, 1, 1, 0, 0, 0, 1, 1, 0, 1, 1, 0, 0, 1, 1, 0, 0, 1, 1, 1, 0, 1, 0, 0, 1, 1, 1, 1, 1, 1, 1, 1, 1, 0, 1, 0, 0, 1, 0, 0, 0, 1, 1, 1, 0, 0, 0, 1, 1, 0, 0, 1]}, "test_results": {"acc": 0.6209386281588448, "ece": {"ece": 0.032308312314512075, "refinement": 0.22705653372152482, "bins": {"1": {"acc": 0.0, "conf": 0.0}, "2": {"acc": 0.0, "conf": 0.0}, "3": {"acc": 0.0, "conf": 0.0}, "4": {"acc": 0.0, "conf": 0.0}, "5": {"acc": 0.0, "conf": 0.0}, "6": {"acc": 0.506, "conf": 0.5529999732971191}, "7": {"acc": 0.635, "conf": 0.6539999842643738}, "8": {"acc": 0.778, "conf": 0.7509999871253967}, "9": {"acc": 0.773, "conf": 0.8429999947547913}, "10": {"acc": 1.0, "conf": 0.9070000052452087}}}, "entropy": {"mean": 0.9100000262260437, "var": 0.012000000104308128}, "var_ratio": {"mean": 0.35199999809265137, "var": 0.00800000037997961}, "std": {"mean": 0.14800000190734863, "var": 0.00800000037997961}, "nll": {"mean": 0.6499999761581421, "var": 0.12300000339746475}, "brier": {"mean": 0.2290000021457672, "var": 0.024000000208616257}, "margin": {"mean": 0.296999990940094, "var": 0.03099999949336052}, "bert_output": null, "gold_labels": [1, 0, 1, 1, 0, 0, 0, 0, 0, 0, 0, 1, 1, 0, 0, 1, 1, 0, 0, 1, 0, 0, 0, 0, 1, 1, 1, 0, 1, 1, 1, 0, 1, 1, 0, 1, 1, 0, 1, 1, 0, 1, 0, 0, 0, 1, 0, 1, 1, 1, 1, 0, 1, 0, 0, 1, 0, 1, 1, 0, 0, 1, 1, 0, 1, 1, 0, 0, 0, 0, 0, 0, 1, 0, 0, 1, 0, 1, 1, 0, 1, 0, 1, 1, 1, 0, 0, 1, 0, 1, 0, 1, 0, 0, 1, 1, 1, 0, 0, 0, 0, 0, 0, 0, 0, 0, 0, 1, 0, 0, 0, 0, 0, 1, 1, 0, 0, 1, 1, 1, 1, 1, 1, 0, 1, 1, 1, 1, 0, 0, 1, 0, 0, 1, 0, 0, 1, 0, 1, 1, 1, 0, 1, 0, 1, 0, 0, 1, 0, 0, 1, 1, 0, 0, 0, 0, 1, 0, 1, 1, 0, 0, 1, 1, 0, 0, 1, 1, 1, 1, 0, 0, 1, 0, 0, 0, 0, 0, 1, 1, 0, 0, 1, 1, 0, 0, 0, 0, 0, 0, 1, 0, 1, 0, 1, 0, 1, 0, 1, 1, 0, 0, 0, 1, 0, 1, 1, 1, 1, 1, 0, 0, 0, 1, 0, 1, 0, 1, 1, 0, 0, 0, 1, 1, 0, 1, 0, 0, 1, 0, 1, 0, 1, 1, 0, 0, 1, 0, 1, 1, 0, 0, 1, 1, 1, 1, 1, 0, 1, 1, 1, 0, 1, 0, 1, 0, 0, 0, 1, 0, 0, 1, 0, 0, 1, 1, 0, 1, 0, 1, 1, 1, 0, 0, 0, 0, 1]}}