{"val_results": {"acc": 0.6984746461453896, "f1": 0.543996009809219, "acc_and_f1": 0.6212353279773043, "ece": {"ece": 0.029366521984727854, "refinement": 0.18480979615853863, "bins": {"1": {"acc": 0.0, "conf": 0.0}, "2": {"acc": 0.0, "conf": 0.0}, "3": {"acc": 0.0, "conf": 0.0}, "4": {"acc": 0.0, "conf": 0.0}, "5": {"acc": 0.0, "conf": 0.0}, "6": {"acc": 0.566, "conf": 0.5450000166893005}, "7": {"acc": 0.604, "conf": 0.6460000276565552}, "8": {"acc": 0.696, "conf": 0.7509999871253967}, "9": {"acc": 0.84, "conf": 0.8569999933242798}, "10": {"acc": 0.966, "conf": 0.9290000200271606}}}, "entropy": {"mean": 0.7910000085830688, "var": 0.06300000101327896}, "var_ratio": {"mean": 0.3070000112056732, "var": 0.026000000536441803}, "std": {"mean": 0.19300000369548798, "var": 0.026000000536441803}, "nll": {"mean": 0.5379999876022339, "var": 0.17800000309944153}, "brier": {"mean": 0.18400000035762787, "var": 0.028999999165534973}, "margin": {"mean": 0.3869999945163727, "var": 0.10400000214576721}, "temperature": 1.1252394914627075}, "test_results": {"acc": 0.7004699480583725, "f1": 0.5471204188481675, "acc_and_f1": 0.62379518345327, "ece": {"ece": 0.033021269896052266, "refinement": 0.1852048164504351, "bins": {"1": {"acc": 0.0, "conf": 0.0}, "2": {"acc": 0.0, "conf": 0.0}, "3": {"acc": 0.0, "conf": 0.0}, "4": {"acc": 0.0, "conf": 0.0}, "5": {"acc": 0.0, "conf": 0.0}, "6": {"acc": 0.573, "conf": 0.5440000295639038}, "7": {"acc": 0.616, "conf": 0.6470000147819519}, "8": {"acc": 0.695, "conf": 0.7509999871253967}, "9": {"acc": 0.832, "conf": 0.8560000061988831}, "10": {"acc": 0.969, "conf": 0.9290000200271606}}}, "entropy": {"mean": 0.7929999828338623, "var": 0.06300000101327896}, "var_ratio": {"mean": 0.30799999833106995, "var": 0.026000000536441803}, "std": {"mean": 0.19200000166893005, "var": 0.026000000536441803}, "nll": {"mean": 0.5389999747276306, "var": 0.17499999701976776}, "brier": {"mean": 0.1850000023841858, "var": 0.028999999165534973}, "margin": {"mean": 0.382999986410141, "var": 0.10300000011920929}, "temperature": 1.1252394914627075}}