{"val_results": {"acc": 0.552, "ece": {"ece": 0.02732492876052861, "refinement": 0.247296, "bins": {"1": {"acc": 0.0, "conf": 0.0}, "2": {"acc": 0.0, "conf": 0.0}, "3": {"acc": 0.0, "conf": 0.0}, "4": {"acc": 0.0, "conf": 0.0}, "5": {"acc": 0.0, "conf": 0.0}, "6": {"acc": 0.552, "conf": 0.5249999761581421}, "7": {"acc": 0.0, "conf": 0.0}, "8": {"acc": 0.0, "conf": 0.0}, "9": {"acc": 0.0, "conf": 0.0}, "10": {"acc": 0.0, "conf": 0.0}}}, "entropy": {"mean": 0.996999979019165, "var": 0.0}, "var_ratio": {"mean": 0.4749999940395355, "var": 0.0}, "std": {"mean": 0.02500000037252903, "var": 0.0}, "nll": {"mean": 0.6930000185966492, "var": 0.004000000189989805}, "brier": {"mean": 0.25, "var": 0.0010000000474974513}, "margin": {"mean": 0.04899999871850014, "var": 0.0020000000949949026}, "temperature": 1.5737131834030151}, "test_results": {"acc": 0.5812274368231047, "ece": {"ece": 0.05490304545805347, "refinement": 0.24340210350714853, "bins": {"1": {"acc": 0.0, "conf": 0.0}, "2": {"acc": 0.0, "conf": 0.0}, "3": {"acc": 0.0, "conf": 0.0}, "4": {"acc": 0.0, "conf": 0.0}, "5": {"acc": 0.0, "conf": 0.0}, "6": {"acc": 0.581, "conf": 0.5260000228881836}, "7": {"acc": 0.0, "conf": 0.0}, "8": {"acc": 0.0, "conf": 0.0}, "9": {"acc": 0.0, "conf": 0.0}, "10": {"acc": 0.0, "conf": 0.0}}}, "entropy": {"mean": 0.996999979019165, "var": 0.0}, "var_ratio": {"mean": 0.4740000069141388, "var": 0.0}, "std": {"mean": 0.026000000536441803, "var": 0.0}, "nll": {"mean": 0.6880000233650208, "var": 0.004000000189989805}, "brier": {"mean": 0.24699999392032623, "var": 0.0010000000474974513}, "margin": {"mean": 0.05299999937415123, "var": 0.0020000000949949026}, "temperature": 1.5737131834030151}}