{"val_results": {"acc": 0.656, "ece": {"ece": 0.09029194927215578, "refinement": 0.2057295238095238, "bins": {"1": {"acc": 0.0, "conf": 0.0}, "2": {"acc": 0.0, "conf": 0.0}, "3": {"acc": 0.0, "conf": 0.0}, "4": {"acc": 0.0, "conf": 0.0}, "5": {"acc": 0.0, "conf": 0.0}, "6": {"acc": 0.48, "conf": 0.5569999814033508}, "7": {"acc": 0.611, "conf": 0.6570000052452087}, "8": {"acc": 0.8, "conf": 0.7459999918937683}, "9": {"acc": 0.571, "conf": 0.8479999899864197}, "10": {"acc": 0.889, "conf": 0.9179999828338623}}}, "entropy": {"mean": 0.7879999876022339, "var": 0.04100000113248825}, "var_ratio": {"mean": 0.2759999930858612, "var": 0.01600000075995922}, "std": {"mean": 0.2240000069141388, "var": 0.01600000075995922}, "nll": {"mean": 0.6430000066757202, "var": 0.31700000166893005}, "brier": {"mean": 0.22200000286102295, "var": 0.050999999046325684}, "margin": {"mean": 0.4490000009536743, "var": 0.06199999898672104}, "bert_output": null, "gold_labels": [0, 0, 1, 0, 0, 1, 1, 0, 0, 0, 0, 1, 0, 1, 0, 0, 0, 0, 0, 1, 1, 0, 0, 0, 1, 1, 1, 0, 0, 1, 0, 1, 0, 0, 1, 1, 0, 1, 1, 1, 1, 1, 0, 0, 0, 1, 0, 0, 0, 0, 0, 1, 0, 0, 1, 1, 1, 0, 1, 1, 0, 1, 0, 1, 0, 0, 0, 1, 0, 1, 1, 1, 1, 0, 1, 1, 0, 0, 0, 1, 1, 0, 1, 1, 0, 0, 1, 1, 0, 0, 1, 1, 1, 0, 1, 0, 0, 1, 1, 1, 1, 1, 1, 1, 1, 1, 0, 1, 0, 0, 1, 0, 0, 0, 1, 1, 1, 0, 0, 0, 1, 1, 0, 0, 1]}, "test_results": {"acc": 0.6462093862815884, "ece": {"ece": 0.09156656480438011, "refinement": 0.2268389318828937, "bins": {"1": {"acc": 0.0, "conf": 0.0}, "2": {"acc": 0.0, "conf": 0.0}, "3": {"acc": 0.0, "conf": 0.0}, "4": {"acc": 0.0, "conf": 0.0}, "5": {"acc": 0.0, "conf": 0.0}, "6": {"acc": 0.562, "conf": 0.5479999780654907}, "7": {"acc": 0.631, "conf": 0.652999997138977}, "8": {"acc": 0.703, "conf": 0.7390000224113464}, "9": {"acc": 0.613, "conf": 0.8529999852180481}, "10": {"acc": 0.714, "conf": 0.9160000085830688}}}, "entropy": {"mean": 0.7860000133514404, "var": 0.035999998450279236}, "var_ratio": {"mean": 0.2709999978542328, "var": 0.014999999664723873}, "std": {"mean": 0.2290000021457672, "var": 0.014999999664723873}, "nll": {"mean": 0.7080000042915344, "var": 0.3840000033378601}, "brier": {"mean": 0.2460000067949295, "var": 0.061000000685453415}, "margin": {"mean": 0.45899999141693115, "var": 0.05900000035762787}, "bert_output": null, "gold_labels": [1, 0, 1, 1, 0, 0, 0, 0, 0, 0, 0, 1, 1, 0, 0, 1, 1, 0, 0, 1, 0, 0, 0, 0, 1, 1, 1, 0, 1, 1, 1, 0, 1, 1, 0, 1, 1, 0, 1, 1, 0, 1, 0, 0, 0, 1, 0, 1, 1, 1, 1, 0, 1, 0, 0, 1, 0, 1, 1, 0, 0, 1, 1, 0, 1, 1, 0, 0, 0, 0, 0, 0, 1, 0, 0, 1, 0, 1, 1, 0, 1, 0, 1, 1, 1, 0, 0, 1, 0, 1, 0, 1, 0, 0, 1, 1, 1, 0, 0, 0, 0, 0, 0, 0, 0, 0, 0, 1, 0, 0, 0, 0, 0, 1, 1, 0, 0, 1, 1, 1, 1, 1, 1, 0, 1, 1, 1, 1, 0, 0, 1, 0, 0, 1, 0, 0, 1, 0, 1, 1, 1, 0, 1, 0, 1, 0, 0, 1, 0, 0, 1, 1, 0, 0, 0, 0, 1, 0, 1, 1, 0, 0, 1, 1, 0, 0, 1, 1, 1, 1, 0, 0, 1, 0, 0, 0, 0, 0, 1, 1, 0, 0, 1, 1, 0, 0, 0, 0, 0, 0, 1, 0, 1, 0, 1, 0, 1, 0, 1, 1, 0, 0, 0, 1, 0, 1, 1, 1, 1, 1, 0, 0, 0, 1, 0, 1, 0, 1, 1, 0, 0, 0, 1, 1, 0, 1, 0, 0, 1, 0, 1, 0, 1, 1, 0, 0, 1, 0, 1, 1, 0, 0, 1, 1, 1, 1, 1, 0, 1, 1, 1, 0, 1, 0, 1, 0, 0, 0, 1, 0, 0, 1, 0, 0, 1, 1, 0, 1, 0, 1, 1, 1, 0, 0, 0, 0, 1]}}