{"val_results": {"acc": 0.949, "f1": 0.9490253727899682, "acc_and_f1": 0.9490126863949842, "ece": {"ece": 0.016997517123818393, "refinement": 0.04022312687585557, "bins": {"1": {"acc": 0.0, "conf": 0.0}, "2": {"acc": 0.0, "conf": 0.0}, "3": {"acc": 0.0, "conf": 0.296999990940094}, "4": {"acc": 0.0, "conf": 0.3630000054836273}, "5": {"acc": 0.619, "conf": 0.46799999475479126}, "6": {"acc": 0.598, "conf": 0.5550000071525574}, "7": {"acc": 0.538, "conf": 0.6499999761581421}, "8": {"acc": 0.752, "conf": 0.753000020980835}, "9": {"acc": 0.799, "conf": 0.8579999804496765}, "10": {"acc": 0.976, "conf": 0.9879999756813049}}}, "entropy": {"mean": 0.16300000250339508, "var": 0.07000000029802322}, "var_ratio": {"mean": 0.035999998450279236, "var": 0.00800000037997961}, "std": {"mean": 0.414000004529953, "var": 0.0020000000949949026}, "nll": {"mean": 0.1599999964237213, "var": 0.43799999356269836}, "brier": {"mean": 0.019999999552965164, "var": 0.007000000216066837}, "margin": {"mean": 0.9319999814033508, "var": 0.02800000086426735}, "temperature": 1.044585943222046}, "test_results": {"acc": 0.9460526315789474, "f1": 0.9460879309538737, "acc_and_f1": 0.9460702812664106, "ece": {"ece": 0.019216438575010583, "refinement": 0.04190727201852573, "bins": {"1": {"acc": 0.0, "conf": 0.0}, "2": {"acc": 0.0, "conf": 0.0}, "3": {"acc": 0.0, "conf": 0.0}, "4": {"acc": 0.4, "conf": 0.36800000071525574}, "5": {"acc": 0.273, "conf": 0.4729999899864197}, "6": {"acc": 0.62, "conf": 0.5440000295639038}, "7": {"acc": 0.615, "conf": 0.6520000100135803}, "8": {"acc": 0.576, "conf": 0.75}, "9": {"acc": 0.817, "conf": 0.8569999933242798}, "10": {"acc": 0.975, "conf": 0.9879999756813049}}}, "entropy": {"mean": 0.16599999368190765, "var": 0.0689999982714653}, "var_ratio": {"mean": 0.03700000047683716, "var": 0.00800000037997961}, "std": {"mean": 0.414000004529953, "var": 0.0020000000949949026}, "nll": {"mean": 0.17000000178813934, "var": 0.4729999899864197}, "brier": {"mean": 0.02199999988079071, "var": 0.007000000216066837}, "margin": {"mean": 0.9300000071525574, "var": 0.02800000086426735}, "temperature": 1.044585943222046}}