{"val_results": {"acc": 0.8160521491138725, "ece": {"ece": 0.004601600293254468, "refinement": 0.12170026490301489, "bins": {"1": {"acc": 0.0, "conf": 0.0}, "2": {"acc": 0.0, "conf": 0.0}, "3": {"acc": 0.0, "conf": 0.0}, "4": {"acc": 0.376, "conf": 0.3779999911785126}, "5": {"acc": 0.444, "conf": 0.460999995470047}, "6": {"acc": 0.545, "conf": 0.550000011920929}, "7": {"acc": 0.65, "conf": 0.6499999761581421}, "8": {"acc": 0.739, "conf": 0.7540000081062317}, "9": {"acc": 0.847, "conf": 0.8560000061988831}, "10": {"acc": 0.957, "conf": 0.9570000171661377}}}, "entropy": {"mean": 0.671999990940094, "var": 0.1899999976158142}, "var_ratio": {"mean": 0.18000000715255737, "var": 0.02800000086426735}, "std": {"mean": 0.3529999852180481, "var": 0.010999999940395355}, "nll": {"mean": 0.4659999907016754, "var": 0.5460000038146973}, "brier": {"mean": 0.08699999749660492, "var": 0.023000000044703484}, "margin": {"mean": 0.6850000023841858, "var": 0.0860000029206276}, "temperature": 1.1}, "test_result": {"acc": 0.8153846153846154, "ece": {"ece": 0.00339435448891888, "refinement": 0.12284598619120224, "bins": {"1": {"acc": 0.0, "conf": 0.0}, "2": {"acc": 0.0, "conf": 0.0}, "3": {"acc": 0.0, "conf": 0.0}, "4": {"acc": 0.346, "conf": 0.3790000081062317}, "5": {"acc": 0.46, "conf": 0.4620000123977661}, "6": {"acc": 0.547, "conf": 0.5490000247955322}, "7": {"acc": 0.65, "conf": 0.6510000228881836}, "8": {"acc": 0.738, "conf": 0.753000020980835}, "9": {"acc": 0.85, "conf": 0.8560000061988831}, "10": {"acc": 0.957, "conf": 0.9570000171661377}}}, "entropy": {"mean": 0.6769999861717224, "var": 0.19099999964237213}, "var_ratio": {"mean": 0.1809999942779541, "var": 0.02800000086426735}, "std": {"mean": 0.35199999809265137, "var": 0.010999999940395355}, "nll": {"mean": 0.47099998593330383, "var": 0.5609999895095825}, "brier": {"mean": 0.08799999952316284, "var": 0.023000000044703484}, "margin": {"mean": 0.6819999814033508, "var": 0.0860000029206276}, "temperature": 1.1}}