{"val_results": {"acc": 0.9005084512848701, "f1": 0.8656572404067394, "acc_and_f1": 0.8830828458458048, "ece": {"ece": 0.006249678583775476, "refinement": 0.07267254116659447, "bins": {"1": {"acc": 0.0, "conf": 0.0}, "2": {"acc": 0.0, "conf": 0.0}, "3": {"acc": 0.0, "conf": 0.0}, "4": {"acc": 0.0, "conf": 0.0}, "5": {"acc": 0.0, "conf": 0.0}, "6": {"acc": 0.525, "conf": 0.5509999990463257}, "7": {"acc": 0.637, "conf": 0.6520000100135803}, "8": {"acc": 0.736, "conf": 0.7549999952316284}, "9": {"acc": 0.848, "conf": 0.8550000190734863}, "10": {"acc": 0.978, "conf": 0.9760000109672546}}}, "entropy": {"mean": 0.33899998664855957, "var": 0.10700000077486038}, "var_ratio": {"mean": 0.09600000083446503, "var": 0.01600000075995922}, "std": {"mean": 0.40400001406669617, "var": 0.01600000075995922}, "nll": {"mean": 0.23399999737739563, "var": 0.26600000262260437}, "brier": {"mean": 0.07199999690055847, "var": 0.03200000151991844}, "margin": {"mean": 0.8069999814033508, "var": 0.06300000101327896}, "temperature": 1.19}, "test_result": {"acc": 0.8996537224833044, "f1": 0.8641644624501958, "acc_and_f1": 0.8819090924667501, "ece": {"ece": 0.0046582866844316045, "refinement": 0.07353630648676611, "bins": {"1": {"acc": 0.0, "conf": 0.0}, "2": {"acc": 0.0, "conf": 0.0}, "3": {"acc": 0.0, "conf": 0.0}, "4": {"acc": 0.0, "conf": 0.0}, "5": {"acc": 0.0, "conf": 0.0}, "6": {"acc": 0.544, "conf": 0.550000011920929}, "7": {"acc": 0.64, "conf": 0.6520000100135803}, "8": {"acc": 0.727, "conf": 0.753000020980835}, "9": {"acc": 0.852, "conf": 0.8539999723434448}, "10": {"acc": 0.978, "conf": 0.9760000109672546}}}, "entropy": {"mean": 0.34299999475479126, "var": 0.10899999737739563}, "var_ratio": {"mean": 0.09799999743700027, "var": 0.01600000075995922}, "std": {"mean": 0.4020000100135803, "var": 0.01600000075995922}, "nll": {"mean": 0.23600000143051147, "var": 0.26600000262260437}, "brier": {"mean": 0.0729999989271164, "var": 0.03200000151991844}, "margin": {"mean": 0.8040000200271606, "var": 0.06499999761581421}, "temperature": 1.19}}