{"val_results": {"acc": 0.8877434135166093, "ece": {"ece": 0.006995720472350369, "refinement": 0.08535842934212917, "bins": {"1": {"acc": 0.0, "conf": 0.0}, "2": {"acc": 0.0, "conf": 0.0}, "3": {"acc": 0.0, "conf": 0.0}, "4": {"acc": 0.0, "conf": 0.0}, "5": {"acc": 0.0, "conf": 0.0}, "6": {"acc": 0.573, "conf": 0.5509999990463257}, "7": {"acc": 0.672, "conf": 0.6510000228881836}, "8": {"acc": 0.742, "conf": 0.7549999952316284}, "9": {"acc": 0.839, "conf": 0.8579999804496765}, "10": {"acc": 0.963, "conf": 0.9620000123977661}}}, "entropy": {"mean": 0.4059999883174896, "var": 0.08399999886751175}, "var_ratio": {"mean": 0.1120000034570694, "var": 0.01600000075995922}, "std": {"mean": 0.3880000114440918, "var": 0.01600000075995922}, "nll": {"mean": 0.28299999237060547, "var": 0.3400000035762787}, "brier": {"mean": 0.08500000089406967, "var": 0.039000000804662704}, "margin": {"mean": 0.7770000100135803, "var": 0.06300000101327896}, "temperature": 0.99}, "test_result": {"acc": 0.9055464030752334, "ece": {"ece": 0.016995678339907026, "refinement": 0.07054580600728977, "bins": {"1": {"acc": 0.0, "conf": 0.0}, "2": {"acc": 0.0, "conf": 0.0}, "3": {"acc": 0.0, "conf": 0.0}, "4": {"acc": 0.0, "conf": 0.0}, "5": {"acc": 0.0, "conf": 0.0}, "6": {"acc": 0.555, "conf": 0.5509999990463257}, "7": {"acc": 0.687, "conf": 0.6480000019073486}, "8": {"acc": 0.809, "conf": 0.753000020980835}, "9": {"acc": 0.867, "conf": 0.8579999804496765}, "10": {"acc": 0.976, "conf": 0.9620000123977661}}}, "entropy": {"mean": 0.4020000100135803, "var": 0.0860000029206276}, "var_ratio": {"mean": 0.11100000143051147, "var": 0.017000000923871994}, "std": {"mean": 0.3889999985694885, "var": 0.017000000923871994}, "nll": {"mean": 0.23999999463558197, "var": 0.24699999392032623}, "brier": {"mean": 0.07000000029802322, "var": 0.029999999329447746}, "margin": {"mean": 0.7770000100135803, "var": 0.06599999964237213}, "temperature": 0.99}}