{"val_results": {"acc": 0.9112, "f1": 0.9111521785485819, "acc_and_f1": 0.911176089274291, "ece": {"ece": 0.026904353880882245, "refinement": 0.06759418046895223, "bins": {"1": {"acc": 0.0, "conf": 0.0}, "2": {"acc": 0.0, "conf": 0.0}, "3": {"acc": 0.0, "conf": 0.0}, "4": {"acc": 0.0, "conf": 0.0}, "5": {"acc": 0.0, "conf": 0.0}, "6": {"acc": 0.531, "conf": 0.5440000295639038}, "7": {"acc": 0.615, "conf": 0.656000018119812}, "8": {"acc": 0.699, "conf": 0.7519999742507935}, "9": {"acc": 0.803, "conf": 0.8539999723434448}, "10": {"acc": 0.963, "conf": 0.9860000014305115}}}, "entropy": {"mean": 0.22100000083446503, "var": 0.09000000357627869}, "var_ratio": {"mean": 0.06199999898672104, "var": 0.013000000268220901}, "std": {"mean": 0.43799999356269836, "var": 0.013000000268220901}, "nll": {"mean": 0.2409999966621399, "var": 0.5730000138282776}, "brier": {"mean": 0.06700000166893005, "var": 0.039000000804662704}, "margin": {"mean": 0.8759999871253967, "var": 0.050999999046325684}, "temperature": 0.6572271585464478}, "test_results": {"acc": 0.913, "f1": 0.9129424098022245, "acc_and_f1": 0.9129712049011123, "ece": {"ece": 0.024406149127483318, "refinement": 0.0646861982639349, "bins": {"1": {"acc": 0.0, "conf": 0.0}, "2": {"acc": 0.0, "conf": 0.0}, "3": {"acc": 0.0, "conf": 0.0}, "4": {"acc": 0.0, "conf": 0.0}, "5": {"acc": 0.0, "conf": 0.0}, "6": {"acc": 0.533, "conf": 0.5479999780654907}, "7": {"acc": 0.595, "conf": 0.6510000228881836}, "8": {"acc": 0.69, "conf": 0.7519999742507935}, "9": {"acc": 0.791, "conf": 0.8550000190734863}, "10": {"acc": 0.968, "conf": 0.9860000014305115}}}, "entropy": {"mean": 0.22300000488758087, "var": 0.09000000357627869}, "var_ratio": {"mean": 0.06300000101327896, "var": 0.013000000268220901}, "std": {"mean": 0.43700000643730164, "var": 0.013000000268220901}, "nll": {"mean": 0.22100000083446503, "var": 0.4480000138282776}, "brier": {"mean": 0.06499999761581421, "var": 0.035999998450279236}, "margin": {"mean": 0.875, "var": 0.052000001072883606}, "temperature": 0.6572271585464478}}