{"val_results": {"acc": 0.9451666666666667, "f1": 0.9452699288543066, "acc_and_f1": 0.9452182977604866, "ece": {"ece": 0.01871053311228753, "refinement": 0.04185165942553113, "bins": {"1": {"acc": 0.0, "conf": 0.0}, "2": {"acc": 0.0, "conf": 0.0}, "3": {"acc": 0.0, "conf": 0.0}, "4": {"acc": 1.0, "conf": 0.38600000739097595}, "5": {"acc": 0.286, "conf": 0.4690000116825104}, "6": {"acc": 0.475, "conf": 0.5479999780654907}, "7": {"acc": 0.578, "conf": 0.6510000228881836}, "8": {"acc": 0.706, "conf": 0.7549999952316284}, "9": {"acc": 0.808, "conf": 0.8569999933242798}, "10": {"acc": 0.976, "conf": 0.9890000224113464}}}, "entropy": {"mean": 0.15399999916553497, "var": 0.07000000029802322}, "var_ratio": {"mean": 0.035999998450279236, "var": 0.00800000037997961}, "std": {"mean": 0.41499999165534973, "var": 0.0020000000949949026}, "nll": {"mean": 0.1679999977350235, "var": 0.4959999918937683}, "brier": {"mean": 0.020999999716877937, "var": 0.007000000216066837}, "margin": {"mean": 0.9300000071525574, "var": 0.028999999165534973}, "temperature": 0.9332330226898193}, "test_results": {"acc": 0.9448684210526316, "f1": 0.9449420689100764, "acc_and_f1": 0.944905244981354, "ece": {"ece": 0.02027812013892752, "refinement": 0.04324467640219144, "bins": {"1": {"acc": 0.0, "conf": 0.0}, "2": {"acc": 0.0, "conf": 0.0}, "3": {"acc": 0.0, "conf": 0.0}, "4": {"acc": 0.5, "conf": 0.3610000014305115}, "5": {"acc": 0.467, "conf": 0.4740000069141388}, "6": {"acc": 0.592, "conf": 0.5490000247955322}, "7": {"acc": 0.605, "conf": 0.6549999713897705}, "8": {"acc": 0.632, "conf": 0.75}, "9": {"acc": 0.78, "conf": 0.8550000190734863}, "10": {"acc": 0.975, "conf": 0.9890000224113464}}}, "entropy": {"mean": 0.15299999713897705, "var": 0.06800000369548798}, "var_ratio": {"mean": 0.035999998450279236, "var": 0.007000000216066837}, "std": {"mean": 0.41499999165534973, "var": 0.0020000000949949026}, "nll": {"mean": 0.18000000715255737, "var": 0.5860000252723694}, "brier": {"mean": 0.02199999988079071, "var": 0.007000000216066837}, "margin": {"mean": 0.9309999942779541, "var": 0.02800000086426735}, "temperature": 0.9332330226898193}}