{"val_results": {"acc": 0.64, "ece": {"ece": 0.06698981714248654, "refinement": 0.21748667113302392, "bins": {"1": {"acc": 0.0, "conf": 0.0}, "2": {"acc": 0.0, "conf": 0.0}, "3": {"acc": 0.0, "conf": 0.0}, "4": {"acc": 0.0, "conf": 0.0}, "5": {"acc": 0.0, "conf": 0.0}, "6": {"acc": 0.545, "conf": 0.5509999990463257}, "7": {"acc": 0.677, "conf": 0.6579999923706055}, "8": {"acc": 0.581, "conf": 0.7390000224113464}, "9": {"acc": 0.882, "conf": 0.8399999737739563}, "10": {"acc": 1.0, "conf": 0.925000011920929}}}, "entropy": {"mean": 0.8629999756813049, "var": 0.01600000075995922}, "var_ratio": {"mean": 0.3149999976158142, "var": 0.009999999776482582}, "std": {"mean": 0.1850000023841858, "var": 0.009999999776482582}, "nll": {"mean": 0.6439999938011169, "var": 0.17399999499320984}, "brier": {"mean": 0.22699999809265137, "var": 0.03500000014901161}, "margin": {"mean": 0.36899998784065247, "var": 0.04100000113248825}, "bert_output": null, "gold_labels": [0, 0, 1, 0, 0, 1, 1, 0, 0, 0, 0, 1, 0, 1, 0, 0, 0, 0, 0, 1, 1, 0, 0, 0, 1, 1, 1, 0, 0, 1, 0, 1, 0, 0, 1, 1, 0, 1, 1, 1, 1, 1, 0, 0, 0, 1, 0, 0, 0, 0, 0, 1, 0, 0, 1, 1, 1, 0, 1, 1, 0, 1, 0, 1, 0, 0, 0, 1, 0, 1, 1, 1, 1, 0, 1, 1, 0, 0, 0, 1, 1, 0, 1, 1, 0, 0, 1, 1, 0, 0, 1, 1, 1, 0, 1, 0, 0, 1, 1, 1, 1, 1, 1, 1, 1, 1, 0, 1, 0, 0, 1, 0, 0, 0, 1, 1, 1, 0, 0, 0, 1, 1, 0, 0, 1]}, "test_results": {"acc": 0.6353790613718412, "ece": {"ece": 0.04653791636766509, "refinement": 0.2228134600469688, "bins": {"1": {"acc": 0.0, "conf": 0.0}, "2": {"acc": 0.0, "conf": 0.0}, "3": {"acc": 0.0, "conf": 0.0}, "4": {"acc": 0.0, "conf": 0.0}, "5": {"acc": 0.0, "conf": 0.0}, "6": {"acc": 0.525, "conf": 0.5519999861717224}, "7": {"acc": 0.6, "conf": 0.652999997138977}, "8": {"acc": 0.726, "conf": 0.7509999871253967}, "9": {"acc": 0.732, "conf": 0.8389999866485596}, "10": {"acc": 1.0, "conf": 0.9190000295639038}}}, "entropy": {"mean": 0.8650000095367432, "var": 0.017999999225139618}, "var_ratio": {"mean": 0.3199999928474426, "var": 0.010999999940395355}, "std": {"mean": 0.18000000715255737, "var": 0.010999999940395355}, "nll": {"mean": 0.6449999809265137, "var": 0.1809999942779541}, "brier": {"mean": 0.22599999606609344, "var": 0.03500000014901161}, "margin": {"mean": 0.36000001430511475, "var": 0.04500000178813934}, "bert_output": null, "gold_labels": [1, 0, 1, 1, 0, 0, 0, 0, 0, 0, 0, 1, 1, 0, 0, 1, 1, 0, 0, 1, 0, 0, 0, 0, 1, 1, 1, 0, 1, 1, 1, 0, 1, 1, 0, 1, 1, 0, 1, 1, 0, 1, 0, 0, 0, 1, 0, 1, 1, 1, 1, 0, 1, 0, 0, 1, 0, 1, 1, 0, 0, 1, 1, 0, 1, 1, 0, 0, 0, 0, 0, 0, 1, 0, 0, 1, 0, 1, 1, 0, 1, 0, 1, 1, 1, 0, 0, 1, 0, 1, 0, 1, 0, 0, 1, 1, 1, 0, 0, 0, 0, 0, 0, 0, 0, 0, 0, 1, 0, 0, 0, 0, 0, 1, 1, 0, 0, 1, 1, 1, 1, 1, 1, 0, 1, 1, 1, 1, 0, 0, 1, 0, 0, 1, 0, 0, 1, 0, 1, 1, 1, 0, 1, 0, 1, 0, 0, 1, 0, 0, 1, 1, 0, 0, 0, 0, 1, 0, 1, 1, 0, 0, 1, 1, 0, 0, 1, 1, 1, 1, 0, 0, 1, 0, 0, 0, 0, 0, 1, 1, 0, 0, 1, 1, 0, 0, 0, 0, 0, 0, 1, 0, 1, 0, 1, 0, 1, 0, 1, 1, 0, 0, 0, 1, 0, 1, 1, 1, 1, 1, 0, 0, 0, 1, 0, 1, 0, 1, 1, 0, 0, 0, 1, 1, 0, 1, 0, 0, 1, 0, 1, 0, 1, 1, 0, 0, 1, 0, 1, 1, 0, 0, 1, 1, 1, 1, 1, 0, 1, 1, 1, 0, 1, 0, 1, 0, 0, 0, 1, 0, 0, 1, 0, 0, 1, 1, 0, 1, 0, 1, 1, 1, 0, 0, 0, 0, 1]}}