{"test_ood_results": {"acc": 0.8760045924225028, "f1": 0.8759455610064883, "acc_and_f1": 0.8759750767144956, "ece": {"ece": 0.045941416144234186, "refinement": 0.08972168379410228, "bins": {"1": {"acc": 0.0, "conf": 0.0}, "2": {"acc": 0.0, "conf": 0.0}, "3": {"acc": 0.0, "conf": 0.0}, "4": {"acc": 0.0, "conf": 0.0}, "5": {"acc": 0.0, "conf": 0.0}, "6": {"acc": 0.436, "conf": 0.5540000200271606}, "7": {"acc": 0.605, "conf": 0.652999997138977}, "8": {"acc": 0.721, "conf": 0.75}, "9": {"acc": 0.766, "conf": 0.8569999933242798}, "10": {"acc": 0.948, "conf": 0.9860000014305115}}}, "entropy": {"mean": 0.26600000262260437, "var": 0.1080000028014183}, "var_ratio": {"mean": 0.07800000160932541, "var": 0.01600000075995922}, "std": {"mean": 0.421999990940094, "var": 0.01600000075995922}, "nll": {"mean": 0.33500000834465027, "var": 0.8859999775886536}, "brier": {"mean": 0.09099999815225601, "var": 0.050999999046325684}, "margin": {"mean": 0.843999981880188, "var": 0.06300000101327896}, "temperature": 0.26669538021087646}}