{"test_ood_results": {"acc": 0.5423759838916347, "ece": {"ece": 0.020186629778470744, "refinement": 0.2480410880380903, "bins": {"1": {"acc": 0.0, "conf": 0.0}, "2": {"acc": 0.0, "conf": 0.0}, "3": {"acc": 0.0, "conf": 0.0}, "4": {"acc": 0.0, "conf": 0.0}, "5": {"acc": 0.0, "conf": 0.0}, "6": {"acc": 0.545, "conf": 0.527999997138977}, "7": {"acc": 0.468, "conf": 0.6150000095367432}, "8": {"acc": 0.0, "conf": 0.0}, "9": {"acc": 0.0, "conf": 0.0}, "10": {"acc": 0.0, "conf": 0.0}}}, "entropy": {"mean": 0.9950000047683716, "var": 0.0}, "var_ratio": {"mean": 0.4690000116825104, "var": 0.0010000000474974513}, "std": {"mean": 0.03099999949336052, "var": 0.0010000000474974513}, "nll": {"mean": 0.6899999976158142, "var": 0.007000000216066837}, "brier": {"mean": 0.24799999594688416, "var": 0.0020000000949949026}, "margin": {"mean": 0.061000000685453415, "var": 0.003000000026077032}, "temperature": 1.5}}