{"test_ood_results": {"acc": 0.8817451205510907, "f1": 0.8816945947407219, "acc_and_f1": 0.8817198576459062, "ece": {"ece": 0.06646212541961234, "refinement": 0.08839272467204884, "bins": {"1": {"acc": 0.0, "conf": 0.0}, "2": {"acc": 0.0, "conf": 0.0}, "3": {"acc": 0.0, "conf": 0.0}, "4": {"acc": 0.0, "conf": 0.0}, "5": {"acc": 0.0, "conf": 0.0}, "6": {"acc": 0.526, "conf": 0.5509999990463257}, "7": {"acc": 0.517, "conf": 0.6460000276565552}, "8": {"acc": 0.556, "conf": 0.7570000290870667}, "9": {"acc": 0.755, "conf": 0.8510000109672546}, "10": {"acc": 0.934, "conf": 0.9890000224113464}}}, "entropy": {"mean": 0.18400000035762787, "var": 0.08500000089406967}, "var_ratio": {"mean": 0.052000001072883606, "var": 0.010999999940395355}, "std": {"mean": 0.4480000138282776, "var": 0.010999999940395355}, "nll": {"mean": 0.3930000066757202, "var": 1.5640000104904175}, "brier": {"mean": 0.09300000220537186, "var": 0.061000000685453415}, "margin": {"mean": 0.8960000276565552, "var": 0.0430000014603138}, "temperature": 0.6555450558662415}}