{"val_results": {"acc": 0.704, "ece": {"ece": 0.03613712692260742, "refinement": 0.19451408090117767, "bins": {"1": {"acc": 0.0, "conf": 0.0}, "2": {"acc": 0.0, "conf": 0.0}, "3": {"acc": 0.0, "conf": 0.0}, "4": {"acc": 0.0, "conf": 0.0}, "5": {"acc": 0.0, "conf": 0.0}, "6": {"acc": 0.581, "conf": 0.5479999780654907}, "7": {"acc": 0.611, "conf": 0.6470000147819519}, "8": {"acc": 0.806, "conf": 0.7549999952316284}, "9": {"acc": 0.857, "conf": 0.8429999947547913}, "10": {"acc": 1.0, "conf": 0.902999997138977}}}, "entropy": {"mean": 0.8529999852180481, "var": 0.01899999938905239}, "var_ratio": {"mean": 0.3109999895095825, "var": 0.012000000104308128}, "std": {"mean": 0.1889999955892563, "var": 0.012000000104308128}, "nll": {"mean": 0.5799999833106995, "var": 0.164000004529953}, "brier": {"mean": 0.1979999989271164, "var": 0.03099999949336052}, "margin": {"mean": 0.37700000405311584, "var": 0.04800000041723251}, "bert_output": null, "gold_labels": [0, 0, 1, 0, 0, 1, 1, 0, 0, 0, 0, 1, 0, 1, 0, 0, 0, 0, 0, 1, 1, 0, 0, 0, 1, 1, 1, 0, 0, 1, 0, 1, 0, 0, 1, 1, 0, 1, 1, 1, 1, 1, 0, 0, 0, 1, 0, 0, 0, 0, 0, 1, 0, 0, 1, 1, 1, 0, 1, 1, 0, 1, 0, 1, 0, 0, 0, 1, 0, 1, 1, 1, 1, 0, 1, 1, 0, 0, 0, 1, 1, 0, 1, 1, 0, 0, 1, 1, 0, 0, 1, 1, 1, 0, 1, 0, 0, 1, 1, 1, 1, 1, 1, 1, 1, 1, 0, 1, 0, 0, 1, 0, 0, 0, 1, 1, 1, 0, 0, 0, 1, 1, 0, 0, 1], "loss": 0.5975510968797255}, "test_results": {"acc": 0.6570397111913358, "ece": {"ece": 0.03801948563716902, "refinement": 0.21732713339400492, "bins": {"1": {"acc": 0.0, "conf": 0.0}, "2": {"acc": 0.0, "conf": 0.0}, "3": {"acc": 0.0, "conf": 0.0}, "4": {"acc": 0.0, "conf": 0.0}, "5": {"acc": 0.0, "conf": 0.0}, "6": {"acc": 0.541, "conf": 0.5529999732971191}, "7": {"acc": 0.578, "conf": 0.6460000276565552}, "8": {"acc": 0.75, "conf": 0.7459999918937683}, "9": {"acc": 0.756, "conf": 0.8410000205039978}, "10": {"acc": 0.0, "conf": 0.0}}}, "entropy": {"mean": 0.859000027179718, "var": 0.01600000075995922}, "var_ratio": {"mean": 0.3109999895095825, "var": 0.009999999776482582}, "std": {"mean": 0.1889999955892563, "var": 0.009999999776482582}, "nll": {"mean": 0.6330000162124634, "var": 0.19200000166893005}, "brier": {"mean": 0.2199999988079071, "var": 0.03700000047683716}, "margin": {"mean": 0.3779999911785126, "var": 0.04100000113248825}, "bert_output": null, "gold_labels": [1, 0, 1, 1, 0, 0, 0, 0, 0, 0, 0, 1, 1, 0, 0, 1, 1, 0, 0, 1, 0, 0, 0, 0, 1, 1, 1, 0, 1, 1, 1, 0, 1, 1, 0, 1, 1, 0, 1, 1, 0, 1, 0, 0, 0, 1, 0, 1, 1, 1, 1, 0, 1, 0, 0, 1, 0, 1, 1, 0, 0, 1, 1, 0, 1, 1, 0, 0, 0, 0, 0, 0, 1, 0, 0, 1, 0, 1, 1, 0, 1, 0, 1, 1, 1, 0, 0, 1, 0, 1, 0, 1, 0, 0, 1, 1, 1, 0, 0, 0, 0, 0, 0, 0, 0, 0, 0, 1, 0, 0, 0, 0, 0, 1, 1, 0, 0, 1, 1, 1, 1, 1, 1, 0, 1, 1, 1, 1, 0, 0, 1, 0, 0, 1, 0, 0, 1, 0, 1, 1, 1, 0, 1, 0, 1, 0, 0, 1, 0, 0, 1, 1, 0, 0, 0, 0, 1, 0, 1, 1, 0, 0, 1, 1, 0, 0, 1, 1, 1, 1, 0, 0, 1, 0, 0, 0, 0, 0, 1, 1, 0, 0, 1, 1, 0, 0, 0, 0, 0, 0, 1, 0, 1, 0, 1, 0, 1, 0, 1, 1, 0, 0, 0, 1, 0, 1, 1, 1, 1, 1, 0, 0, 0, 1, 0, 1, 0, 1, 1, 0, 0, 0, 1, 1, 0, 1, 0, 0, 1, 0, 1, 0, 1, 1, 0, 0, 1, 0, 1, 1, 0, 0, 1, 1, 1, 1, 1, 0, 1, 1, 1, 0, 1, 0, 1, 0, 0, 0, 1, 0, 0, 1, 0, 0, 1, 1, 0, 1, 0, 1, 1, 1, 0, 0, 0, 0, 1], "loss": 0.650215871868094}}