{"val_results": {"acc": 0.632, "ece": {"ece": 0.13671720266342163, "refinement": 0.19423592244281898, "bins": {"1": {"acc": 0.0, "conf": 0.0}, "2": {"acc": 0.0, "conf": 0.0}, "3": {"acc": 0.0, "conf": 0.0}, "4": {"acc": 0.0, "conf": 0.0}, "5": {"acc": 0.0, "conf": 0.0}, "6": {"acc": 0.4, "conf": 0.5450000166893005}, "7": {"acc": 0.593, "conf": 0.6480000019073486}, "8": {"acc": 0.568, "conf": 0.753000020980835}, "9": {"acc": 0.966, "conf": 0.8330000042915344}, "10": {"acc": 0.0, "conf": 0.0}}}, "entropy": {"mean": 0.8330000042915344, "var": 0.017000000923871994}, "var_ratio": {"mean": 0.2930000126361847, "var": 0.010999999940395355}, "std": {"mean": 0.2070000022649765, "var": 0.010999999940395355}, "nll": {"mean": 0.6179999709129333, "var": 0.19699999690055847}, "brier": {"mean": 0.2160000056028366, "var": 0.039000000804662704}, "margin": {"mean": 0.41499999165534973, "var": 0.04500000178813934}, "bert_output": null, "gold_labels": [0, 0, 1, 0, 0, 1, 1, 0, 0, 0, 0, 1, 0, 1, 0, 0, 0, 0, 0, 1, 1, 0, 0, 0, 1, 1, 1, 0, 0, 1, 0, 1, 0, 0, 1, 1, 0, 1, 1, 1, 1, 1, 0, 0, 0, 1, 0, 0, 0, 0, 0, 1, 0, 0, 1, 1, 1, 0, 1, 1, 0, 1, 0, 1, 0, 0, 0, 1, 0, 1, 1, 1, 1, 0, 1, 1, 0, 0, 0, 1, 1, 0, 1, 1, 0, 0, 1, 1, 0, 0, 1, 1, 1, 0, 1, 0, 0, 1, 1, 1, 1, 1, 1, 1, 1, 1, 0, 1, 0, 0, 1, 0, 0, 0, 1, 1, 1, 0, 0, 0, 1, 1, 0, 0, 1]}, "test_results": {"acc": 0.6642599277978339, "ece": {"ece": 0.05849882368576655, "refinement": 0.21359078063436732, "bins": {"1": {"acc": 0.0, "conf": 0.0}, "2": {"acc": 0.0, "conf": 0.0}, "3": {"acc": 0.0, "conf": 0.0}, "4": {"acc": 0.0, "conf": 0.0}, "5": {"acc": 0.0, "conf": 0.0}, "6": {"acc": 0.59, "conf": 0.5529999732971191}, "7": {"acc": 0.633, "conf": 0.6460000276565552}, "8": {"acc": 0.613, "conf": 0.7480000257492065}, "9": {"acc": 0.841, "conf": 0.8330000042915344}, "10": {"acc": 0.0, "conf": 0.0}}}, "entropy": {"mean": 0.8399999737739563, "var": 0.017000000923871994}, "var_ratio": {"mean": 0.2980000078678131, "var": 0.010999999940395355}, "std": {"mean": 0.20200000703334808, "var": 0.010999999940395355}, "nll": {"mean": 0.6269999742507935, "var": 0.20600000023841858}, "brier": {"mean": 0.21799999475479126, "var": 0.03999999910593033}, "margin": {"mean": 0.4050000011920929, "var": 0.04399999976158142}, "bert_output": null, "gold_labels": [1, 0, 1, 1, 0, 0, 0, 0, 0, 0, 0, 1, 1, 0, 0, 1, 1, 0, 0, 1, 0, 0, 0, 0, 1, 1, 1, 0, 1, 1, 1, 0, 1, 1, 0, 1, 1, 0, 1, 1, 0, 1, 0, 0, 0, 1, 0, 1, 1, 1, 1, 0, 1, 0, 0, 1, 0, 1, 1, 0, 0, 1, 1, 0, 1, 1, 0, 0, 0, 0, 0, 0, 1, 0, 0, 1, 0, 1, 1, 0, 1, 0, 1, 1, 1, 0, 0, 1, 0, 1, 0, 1, 0, 0, 1, 1, 1, 0, 0, 0, 0, 0, 0, 0, 0, 0, 0, 1, 0, 0, 0, 0, 0, 1, 1, 0, 0, 1, 1, 1, 1, 1, 1, 0, 1, 1, 1, 1, 0, 0, 1, 0, 0, 1, 0, 0, 1, 0, 1, 1, 1, 0, 1, 0, 1, 0, 0, 1, 0, 0, 1, 1, 0, 0, 0, 0, 1, 0, 1, 1, 0, 0, 1, 1, 0, 0, 1, 1, 1, 1, 0, 0, 1, 0, 0, 0, 0, 0, 1, 1, 0, 0, 1, 1, 0, 0, 0, 0, 0, 0, 1, 0, 1, 0, 1, 0, 1, 0, 1, 1, 0, 0, 0, 1, 0, 1, 1, 1, 1, 1, 0, 0, 0, 1, 0, 1, 0, 1, 1, 0, 0, 0, 1, 1, 0, 1, 0, 0, 1, 0, 1, 0, 1, 1, 0, 0, 1, 0, 1, 1, 0, 0, 1, 1, 1, 1, 1, 0, 1, 1, 1, 0, 1, 0, 1, 0, 0, 0, 1, 0, 0, 1, 0, 0, 1, 1, 0, 1, 0, 1, 1, 1, 0, 0, 0, 0, 1]}}