{"val_results": {"acc": 0.648, "ece": {"ece": 0.10385200262069702, "refinement": 0.21291428571428575, "bins": {"1": {"acc": 0.0, "conf": 0.0}, "2": {"acc": 0.0, "conf": 0.0}, "3": {"acc": 0.0, "conf": 0.0}, "4": {"acc": 0.0, "conf": 0.0}, "5": {"acc": 0.0, "conf": 0.0}, "6": {"acc": 0.667, "conf": 0.5569999814033508}, "7": {"acc": 0.464, "conf": 0.6620000004768372}, "8": {"acc": 0.7, "conf": 0.7390000224113464}, "9": {"acc": 0.75, "conf": 0.8479999899864197}, "10": {"acc": 1.0, "conf": 0.9079999923706055}}}, "entropy": {"mean": 0.828000009059906, "var": 0.02199999988079071}, "var_ratio": {"mean": 0.28999999165534973, "var": 0.010999999940395355}, "std": {"mean": 0.20999999344348907, "var": 0.010999999940395355}, "nll": {"mean": 0.6439999938011169, "var": 0.23000000417232513}, "brier": {"mean": 0.22699999809265137, "var": 0.04399999976158142}, "margin": {"mean": 0.4189999997615814, "var": 0.04600000008940697}, "bert_output": null, "gold_labels": [0, 0, 1, 0, 0, 1, 1, 0, 0, 0, 0, 1, 0, 1, 0, 0, 0, 0, 0, 1, 1, 0, 0, 0, 1, 1, 1, 0, 0, 1, 0, 1, 0, 0, 1, 1, 0, 1, 1, 1, 1, 1, 0, 0, 0, 1, 0, 0, 0, 0, 0, 1, 0, 0, 1, 1, 1, 0, 1, 1, 0, 1, 0, 1, 0, 0, 0, 1, 0, 1, 1, 1, 1, 0, 1, 1, 0, 0, 0, 1, 1, 0, 1, 1, 0, 0, 1, 1, 0, 0, 1, 1, 1, 0, 1, 0, 0, 1, 1, 1, 1, 1, 1, 1, 1, 1, 0, 1, 0, 0, 1, 0, 0, 0, 1, 1, 1, 0, 0, 0, 1, 1, 0, 0, 1]}, "test_results": {"acc": 0.6425992779783394, "ece": {"ece": 0.058245043892292334, "refinement": 0.22375224348275516, "bins": {"1": {"acc": 0.0, "conf": 0.0}, "2": {"acc": 0.0, "conf": 0.0}, "3": {"acc": 0.0, "conf": 0.0}, "4": {"acc": 0.0, "conf": 0.0}, "5": {"acc": 0.0, "conf": 0.0}, "6": {"acc": 0.564, "conf": 0.546999990940094}, "7": {"acc": 0.602, "conf": 0.6549999713897705}, "8": {"acc": 0.677, "conf": 0.7480000257492065}, "9": {"acc": 0.75, "conf": 0.8420000076293945}, "10": {"acc": 1.0, "conf": 0.9110000133514404}}}, "entropy": {"mean": 0.8489999771118164, "var": 0.017000000923871994}, "var_ratio": {"mean": 0.30399999022483826, "var": 0.009999999776482582}, "std": {"mean": 0.19599999487400055, "var": 0.009999999776482582}, "nll": {"mean": 0.6480000019073486, "var": 0.20900000631809235}, "brier": {"mean": 0.22699999809265137, "var": 0.03999999910593033}, "margin": {"mean": 0.3930000066757202, "var": 0.04100000113248825}, "bert_output": null, "gold_labels": [1, 0, 1, 1, 0, 0, 0, 0, 0, 0, 0, 1, 1, 0, 0, 1, 1, 0, 0, 1, 0, 0, 0, 0, 1, 1, 1, 0, 1, 1, 1, 0, 1, 1, 0, 1, 1, 0, 1, 1, 0, 1, 0, 0, 0, 1, 0, 1, 1, 1, 1, 0, 1, 0, 0, 1, 0, 1, 1, 0, 0, 1, 1, 0, 1, 1, 0, 0, 0, 0, 0, 0, 1, 0, 0, 1, 0, 1, 1, 0, 1, 0, 1, 1, 1, 0, 0, 1, 0, 1, 0, 1, 0, 0, 1, 1, 1, 0, 0, 0, 0, 0, 0, 0, 0, 0, 0, 1, 0, 0, 0, 0, 0, 1, 1, 0, 0, 1, 1, 1, 1, 1, 1, 0, 1, 1, 1, 1, 0, 0, 1, 0, 0, 1, 0, 0, 1, 0, 1, 1, 1, 0, 1, 0, 1, 0, 0, 1, 0, 0, 1, 1, 0, 0, 0, 0, 1, 0, 1, 1, 0, 0, 1, 1, 0, 0, 1, 1, 1, 1, 0, 0, 1, 0, 0, 0, 0, 0, 1, 1, 0, 0, 1, 1, 0, 0, 0, 0, 0, 0, 1, 0, 1, 0, 1, 0, 1, 0, 1, 1, 0, 0, 0, 1, 0, 1, 1, 1, 1, 1, 0, 0, 0, 1, 0, 1, 0, 1, 1, 0, 0, 0, 1, 1, 0, 1, 0, 0, 1, 0, 1, 0, 1, 1, 0, 0, 1, 0, 1, 1, 0, 0, 1, 1, 1, 1, 1, 0, 1, 1, 1, 0, 1, 0, 1, 0, 0, 0, 1, 0, 0, 1, 0, 0, 1, 1, 0, 1, 0, 1, 1, 1, 0, 0, 0, 0, 1]}}