{"val_results": {"acc": 0.696, "ece": {"ece": 0.09536301422119141, "refinement": 0.20393897591769933, "bins": {"1": {"acc": 0.0, "conf": 0.0}, "2": {"acc": 0.0, "conf": 0.0}, "3": {"acc": 0.0, "conf": 0.0}, "4": {"acc": 0.0, "conf": 0.0}, "5": {"acc": 0.0, "conf": 0.0}, "6": {"acc": 0.679, "conf": 0.5519999861717224}, "7": {"acc": 0.625, "conf": 0.6539999842643738}, "8": {"acc": 0.617, "conf": 0.753000020980835}, "9": {"acc": 0.885, "conf": 0.8339999914169312}, "10": {"acc": 0.0, "conf": 0.0}}}, "entropy": {"mean": 0.8370000123977661, "var": 0.017000000923871994}, "var_ratio": {"mean": 0.2939999997615814, "var": 0.010999999940395355}, "std": {"mean": 0.20600000023841858, "var": 0.010999999940395355}, "nll": {"mean": 0.6129999756813049, "var": 0.19900000095367432}, "brier": {"mean": 0.21299999952316284, "var": 0.03999999910593033}, "margin": {"mean": 0.41100001335144043, "var": 0.0430000014603138}, "bert_output": null, "gold_labels": [0, 0, 1, 0, 0, 1, 1, 0, 0, 0, 0, 1, 0, 1, 0, 0, 0, 0, 0, 1, 1, 0, 0, 0, 1, 1, 1, 0, 0, 1, 0, 1, 0, 0, 1, 1, 0, 1, 1, 1, 1, 1, 0, 0, 0, 1, 0, 0, 0, 0, 0, 1, 0, 0, 1, 1, 1, 0, 1, 1, 0, 1, 0, 1, 0, 0, 0, 1, 0, 1, 1, 1, 1, 0, 1, 1, 0, 0, 0, 1, 1, 0, 1, 1, 0, 0, 1, 1, 0, 0, 1, 1, 1, 0, 1, 0, 0, 1, 1, 1, 1, 1, 1, 1, 1, 1, 0, 1, 0, 0, 1, 0, 0, 0, 1, 1, 1, 0, 0, 0, 1, 1, 0, 0, 1]}, "test_results": {"acc": 0.631768953068592, "ece": {"ece": 0.07858846161770049, "refinement": 0.214175077379052, "bins": {"1": {"acc": 0.0, "conf": 0.0}, "2": {"acc": 0.0, "conf": 0.0}, "3": {"acc": 0.0, "conf": 0.0}, "4": {"acc": 0.0, "conf": 0.0}, "5": {"acc": 0.0, "conf": 0.0}, "6": {"acc": 0.527, "conf": 0.546999990940094}, "7": {"acc": 0.558, "conf": 0.6510000228881836}, "8": {"acc": 0.614, "conf": 0.7509999871253967}, "9": {"acc": 0.871, "conf": 0.8349999785423279}, "10": {"acc": 0.0, "conf": 0.0}}}, "entropy": {"mean": 0.8410000205039978, "var": 0.017000000923871994}, "var_ratio": {"mean": 0.29899999499320984, "var": 0.010999999940395355}, "std": {"mean": 0.20100000500679016, "var": 0.010999999940395355}, "nll": {"mean": 0.6370000243186951, "var": 0.20600000023841858}, "brier": {"mean": 0.2240000069141388, "var": 0.03999999910593033}, "margin": {"mean": 0.40299999713897705, "var": 0.04399999976158142}, "bert_output": null, "gold_labels": [1, 0, 1, 1, 0, 0, 0, 0, 0, 0, 0, 1, 1, 0, 0, 1, 1, 0, 0, 1, 0, 0, 0, 0, 1, 1, 1, 0, 1, 1, 1, 0, 1, 1, 0, 1, 1, 0, 1, 1, 0, 1, 0, 0, 0, 1, 0, 1, 1, 1, 1, 0, 1, 0, 0, 1, 0, 1, 1, 0, 0, 1, 1, 0, 1, 1, 0, 0, 0, 0, 0, 0, 1, 0, 0, 1, 0, 1, 1, 0, 1, 0, 1, 1, 1, 0, 0, 1, 0, 1, 0, 1, 0, 0, 1, 1, 1, 0, 0, 0, 0, 0, 0, 0, 0, 0, 0, 1, 0, 0, 0, 0, 0, 1, 1, 0, 0, 1, 1, 1, 1, 1, 1, 0, 1, 1, 1, 1, 0, 0, 1, 0, 0, 1, 0, 0, 1, 0, 1, 1, 1, 0, 1, 0, 1, 0, 0, 1, 0, 0, 1, 1, 0, 0, 0, 0, 1, 0, 1, 1, 0, 0, 1, 1, 0, 0, 1, 1, 1, 1, 0, 0, 1, 0, 0, 0, 0, 0, 1, 1, 0, 0, 1, 1, 0, 0, 0, 0, 0, 0, 1, 0, 1, 0, 1, 0, 1, 0, 1, 1, 0, 0, 0, 1, 0, 1, 1, 1, 1, 1, 0, 0, 0, 1, 0, 1, 0, 1, 1, 0, 0, 0, 1, 1, 0, 1, 0, 0, 1, 0, 1, 0, 1, 1, 0, 0, 1, 0, 1, 1, 0, 0, 1, 1, 1, 1, 1, 0, 1, 1, 1, 0, 1, 0, 1, 0, 0, 0, 1, 0, 0, 1, 0, 0, 1, 1, 0, 1, 0, 1, 1, 1, 0, 0, 0, 0, 1]}}