{"val_results": {"acc": 0.664, "ece": {"ece": 0.08915757179260256, "refinement": 0.21877871148459382, "bins": {"1": {"acc": 0.0, "conf": 0.0}, "2": {"acc": 0.0, "conf": 0.0}, "3": {"acc": 0.0, "conf": 0.0}, "4": {"acc": 0.0, "conf": 0.0}, "5": {"acc": 0.0, "conf": 0.0}, "6": {"acc": 0.643, "conf": 0.5659999847412109}, "7": {"acc": 0.667, "conf": 0.6539999842643738}, "8": {"acc": 0.608, "conf": 0.7509999871253967}, "9": {"acc": 0.762, "conf": 0.8500000238418579}, "10": {"acc": 0.833, "conf": 0.9129999876022339}}}, "entropy": {"mean": 0.8059999942779541, "var": 0.023000000044703484}, "var_ratio": {"mean": 0.2709999978542328, "var": 0.008999999612569809}, "std": {"mean": 0.2290000021457672, "var": 0.008999999612569809}, "nll": {"mean": 0.6449999809265137, "var": 0.26600000262260437}, "brier": {"mean": 0.22599999606609344, "var": 0.04899999871850014}, "margin": {"mean": 0.45899999141693115, "var": 0.03799999877810478}, "bert_output": null, "gold_labels": [0, 0, 1, 0, 0, 1, 1, 0, 0, 0, 0, 1, 0, 1, 0, 0, 0, 0, 0, 1, 1, 0, 0, 0, 1, 1, 1, 0, 0, 1, 0, 1, 0, 0, 1, 1, 0, 1, 1, 1, 1, 1, 0, 0, 0, 1, 0, 0, 0, 0, 0, 1, 0, 0, 1, 1, 1, 0, 1, 1, 0, 1, 0, 1, 0, 0, 0, 1, 0, 1, 1, 1, 1, 0, 1, 1, 0, 0, 0, 1, 1, 0, 1, 1, 0, 0, 1, 1, 0, 0, 1, 1, 1, 0, 1, 0, 0, 1, 1, 1, 1, 1, 1, 1, 1, 1, 0, 1, 0, 0, 1, 0, 0, 0, 1, 1, 1, 0, 0, 0, 1, 1, 0, 0, 1]}, "test_results": {"acc": 0.631768953068592, "ece": {"ece": 0.08525370518653401, "refinement": 0.2224433836669585, "bins": {"1": {"acc": 0.0, "conf": 0.0}, "2": {"acc": 0.0, "conf": 0.0}, "3": {"acc": 0.0, "conf": 0.0}, "4": {"acc": 0.0, "conf": 0.0}, "5": {"acc": 0.0, "conf": 0.0}, "6": {"acc": 0.535, "conf": 0.5580000281333923}, "7": {"acc": 0.543, "conf": 0.656000018119812}, "8": {"acc": 0.648, "conf": 0.7559999823570251}, "9": {"acc": 0.857, "conf": 0.843999981880188}, "10": {"acc": 0.75, "conf": 0.9169999957084656}}}, "entropy": {"mean": 0.8320000171661377, "var": 0.01600000075995922}, "var_ratio": {"mean": 0.28600001335144043, "var": 0.008999999612569809}, "std": {"mean": 0.21400000154972076, "var": 0.008999999612569809}, "nll": {"mean": 0.6480000019073486, "var": 0.22599999606609344}, "brier": {"mean": 0.2280000001192093, "var": 0.04399999976158142}, "margin": {"mean": 0.42800000309944153, "var": 0.035999998450279236}, "bert_output": null, "gold_labels": [1, 0, 1, 1, 0, 0, 0, 0, 0, 0, 0, 1, 1, 0, 0, 1, 1, 0, 0, 1, 0, 0, 0, 0, 1, 1, 1, 0, 1, 1, 1, 0, 1, 1, 0, 1, 1, 0, 1, 1, 0, 1, 0, 0, 0, 1, 0, 1, 1, 1, 1, 0, 1, 0, 0, 1, 0, 1, 1, 0, 0, 1, 1, 0, 1, 1, 0, 0, 0, 0, 0, 0, 1, 0, 0, 1, 0, 1, 1, 0, 1, 0, 1, 1, 1, 0, 0, 1, 0, 1, 0, 1, 0, 0, 1, 1, 1, 0, 0, 0, 0, 0, 0, 0, 0, 0, 0, 1, 0, 0, 0, 0, 0, 1, 1, 0, 0, 1, 1, 1, 1, 1, 1, 0, 1, 1, 1, 1, 0, 0, 1, 0, 0, 1, 0, 0, 1, 0, 1, 1, 1, 0, 1, 0, 1, 0, 0, 1, 0, 0, 1, 1, 0, 0, 0, 0, 1, 0, 1, 1, 0, 0, 1, 1, 0, 0, 1, 1, 1, 1, 0, 0, 1, 0, 0, 0, 0, 0, 1, 1, 0, 0, 1, 1, 0, 0, 0, 0, 0, 0, 1, 0, 1, 0, 1, 0, 1, 0, 1, 1, 0, 0, 0, 1, 0, 1, 1, 1, 1, 1, 0, 0, 0, 1, 0, 1, 0, 1, 1, 0, 0, 0, 1, 1, 0, 1, 0, 0, 1, 0, 1, 0, 1, 1, 0, 0, 1, 0, 1, 1, 0, 0, 1, 1, 1, 1, 1, 0, 1, 1, 1, 0, 1, 0, 1, 0, 0, 0, 1, 0, 0, 1, 0, 0, 1, 1, 0, 1, 0, 1, 1, 1, 0, 0, 0, 0, 1]}}