{"val_results": {"acc": 0.6764705882352942, "f1": 0.8064516129032258, "acc_and_f1": 0.74146110056926, "ece": {"ece": 0.039880279524653534, "refinement": 0.21752595513686543, "bins": {"1": {"acc": 0.0, "conf": 0.0}, "2": {"acc": 0.0, "conf": 0.0}, "3": {"acc": 0.0, "conf": 0.0}, "4": {"acc": 0.0, "conf": 0.0}, "5": {"acc": 0.0, "conf": 0.0}, "6": {"acc": 0.689, "conf": 0.5740000009536743}, "7": {"acc": 0.67, "conf": 0.6439999938011169}, "8": {"acc": 1.0, "conf": 0.7059999704360962}, "9": {"acc": 0.0, "conf": 0.0}, "10": {"acc": 0.0, "conf": 0.0}}}, "entropy": {"mean": 0.9419999718666077, "var": 0.0010000000474974513}, "var_ratio": {"mean": 0.3630000054836273, "var": 0.0010000000474974513}, "std": {"mean": 0.13699999451637268, "var": 0.0010000000474974513}, "nll": {"mean": 0.6299999952316284, "var": 0.07199999690055847}, "brier": {"mean": 0.21899999678134918, "var": 0.017000000923871994}, "margin": {"mean": 0.27300000190734863, "var": 0.004000000189989805}, "temperature": 1.2972279787063599}, "test_results": {"acc": 0.6631884057971015, "f1": 0.7974904147786684, "acc_and_f1": 0.730339410287885, "ece": {"ece": 0.02943150928055027, "refinement": 0.22237845616198998, "bins": {"1": {"acc": 0.0, "conf": 0.0}, "2": {"acc": 0.0, "conf": 0.0}, "3": {"acc": 0.0, "conf": 0.0}, "4": {"acc": 0.0, "conf": 0.0}, "5": {"acc": 0.0, "conf": 0.0}, "6": {"acc": 0.75, "conf": 0.578000009059906}, "7": {"acc": 0.652, "conf": 0.640999972820282}, "8": {"acc": 0.667, "conf": 0.7080000042915344}, "9": {"acc": 0.0, "conf": 0.0}, "10": {"acc": 0.0, "conf": 0.0}}}, "entropy": {"mean": 0.9440000057220459, "var": 0.0010000000474974513}, "var_ratio": {"mean": 0.36500000953674316, "var": 0.0010000000474974513}, "std": {"mean": 0.13500000536441803, "var": 0.0010000000474974513}, "nll": {"mean": 0.6449999809265137, "var": 0.0729999989271164}, "brier": {"mean": 0.22599999606609344, "var": 0.017000000923871994}, "margin": {"mean": 0.27000001072883606, "var": 0.004000000189989805}, "temperature": 1.2972279787063599}}