{"test_ood_results": {"acc": 0.8587830080367393, "f1": 0.8564941510245252, "acc_and_f1": 0.8576385795306323, "ece": {"ece": 0.033339603144320495, "refinement": 0.10622049766748423, "bins": {"1": {"acc": 0.0, "conf": 0.0}, "2": {"acc": 0.0, "conf": 0.0}, "3": {"acc": 0.0, "conf": 0.0}, "4": {"acc": 0.0, "conf": 0.0}, "5": {"acc": 0.0, "conf": 0.0}, "6": {"acc": 0.6, "conf": 0.5479999780654907}, "7": {"acc": 0.714, "conf": 0.6539999842643738}, "8": {"acc": 0.685, "conf": 0.7519999742507935}, "9": {"acc": 0.815, "conf": 0.8529999852180481}, "10": {"acc": 0.95, "conf": 0.9710000157356262}}}, "entropy": {"mean": 0.421999990940094, "var": 0.10899999737739563}, "var_ratio": {"mean": 0.125, "var": 0.019999999552965164}, "std": {"mean": 0.375, "var": 0.019999999552965164}, "nll": {"mean": 0.34700000286102295, "var": 0.4490000009536743}, "brier": {"mean": 0.10700000077486038, "var": 0.04699999839067459}, "margin": {"mean": 0.7490000128746033, "var": 0.07900000363588333}, "temperature": 0.5134249925613403}}