{"test_ood_results": {"acc": 0.8714121699196326, "f1": 0.8707783606209929, "acc_and_f1": 0.8710952652703128, "ece": {"ece": 0.024150574795824834, "refinement": 0.09490020356486821, "bins": {"1": {"acc": 0.0, "conf": 0.0}, "2": {"acc": 0.0, "conf": 0.0}, "3": {"acc": 0.0, "conf": 0.0}, "4": {"acc": 0.0, "conf": 0.0}, "5": {"acc": 0.0, "conf": 0.0}, "6": {"acc": 0.625, "conf": 0.5429999828338623}, "7": {"acc": 0.532, "conf": 0.6570000052452087}, "8": {"acc": 0.722, "conf": 0.7509999871253967}, "9": {"acc": 0.84, "conf": 0.8579999804496765}, "10": {"acc": 0.955, "conf": 0.9649999737739563}}}, "entropy": {"mean": 0.4099999964237213, "var": 0.09200000017881393}, "var_ratio": {"mean": 0.11599999666213989, "var": 0.017999999225139618}, "std": {"mean": 0.3840000033378601, "var": 0.017999999225139618}, "nll": {"mean": 0.31200000643730164, "var": 0.3880000114440918}, "brier": {"mean": 0.09600000083446503, "var": 0.04399999976158142}, "margin": {"mean": 0.7670000195503235, "var": 0.07100000232458115}, "temperature": 0.560645580291748}}