{"val_results": {"acc": 0.9128, "f1": 0.9127986047776764, "acc_and_f1": 0.9127993023888381, "ece": {"ece": 0.023835978150367754, "refinement": 0.06477282689816927, "bins": {"1": {"acc": 0.0, "conf": 0.0}, "2": {"acc": 0.0, "conf": 0.0}, "3": {"acc": 0.0, "conf": 0.0}, "4": {"acc": 0.0, "conf": 0.0}, "5": {"acc": 0.0, "conf": 0.0}, "6": {"acc": 0.478, "conf": 0.5519999861717224}, "7": {"acc": 0.571, "conf": 0.6510000228881836}, "8": {"acc": 0.658, "conf": 0.753000020980835}, "9": {"acc": 0.801, "conf": 0.8569999933242798}, "10": {"acc": 0.965, "conf": 0.9779999852180481}}}, "entropy": {"mean": 0.2540000081062317, "var": 0.07000000029802322}, "var_ratio": {"mean": 0.06300000101327896, "var": 0.009999999776482582}, "std": {"mean": 0.43700000643730164, "var": 0.009999999776482582}, "nll": {"mean": 0.22499999403953552, "var": 0.4180000126361847}, "brier": {"mean": 0.06499999761581421, "var": 0.03799999877810478}, "margin": {"mean": 0.8730000257492065, "var": 0.041999999433755875}, "temperature": 1.0680186748504639}, "test_results": {"acc": 0.9166, "f1": 0.9165975679850825, "acc_and_f1": 0.9165987839925412, "ece": {"ece": 0.018629038026332884, "refinement": 0.06166489686282895, "bins": {"1": {"acc": 0.0, "conf": 0.0}, "2": {"acc": 0.0, "conf": 0.0}, "3": {"acc": 0.0, "conf": 0.0}, "4": {"acc": 0.0, "conf": 0.0}, "5": {"acc": 0.0, "conf": 0.0}, "6": {"acc": 0.501, "conf": 0.550000011920929}, "7": {"acc": 0.612, "conf": 0.6510000228881836}, "8": {"acc": 0.672, "conf": 0.7519999742507935}, "9": {"acc": 0.778, "conf": 0.8569999933242798}, "10": {"acc": 0.97, "conf": 0.9779999852180481}}}, "entropy": {"mean": 0.2549999952316284, "var": 0.07199999690055847}, "var_ratio": {"mean": 0.06499999761581421, "var": 0.010999999940395355}, "std": {"mean": 0.4350000023841858, "var": 0.010999999940395355}, "nll": {"mean": 0.20900000631809235, "var": 0.35499998927116394}, "brier": {"mean": 0.06199999898672104, "var": 0.03500000014901161}, "margin": {"mean": 0.8700000047683716, "var": 0.04500000178813934}, "temperature": 1.0680186748504639}}