{"test_ood_results": {"acc": 0.5270758122743683, "ece": {"ece": 0.259740466245245, "refinement": 0.24270547212785482, "bins": {"1": {"acc": 0.0, "conf": 0.0}, "2": {"acc": 0.0, "conf": 0.0}, "3": {"acc": 0.0, "conf": 0.0}, "4": {"acc": 0.0, "conf": 0.0}, "5": {"acc": 0.0, "conf": 0.0}, "6": {"acc": 0.386, "conf": 0.5559999942779541}, "7": {"acc": 0.5, "conf": 0.656000018119812}, "8": {"acc": 0.6, "conf": 0.7490000128746033}, "9": {"acc": 0.486, "conf": 0.8550000190734863}, "10": {"acc": 0.611, "conf": 0.9449999928474426}}}, "entropy": {"mean": 0.6600000262260437, "var": 0.07100000232458115}, "var_ratio": {"mean": 0.21299999952316284, "var": 0.01899999938905239}, "std": {"mean": 0.28700000047683716, "var": 0.01899999938905239}, "nll": {"mean": 0.9620000123977661, "var": 0.9670000076293945}, "brier": {"mean": 0.32199999690055847, "var": 0.10199999809265137}, "margin": {"mean": 0.5740000009536743, "var": 0.07699999958276749}, "temperature": 2.8334603309631348}}