{"val_results": {"acc": 0.9481734481734482, "ece": {"ece": 0.02735365453232354, "refinement": 0.04374314983849787, "bins": {"1": {"acc": 0.0, "conf": 0.0}, "2": {"acc": 0.0, "conf": 0.0}, "3": {"acc": 0.0, "conf": 0.0}, "4": {"acc": 0.0, "conf": 0.0}, "5": {"acc": 0.0, "conf": 0.0}, "6": {"acc": 0.582, "conf": 0.550000011920929}, "7": {"acc": 0.574, "conf": 0.6430000066757202}, "8": {"acc": 0.683, "conf": 0.753000020980835}, "9": {"acc": 0.726, "conf": 0.8510000109672546}, "10": {"acc": 0.967, "conf": 0.9900000095367432}}}, "entropy": {"mean": 0.11299999803304672, "var": 0.035999998450279236}, "var_ratio": {"mean": 0.02500000037252903, "var": 0.004000000189989805}, "std": {"mean": 0.4749999940395355, "var": 0.004000000189989805}, "nll": {"mean": 0.17100000381469727, "var": 0.5339999794960022}, "brier": {"mean": 0.04399999976158142, "var": 0.032999999821186066}, "margin": {"mean": 0.949999988079071, "var": 0.017000000923871994}, "temperature": 0.9308526515960693}, "test_results": {"acc": 0.9230769230769231, "ece": {"ece": 0.042056167098328885, "refinement": 0.059312608622869904, "bins": {"1": {"acc": 0.0, "conf": 0.0}, "2": {"acc": 0.0, "conf": 0.0}, "3": {"acc": 0.0, "conf": 0.0}, "4": {"acc": 0.0, "conf": 0.0}, "5": {"acc": 0.0, "conf": 0.0}, "6": {"acc": 0.455, "conf": 0.5590000152587891}, "7": {"acc": 0.45, "conf": 0.6570000052452087}, "8": {"acc": 0.538, "conf": 0.7450000047683716}, "9": {"acc": 0.8, "conf": 0.8529999852180481}, "10": {"acc": 0.954, "conf": 0.9879999756813049}}}, "entropy": {"mean": 0.1459999978542328, "var": 0.050999999046325684}, "var_ratio": {"mean": 0.03500000014901161, "var": 0.006000000052154064}, "std": {"mean": 0.4650000035762787, "var": 0.006000000052154064}, "nll": {"mean": 0.22599999606609344, "var": 0.6430000066757202}, "brier": {"mean": 0.061000000685453415, "var": 0.0430000014603138}, "margin": {"mean": 0.9300000071525574, "var": 0.026000000536441803}, "temperature": 0.9308526515960693}}