{"test_ood_results": {"acc": 0.13203214695752008, "f1": 0.13131648936170215, "acc_and_f1": 0.13167431815961111, "ece": {"ece": 0.37591130444705145, "refinement": 0.1145996591273079, "bins": {"1": {"acc": 0.0, "conf": 0.0}, "2": {"acc": 0.0, "conf": 0.0}, "3": {"acc": 0.0, "conf": 0.0}, "4": {"acc": 0.0, "conf": 0.0}, "5": {"acc": 0.0, "conf": 0.0}, "6": {"acc": 0.132, "conf": 0.5080000162124634}, "7": {"acc": 0.0, "conf": 0.0}, "8": {"acc": 0.0, "conf": 0.0}, "9": {"acc": 0.0, "conf": 0.0}, "10": {"acc": 0.0, "conf": 0.0}}}, "entropy": {"mean": 1.0, "var": 0.0}, "var_ratio": {"mean": 0.492000013589859, "var": 0.0}, "std": {"mean": 0.00800000037997961, "var": 0.0}, "nll": {"mean": 0.7070000171661377, "var": 0.0}, "brier": {"mean": 0.25699999928474426, "var": 0.0}, "margin": {"mean": 0.01600000075995922, "var": 0.0}, "temperature": -35.352630615234375}}