{"val_results": {"acc": 0.9560439560439561, "f1": 0.9360755171954476, "acc_and_f1": 0.9460597366197019, "ece": {"ece": 0.021430427665675517, "refinement": 0.03772673720378794, "bins": {"1": {"acc": 0.0, "conf": 0.0}, "2": {"acc": 0.0, "conf": 0.0}, "3": {"acc": 0.0, "conf": 0.0}, "4": {"acc": 0.0, "conf": 0.0}, "5": {"acc": 0.0, "conf": 0.0}, "6": {"acc": 0.833, "conf": 0.5789999961853027}, "7": {"acc": 1.0, "conf": 0.6919999718666077}, "8": {"acc": 0.667, "conf": 0.7609999775886536}, "9": {"acc": 0.739, "conf": 0.847000002861023}, "10": {"acc": 0.974, "conf": 0.9860000014305115}}}, "entropy": {"mean": 0.18299999833106995, "var": 0.05700000002980232}, "var_ratio": {"mean": 0.029999999329447746, "var": 0.004000000189989805}, "std": {"mean": 0.36000001430511475, "var": 0.0010000000474974513}, "nll": {"mean": 0.17800000309944153, "var": 0.5720000267028809}, "brier": {"mean": 0.013000000268220901, "var": 0.003000000026077032}, "margin": {"mean": 0.9480000138282776, "var": 0.014000000432133675}, "bert_output": null, "gold_labels": [4, 2, 2, 3, 3, 1, 2, 1, 3, 3, 5, 1, 3, 3, 2, 1, 2, 1, 2, 4, 5, 4, 2, 3, 2, 3, 2, 2, 5, 4, 3, 4, 2, 5, 3, 4, 3, 3, 1, 4, 1, 1, 1, 2, 5, 2, 2, 1, 3, 2, 2, 4, 1, 1, 2, 5, 2, 5, 4, 1, 5, 5, 3, 2, 5, 5, 2, 4, 1, 3, 2, 3, 3, 1, 3, 3, 0, 3, 1, 5, 1, 5, 1, 3, 2, 2, 5, 4, 4, 2, 2, 2, 3, 5, 2, 5, 4, 2, 3, 2, 1, 3, 3, 1, 1, 1, 5, 3, 5, 4, 3, 3, 3, 4, 5, 3, 2, 5, 2, 2, 2, 4, 4, 5, 5, 3, 5, 3, 2, 2, 4, 1, 3, 4, 3, 1, 3, 3, 5, 5, 4, 4, 1, 2, 5, 4, 3, 1, 1, 3, 4, 3, 5, 4, 1, 5, 1, 3, 2, 4, 5, 1, 4, 4, 4, 5, 4, 1, 2, 1, 3, 5, 1, 3, 5, 2, 3, 3, 4, 2, 2, 5, 4, 5, 3, 4, 1, 5, 2, 1, 3, 1, 4, 5, 2, 3, 1, 3, 1, 5, 5, 1, 3, 5, 4, 2, 4, 2, 1, 1, 3, 2, 3, 5, 5, 3, 4, 1, 2, 2, 1, 4, 3, 2, 2, 5, 3, 2, 1, 4, 1, 1, 4, 1, 1, 3, 5, 5, 3, 4, 2, 2, 3, 1, 1, 5, 3, 3, 2, 2, 1, 1, 0, 5, 4, 4, 2, 3, 2, 2, 1, 2, 4, 4, 5, 3, 3, 5, 2, 4, 4, 3, 5, 4, 1, 1, 2, 3, 2, 4, 4, 3, 1, 1, 1, 5, 1, 2, 0, 3, 3, 4, 3, 3, 3, 2, 4, 4, 2, 4, 2, 3, 5, 2, 1, 3, 2, 2, 3, 1, 4, 5, 4, 1, 1, 3, 2, 1, 2, 5, 1, 1, 2, 5, 5, 1, 5, 1, 4, 4, 1, 5, 3, 2, 1, 2, 3, 2, 3, 2, 4, 3, 4, 4, 3, 3, 1, 2, 2, 1, 2, 1, 3, 2, 3, 2, 3, 3, 2, 5, 2, 1, 4, 3, 2, 2, 1, 4, 1, 2, 4, 2, 2, 3, 1, 2, 3, 5, 4, 2, 3, 4, 0, 3, 0, 2, 0, 5, 1, 4, 2, 0, 3, 3, 3, 5, 3, 3, 2, 5, 5, 1, 3, 1, 3, 1, 2, 3, 2, 5, 1, 1, 3, 2, 1, 1, 4, 2, 2, 1, 1, 3, 3, 1, 3, 5, 5, 5, 1, 1, 3, 1, 2, 3, 0, 2, 4, 5, 4, 2, 3, 2, 4, 2, 3, 3, 5, 5, 1, 3, 2, 5, 4, 1, 3, 2, 2, 1, 2, 3, 3, 3, 0, 3, 1, 4, 2, 1, 4, 4, 4, 2, 4, 3, 1, 2, 1, 2, 5, 2, 4, 2, 5, 4, 5, 5, 2, 5, 4, 3, 2, 5, 1, 2, 1, 2, 5, 1, 2, 3, 2, 3, 1, 1, 5, 3, 1, 1, 1, 2, 4, 5, 5, 2, 3, 2, 5, 5, 1, 5, 2, 1, 2, 5, 4, 1, 1, 3, 3, 3, 5, 5, 3, 1, 1, 2, 5, 4, 4, 4, 5, 1, 5, 1, 1, 1], "loss": 0.20274297654628753}, "test_results": {"acc": 0.712, "f1": 0.7538946161293767, "acc_and_f1": 0.7329473080646883, "ece": {"ece": 0.16603826415538792, "refinement": 0.1643036667804817, "bins": {"1": {"acc": 0.0, "conf": 0.0}, "2": {"acc": 0.0, "conf": 0.0}, "3": {"acc": 0.0, "conf": 0.0}, "4": {"acc": 0.0, "conf": 0.3919999897480011}, "5": {"acc": 0.2, "conf": 0.4729999899864197}, "6": {"acc": 0.375, "conf": 0.5429999828338623}, "7": {"acc": 0.447, "conf": 0.6539999842643738}, "8": {"acc": 0.512, "conf": 0.7540000081062317}, "9": {"acc": 0.588, "conf": 0.8550000190734863}, "10": {"acc": 0.85, "conf": 0.9779999852180481}}}, "entropy": {"mean": 0.48100000619888306, "var": 0.22499999403953552}, "var_ratio": {"mean": 0.11800000071525574, "var": 0.024000000208616257}, "std": {"mean": 0.3269999921321869, "var": 0.003000000026077032}, "nll": {"mean": 0.9800000190734863, "var": 2.9820001125335693}, "brier": {"mean": 0.07199999690055847, "var": 0.013000000268220901}, "margin": {"mean": 0.7900000214576721, "var": 0.07800000160932541}, "bert_output": null, "gold_labels": [5, 4, 3, 1, 5, 5, 3, 2, 1, 1, 4, 3, 5, 3, 5, 5, 2, 3, 1, 5, 3, 1, 4, 1, 1, 3, 1, 4, 4, 4, 5, 4, 1, 5, 5, 5, 4, 5, 5, 5, 2, 1, 1, 1, 2, 2, 5, 1, 5, 3, 1, 3, 3, 1, 1, 1, 5, 4, 4, 5, 4, 3, 4, 2, 4, 3, 2, 1, 5, 4, 5, 5, 4, 3, 4, 1, 2, 5, 5, 3, 1, 5, 3, 5, 5, 1, 1, 3, 1, 4, 2, 1, 5, 5, 3, 4, 5, 1, 1, 2, 1, 3, 1, 3, 4, 1, 5, 2, 5, 4, 2, 1, 5, 3, 2, 3, 5, 2, 5, 4, 5, 5, 1, 3, 5, 3, 5, 5, 1, 5, 5, 3, 1, 2, 1, 2, 4, 3, 3, 1, 1, 2, 4, 2, 1, 2, 3, 2, 1, 1, 2, 3, 1, 5, 3, 4, 4, 1, 4, 4, 1, 1, 5, 4, 2, 4, 5, 1, 4, 3, 5, 5, 5, 1, 4, 4, 4, 5, 2, 5, 4, 1, 4, 1, 2, 3, 3, 1, 4, 2, 2, 5, 5, 5, 1, 4, 2, 3, 2, 2, 2, 4, 3, 2, 5, 4, 3, 5, 1, 1, 5, 5, 4, 4, 1, 2, 1, 2, 5, 1, 1, 5, 1, 2, 4, 2, 5, 1, 4, 3, 5, 3, 1, 5, 2, 1, 4, 1, 4, 5, 4, 1, 1, 1, 1, 4, 1, 1, 1, 2, 3, 4, 2, 2, 1, 4, 5, 2, 1, 5, 3, 3, 5, 2, 5, 1, 1, 4, 5, 1, 2, 1, 1, 3, 1, 1, 1, 5, 0, 2, 4, 3, 0, 1, 4, 1, 1, 1, 1, 1, 4, 2, 5, 2, 1, 1, 2, 5, 2, 2, 0, 5, 1, 5, 5, 4, 3, 4, 3, 5, 4, 4, 5, 1, 4, 1, 3, 4, 2, 4, 1, 5, 0, 2, 5, 0, 1, 5, 5, 1, 1, 5, 2, 2, 5, 4, 1, 2, 1, 5, 5, 2, 5, 3, 5, 3, 2, 1, 5, 1, 5, 4, 2, 2, 1, 3, 5, 5, 1, 2, 1, 1, 2, 5, 1, 5, 2, 2, 1, 4, 5, 2, 1, 1, 2, 5, 4, 1, 0, 1, 3, 3, 2, 3, 5, 5, 1, 3, 1, 1, 3, 1, 2, 5, 1, 1, 1, 5, 5, 4, 3, 2, 5, 0, 5, 4, 1, 4, 5, 1, 3, 2, 4, 0, 2, 1, 1, 1, 3, 3, 5, 4, 2, 1, 4, 2, 1, 4, 1, 3, 1, 2, 4, 3, 1, 1, 1, 5, 0, 2, 3, 2, 4, 2, 3, 2, 4, 3, 5, 2, 2, 2, 2, 5, 5, 5, 2, 4, 1, 1, 3, 2, 4, 5, 4, 2, 1, 3, 1, 1, 1, 1, 2, 5, 2, 2, 1, 4, 2, 4, 2, 2, 2, 1, 4, 1, 4, 5, 2, 2, 1, 1, 2, 5, 5, 3, 2, 5, 2, 1], "loss": 1.0683876474698386}}