{"val_results": {"acc": 0.9505494505494505, "f1": 0.941028169507462, "acc_and_f1": 0.9457888100284563, "ece": {"ece": 0.02484474197412144, "refinement": 0.038282101293610205, "bins": {"1": {"acc": 0.0, "conf": 0.0}, "2": {"acc": 0.0, "conf": 0.0}, "3": {"acc": 0.0, "conf": 0.0}, "4": {"acc": 0.0, "conf": 0.0}, "5": {"acc": 0.0, "conf": 0.42500001192092896}, "6": {"acc": 0.8, "conf": 0.5289999842643738}, "7": {"acc": 0.375, "conf": 0.6499999761581421}, "8": {"acc": 0.765, "conf": 0.753000020980835}, "9": {"acc": 0.778, "conf": 0.8550000190734863}, "10": {"acc": 0.972, "conf": 0.9900000095367432}}}, "entropy": {"mean": 0.16899999976158142, "var": 0.07900000363588333}, "var_ratio": {"mean": 0.029999999329447746, "var": 0.006000000052154064}, "std": {"mean": 0.36000001430511475, "var": 0.0010000000474974513}, "nll": {"mean": 0.19300000369548798, "var": 0.7310000061988831}, "brier": {"mean": 0.014000000432133675, "var": 0.003000000026077032}, "margin": {"mean": 0.9490000009536743, "var": 0.019999999552965164}, "temperature": 0.9094913601875305}, "test_results": {"acc": 0.834, "f1": 0.8415830589799662, "acc_and_f1": 0.8377915294899831, "ece": {"ece": 0.08568820255994797, "refinement": 0.12030972200102635, "bins": {"1": {"acc": 0.0, "conf": 0.0}, "2": {"acc": 0.0, "conf": 0.0}, "3": {"acc": 0.0, "conf": 0.0}, "4": {"acc": 1.0, "conf": 0.39800000190734863}, "5": {"acc": 0.75, "conf": 0.4390000104904175}, "6": {"acc": 0.478, "conf": 0.550000011920929}, "7": {"acc": 0.6, "conf": 0.652999997138977}, "8": {"acc": 0.615, "conf": 0.7559999823570251}, "9": {"acc": 0.685, "conf": 0.8539999723434448}, "10": {"acc": 0.912, "conf": 0.9779999852180481}}}, "entropy": {"mean": 0.40299999713897705, "var": 0.1809999942779541}, "var_ratio": {"mean": 0.08799999952316284, "var": 0.01600000075995922}, "std": {"mean": 0.33799999952316284, "var": 0.0020000000949949026}, "nll": {"mean": 0.7200000286102295, "var": 2.678999900817871}, "brier": {"mean": 0.04699999839067459, "var": 0.009999999776482582}, "margin": {"mean": 0.847000002861023, "var": 0.05299999937415123}, "temperature": 0.9094913601875305}}