{"val_results": {"acc": 0.9463333333333334, "f1": 0.9464010689625829, "acc_and_f1": 0.9463672011479581, "ece": {"ece": 0.029295347794890396, "refinement": 0.0413204706814102, "bins": {"1": {"acc": 0.0, "conf": 0.0}, "2": {"acc": 0.0, "conf": 0.0}, "3": {"acc": 0.0, "conf": 0.0}, "4": {"acc": 0.0, "conf": 0.3919999897480011}, "5": {"acc": 0.5, "conf": 0.46700000762939453}, "6": {"acc": 0.436, "conf": 0.5529999732971191}, "7": {"acc": 0.585, "conf": 0.6539999842643738}, "8": {"acc": 0.614, "conf": 0.7540000081062317}, "9": {"acc": 0.711, "conf": 0.8550000190734863}, "10": {"acc": 0.972, "conf": 0.9940000176429749}}}, "entropy": {"mean": 0.09700000286102295, "var": 0.052000001072883606}, "var_ratio": {"mean": 0.024000000208616257, "var": 0.006000000052154064}, "std": {"mean": 0.42100000381469727, "var": 0.0010000000474974513}, "nll": {"mean": 0.17900000512599945, "var": 0.6899999976158142}, "brier": {"mean": 0.020999999716877937, "var": 0.00800000037997961}, "margin": {"mean": 0.953000009059906, "var": 0.02199999988079071}, "temperature": 0.8043041825294495}, "test_results": {"acc": 0.9448684210526316, "f1": 0.9450209031536558, "acc_and_f1": 0.9449446621031437, "ece": {"ece": 0.032225901833490334, "refinement": 0.04347658539932549, "bins": {"1": {"acc": 0.0, "conf": 0.0}, "2": {"acc": 0.0, "conf": 0.0}, "3": {"acc": 0.0, "conf": 0.0}, "4": {"acc": 0.0, "conf": 0.36500000953674316}, "5": {"acc": 0.2, "conf": 0.4740000069141388}, "6": {"acc": 0.545, "conf": 0.5540000200271606}, "7": {"acc": 0.573, "conf": 0.656000018119812}, "8": {"acc": 0.575, "conf": 0.7559999823570251}, "9": {"acc": 0.679, "conf": 0.859000027179718}, "10": {"acc": 0.969, "conf": 0.9940000176429749}}}, "entropy": {"mean": 0.0949999988079071, "var": 0.04800000041723251}, "var_ratio": {"mean": 0.023000000044703484, "var": 0.004999999888241291}, "std": {"mean": 0.42100000381469727, "var": 0.0010000000474974513}, "nll": {"mean": 0.20000000298023224, "var": 0.8349999785423279}, "brier": {"mean": 0.023000000044703484, "var": 0.00800000037997961}, "margin": {"mean": 0.9559999704360962, "var": 0.019999999552965164}, "temperature": 0.8043041825294495}}