{"test_ood_results": {"acc": 0.6301756121691813, "f1": 0.6387707769617317, "acc_and_f1": 0.6344731945654565, "ece": {"ece": 0.21701412380493545, "refinement": 0.2229789664093988, "bins": {"1": {"acc": 0.0, "conf": 0.0}, "2": {"acc": 0.0, "conf": 0.0}, "3": {"acc": 0.0, "conf": 0.0}, "4": {"acc": 0.0, "conf": 0.0}, "5": {"acc": 0.0, "conf": 0.0}, "6": {"acc": 0.535, "conf": 0.5509999990463257}, "7": {"acc": 0.605, "conf": 0.652999997138977}, "8": {"acc": 0.767, "conf": 0.7570000290870667}, "9": {"acc": 0.757, "conf": 0.8410000205039978}, "10": {"acc": 0.549, "conf": 0.9660000205039978}}}, "entropy": {"mean": 0.5180000066757202, "var": 0.0989999994635582}, "var_ratio": {"mean": 0.15600000321865082, "var": 0.01899999938905239}, "std": {"mean": 0.3440000116825104, "var": 0.01899999938905239}, "nll": {"mean": 1.0499999523162842, "var": 1.7669999599456787}, "brier": {"mean": 0.3050000071525574, "var": 0.1379999965429306}, "margin": {"mean": 0.6880000233650208, "var": 0.07599999755620956}, "temperature": 2.9303061962127686}}