{"val_results": {"acc": 0.8063725490196079, "f1": 0.8581687612208259, "acc_and_f1": 0.8322706551202168, "ece": {"ece": 0.04587075158077128, "refinement": 0.13651271710590945, "bins": {"1": {"acc": 0.0, "conf": 0.0}, "2": {"acc": 0.0, "conf": 0.0}, "3": {"acc": 0.0, "conf": 0.0}, "4": {"acc": 0.0, "conf": 0.0}, "5": {"acc": 0.0, "conf": 0.0}, "6": {"acc": 0.5, "conf": 0.5509999990463257}, "7": {"acc": 0.548, "conf": 0.6449999809265137}, "8": {"acc": 0.821, "conf": 0.7509999871253967}, "9": {"acc": 0.82, "conf": 0.8519999980926514}, "10": {"acc": 0.909, "conf": 0.9419999718666077}}}, "entropy": {"mean": 0.5649999976158142, "var": 0.07000000029802322}, "var_ratio": {"mean": 0.16699999570846558, "var": 0.017000000923871994}, "std": {"mean": 0.3330000042915344, "var": 0.017000000923871994}, "nll": {"mean": 0.4429999887943268, "var": 0.4390000104904175}, "brier": {"mean": 0.14000000059604645, "var": 0.05700000002980232}, "margin": {"mean": 0.6660000085830688, "var": 0.0689999982714653}, "temperature": 0.9477196931838989}, "test_results": {"acc": 0.8057971014492754, "f1": 0.8572645930975713, "acc_and_f1": 0.8315308472734233, "ece": {"ece": 0.022023275866024726, "refinement": 0.13624007204101538, "bins": {"1": {"acc": 0.0, "conf": 0.0}, "2": {"acc": 0.0, "conf": 0.0}, "3": {"acc": 0.0, "conf": 0.0}, "4": {"acc": 0.0, "conf": 0.0}, "5": {"acc": 0.0, "conf": 0.0}, "6": {"acc": 0.533, "conf": 0.5540000200271606}, "7": {"acc": 0.648, "conf": 0.6510000228881836}, "8": {"acc": 0.683, "conf": 0.7540000081062317}, "9": {"acc": 0.81, "conf": 0.8560000061988831}, "10": {"acc": 0.94, "conf": 0.9399999976158142}}}, "entropy": {"mean": 0.5740000009536743, "var": 0.07000000029802322}, "var_ratio": {"mean": 0.1720000058412552, "var": 0.017999999225139618}, "std": {"mean": 0.328000009059906, "var": 0.017999999225139618}, "nll": {"mean": 0.42800000309944153, "var": 0.375}, "brier": {"mean": 0.13699999451637268, "var": 0.052000001072883606}, "margin": {"mean": 0.656000018119812, "var": 0.0729999989271164}, "temperature": 0.9477196931838989}}