{"val_results": {"acc": 0.9498333333333333, "f1": 0.9498069099985615, "acc_and_f1": 0.9498201216659474, "ece": {"ece": 0.01567391281326614, "refinement": 0.040838740871458265, "bins": {"1": {"acc": 0.0, "conf": 0.0}, "2": {"acc": 0.0, "conf": 0.0}, "3": {"acc": 0.0, "conf": 0.0}, "4": {"acc": 1.0, "conf": 0.3869999945163727}, "5": {"acc": 0.636, "conf": 0.4580000042915344}, "6": {"acc": 0.598, "conf": 0.5519999861717224}, "7": {"acc": 0.651, "conf": 0.6510000228881836}, "8": {"acc": 0.695, "conf": 0.7559999823570251}, "9": {"acc": 0.802, "conf": 0.8569999933242798}, "10": {"acc": 0.976, "conf": 0.9879999756813049}}}, "entropy": {"mean": 0.16200000047683716, "var": 0.0689999982714653}, "var_ratio": {"mean": 0.03700000047683716, "var": 0.007000000216066837}, "std": {"mean": 0.414000004529953, "var": 0.0020000000949949026}, "nll": {"mean": 0.16300000250339508, "var": 0.46799999475479126}, "brier": {"mean": 0.020999999716877937, "var": 0.007000000216066837}, "margin": {"mean": 0.9300000071525574, "var": 0.027000000700354576}, "temperature": 1.0013912916183472}, "test_results": {"acc": 0.9422368421052632, "f1": 0.942189519722149, "acc_and_f1": 0.9422131809137061, "ece": {"ece": 0.01998971498326254, "refinement": 0.04384818996181365, "bins": {"1": {"acc": 0.0, "conf": 0.0}, "2": {"acc": 0.0, "conf": 0.0}, "3": {"acc": 0.0, "conf": 0.0}, "4": {"acc": 0.2, "conf": 0.3790000081062317}, "5": {"acc": 0.417, "conf": 0.47200000286102295}, "6": {"acc": 0.476, "conf": 0.546999990940094}, "7": {"acc": 0.634, "conf": 0.6510000228881836}, "8": {"acc": 0.628, "conf": 0.7540000081062317}, "9": {"acc": 0.78, "conf": 0.8579999804496765}, "10": {"acc": 0.975, "conf": 0.9879999756813049}}}, "entropy": {"mean": 0.16500000655651093, "var": 0.07000000029802322}, "var_ratio": {"mean": 0.03799999877810478, "var": 0.00800000037997961}, "std": {"mean": 0.414000004529953, "var": 0.0020000000949949026}, "nll": {"mean": 0.18199999630451202, "var": 0.5519999861717224}, "brier": {"mean": 0.023000000044703484, "var": 0.007000000216066837}, "margin": {"mean": 0.9279999732971191, "var": 0.02800000086426735}, "temperature": 1.0013912916183472}}