{"val_results": {"acc": 0.648, "ece": {"ece": 0.07065561866760257, "refinement": 0.2050218487394958, "bins": {"1": {"acc": 0.0, "conf": 0.0}, "2": {"acc": 0.0, "conf": 0.0}, "3": {"acc": 0.0, "conf": 0.0}, "4": {"acc": 0.0, "conf": 0.0}, "5": {"acc": 0.0, "conf": 0.0}, "6": {"acc": 0.5, "conf": 0.5509999990463257}, "7": {"acc": 0.543, "conf": 0.6520000100135803}, "8": {"acc": 0.829, "conf": 0.7540000081062317}, "9": {"acc": 0.824, "conf": 0.8479999899864197}, "10": {"acc": 0.0, "conf": 0.0}}}, "entropy": {"mean": 0.8690000176429749, "var": 0.017000000923871994}, "var_ratio": {"mean": 0.3230000138282776, "var": 0.010999999940395355}, "std": {"mean": 0.1770000010728836, "var": 0.010999999940395355}, "nll": {"mean": 0.6209999918937683, "var": 0.16099999845027924}, "brier": {"mean": 0.2160000056028366, "var": 0.03200000151991844}, "margin": {"mean": 0.3529999852180481, "var": 0.04600000008940697}, "bert_output": null, "gold_labels": [0, 0, 1, 0, 0, 1, 1, 0, 0, 0, 0, 1, 0, 1, 0, 0, 0, 0, 0, 1, 1, 0, 0, 0, 1, 1, 1, 0, 0, 1, 0, 1, 0, 0, 1, 1, 0, 1, 1, 1, 1, 1, 0, 0, 0, 1, 0, 0, 0, 0, 0, 1, 0, 0, 1, 1, 1, 0, 1, 1, 0, 1, 0, 1, 0, 0, 0, 1, 0, 1, 1, 1, 1, 0, 1, 1, 0, 0, 0, 1, 1, 0, 1, 1, 0, 0, 1, 1, 0, 0, 1, 1, 1, 0, 1, 0, 0, 1, 1, 1, 1, 1, 1, 1, 1, 1, 0, 1, 0, 0, 1, 0, 0, 0, 1, 1, 1, 0, 0, 0, 1, 1, 0, 0, 1]}, "test_results": {"acc": 0.6750902527075813, "ece": {"ece": 0.06189155879864191, "refinement": 0.21450303845566063, "bins": {"1": {"acc": 0.0, "conf": 0.0}, "2": {"acc": 0.0, "conf": 0.0}, "3": {"acc": 0.0, "conf": 0.0}, "4": {"acc": 0.0, "conf": 0.0}, "5": {"acc": 0.0, "conf": 0.0}, "6": {"acc": 0.631, "conf": 0.5509999990463257}, "7": {"acc": 0.602, "conf": 0.6520000100135803}, "8": {"acc": 0.674, "conf": 0.7409999966621399}, "9": {"acc": 0.879, "conf": 0.8389999866485596}, "10": {"acc": 1.0, "conf": 0.9039999842643738}}}, "entropy": {"mean": 0.8700000047683716, "var": 0.014000000432133675}, "var_ratio": {"mean": 0.3179999887943268, "var": 0.008999999612569809}, "std": {"mean": 0.18199999630451202, "var": 0.008999999612569809}, "nll": {"mean": 0.6190000176429749, "var": 0.15800000727176666}, "brier": {"mean": 0.2150000035762787, "var": 0.03200000151991844}, "margin": {"mean": 0.36399999260902405, "var": 0.03799999877810478}, "bert_output": null, "gold_labels": [1, 0, 1, 1, 0, 0, 0, 0, 0, 0, 0, 1, 1, 0, 0, 1, 1, 0, 0, 1, 0, 0, 0, 0, 1, 1, 1, 0, 1, 1, 1, 0, 1, 1, 0, 1, 1, 0, 1, 1, 0, 1, 0, 0, 0, 1, 0, 1, 1, 1, 1, 0, 1, 0, 0, 1, 0, 1, 1, 0, 0, 1, 1, 0, 1, 1, 0, 0, 0, 0, 0, 0, 1, 0, 0, 1, 0, 1, 1, 0, 1, 0, 1, 1, 1, 0, 0, 1, 0, 1, 0, 1, 0, 0, 1, 1, 1, 0, 0, 0, 0, 0, 0, 0, 0, 0, 0, 1, 0, 0, 0, 0, 0, 1, 1, 0, 0, 1, 1, 1, 1, 1, 1, 0, 1, 1, 1, 1, 0, 0, 1, 0, 0, 1, 0, 0, 1, 0, 1, 1, 1, 0, 1, 0, 1, 0, 0, 1, 0, 0, 1, 1, 0, 0, 0, 0, 1, 0, 1, 1, 0, 0, 1, 1, 0, 0, 1, 1, 1, 1, 0, 0, 1, 0, 0, 0, 0, 0, 1, 1, 0, 0, 1, 1, 0, 0, 0, 0, 0, 0, 1, 0, 1, 0, 1, 0, 1, 0, 1, 1, 0, 0, 0, 1, 0, 1, 1, 1, 1, 1, 0, 0, 0, 1, 0, 1, 0, 1, 1, 0, 0, 0, 1, 1, 0, 1, 0, 0, 1, 0, 1, 0, 1, 1, 0, 0, 1, 0, 1, 1, 0, 0, 1, 1, 1, 1, 1, 0, 1, 1, 1, 0, 1, 0, 1, 0, 0, 0, 1, 0, 0, 1, 0, 0, 1, 1, 0, 1, 0, 1, 1, 1, 0, 0, 0, 0, 1]}}