{"val_results": {"acc": 0.648, "ece": {"ece": 0.08028663635253906, "refinement": 0.20744588744588746, "bins": {"1": {"acc": 0.0, "conf": 0.0}, "2": {"acc": 0.0, "conf": 0.0}, "3": {"acc": 0.0, "conf": 0.0}, "4": {"acc": 0.0, "conf": 0.0}, "5": {"acc": 0.0, "conf": 0.0}, "6": {"acc": 0.464, "conf": 0.5450000166893005}, "7": {"acc": 0.545, "conf": 0.6520000100135803}, "8": {"acc": 0.667, "conf": 0.7509999871253967}, "9": {"acc": 0.75, "conf": 0.8410000205039978}, "10": {"acc": 0.929, "conf": 0.921999990940094}}}, "entropy": {"mean": 0.7839999794960022, "var": 0.03799999877810478}, "var_ratio": {"mean": 0.27300000190734863, "var": 0.01600000075995922}, "std": {"mean": 0.22699999809265137, "var": 0.01600000075995922}, "nll": {"mean": 0.6060000061988831, "var": 0.257999986410141}, "brier": {"mean": 0.210999995470047, "var": 0.04600000008940697}, "margin": {"mean": 0.453000009059906, "var": 0.06599999964237213}, "bert_output": null, "gold_labels": [0, 0, 1, 0, 0, 1, 1, 0, 0, 0, 0, 1, 0, 1, 0, 0, 0, 0, 0, 1, 1, 0, 0, 0, 1, 1, 1, 0, 0, 1, 0, 1, 0, 0, 1, 1, 0, 1, 1, 1, 1, 1, 0, 0, 0, 1, 0, 0, 0, 0, 0, 1, 0, 0, 1, 1, 1, 0, 1, 1, 0, 1, 0, 1, 0, 0, 0, 1, 0, 1, 1, 1, 1, 0, 1, 1, 0, 0, 0, 1, 1, 0, 1, 1, 0, 0, 1, 1, 0, 0, 1, 1, 1, 0, 1, 0, 0, 1, 1, 1, 1, 1, 1, 1, 1, 1, 0, 1, 0, 0, 1, 0, 0, 0, 1, 1, 1, 0, 0, 0, 1, 1, 0, 0, 1]}, "test_results": {"acc": 0.6462093862815884, "ece": {"ece": 0.12075268167881331, "refinement": 0.22422831450081482, "bins": {"1": {"acc": 0.0, "conf": 0.0}, "2": {"acc": 0.0, "conf": 0.0}, "3": {"acc": 0.0, "conf": 0.0}, "4": {"acc": 0.0, "conf": 0.0}, "5": {"acc": 0.0, "conf": 0.0}, "6": {"acc": 0.649, "conf": 0.5519999861717224}, "7": {"acc": 0.533, "conf": 0.6499999761581421}, "8": {"acc": 0.638, "conf": 0.7480000257492065}, "9": {"acc": 0.685, "conf": 0.8450000286102295}, "10": {"acc": 0.833, "conf": 0.9210000038146973}}}, "entropy": {"mean": 0.7960000038146973, "var": 0.032999999821186066}, "var_ratio": {"mean": 0.2770000100135803, "var": 0.014999999664723873}, "std": {"mean": 0.22300000488758087, "var": 0.014999999664723873}, "nll": {"mean": 0.6769999861717224, "var": 0.30799999833106995}, "brier": {"mean": 0.23899999260902405, "var": 0.05299999937415123}, "margin": {"mean": 0.44699999690055847, "var": 0.057999998331069946}, "bert_output": null, "gold_labels": [1, 0, 1, 1, 0, 0, 0, 0, 0, 0, 0, 1, 1, 0, 0, 1, 1, 0, 0, 1, 0, 0, 0, 0, 1, 1, 1, 0, 1, 1, 1, 0, 1, 1, 0, 1, 1, 0, 1, 1, 0, 1, 0, 0, 0, 1, 0, 1, 1, 1, 1, 0, 1, 0, 0, 1, 0, 1, 1, 0, 0, 1, 1, 0, 1, 1, 0, 0, 0, 0, 0, 0, 1, 0, 0, 1, 0, 1, 1, 0, 1, 0, 1, 1, 1, 0, 0, 1, 0, 1, 0, 1, 0, 0, 1, 1, 1, 0, 0, 0, 0, 0, 0, 0, 0, 0, 0, 1, 0, 0, 0, 0, 0, 1, 1, 0, 0, 1, 1, 1, 1, 1, 1, 0, 1, 1, 1, 1, 0, 0, 1, 0, 0, 1, 0, 0, 1, 0, 1, 1, 1, 0, 1, 0, 1, 0, 0, 1, 0, 0, 1, 1, 0, 0, 0, 0, 1, 0, 1, 1, 0, 0, 1, 1, 0, 0, 1, 1, 1, 1, 0, 0, 1, 0, 0, 0, 0, 0, 1, 1, 0, 0, 1, 1, 0, 0, 0, 0, 0, 0, 1, 0, 1, 0, 1, 0, 1, 0, 1, 1, 0, 0, 0, 1, 0, 1, 1, 1, 1, 1, 0, 0, 0, 1, 0, 1, 0, 1, 1, 0, 0, 0, 1, 1, 0, 1, 0, 0, 1, 0, 1, 0, 1, 1, 0, 0, 1, 0, 1, 1, 0, 0, 1, 1, 1, 1, 1, 0, 1, 1, 1, 0, 1, 0, 1, 0, 0, 0, 1, 0, 0, 1, 0, 0, 1, 1, 0, 1, 0, 1, 1, 1, 0, 0, 0, 0, 1]}}