{"val_results": {"acc": 0.648, "ece": {"ece": 0.05023486900329594, "refinement": 0.21185389279650738, "bins": {"1": {"acc": 0.0, "conf": 0.0}, "2": {"acc": 0.0, "conf": 0.0}, "3": {"acc": 0.0, "conf": 0.0}, "4": {"acc": 0.0, "conf": 0.0}, "5": {"acc": 0.0, "conf": 0.0}, "6": {"acc": 0.514, "conf": 0.5540000200271606}, "7": {"acc": 0.632, "conf": 0.6389999985694885}, "8": {"acc": 0.645, "conf": 0.7519999742507935}, "9": {"acc": 0.9, "conf": 0.8399999737739563}, "10": {"acc": 1.0, "conf": 0.9179999828338623}}}, "entropy": {"mean": 0.8669999837875366, "var": 0.017999999225139618}, "var_ratio": {"mean": 0.32199999690055847, "var": 0.010999999940395355}, "std": {"mean": 0.17800000309944153, "var": 0.010999999940395355}, "nll": {"mean": 0.6269999742507935, "var": 0.1679999977350235}, "brier": {"mean": 0.21899999678134918, "var": 0.032999999821186066}, "margin": {"mean": 0.35499998927116394, "var": 0.04600000008940697}, "bert_output": null, "gold_labels": [0, 0, 1, 0, 0, 1, 1, 0, 0, 0, 0, 1, 0, 1, 0, 0, 0, 0, 0, 1, 1, 0, 0, 0, 1, 1, 1, 0, 0, 1, 0, 1, 0, 0, 1, 1, 0, 1, 1, 1, 1, 1, 0, 0, 0, 1, 0, 0, 0, 0, 0, 1, 0, 0, 1, 1, 1, 0, 1, 1, 0, 1, 0, 1, 0, 0, 0, 1, 0, 1, 1, 1, 1, 0, 1, 1, 0, 0, 0, 1, 1, 0, 1, 1, 0, 0, 1, 1, 0, 0, 1, 1, 1, 0, 1, 0, 0, 1, 1, 1, 1, 1, 1, 1, 1, 1, 0, 1, 0, 0, 1, 0, 0, 0, 1, 1, 1, 0, 0, 0, 1, 1, 0, 0, 1]}, "test_results": {"acc": 0.6931407942238267, "ece": {"ece": 0.061548636923628136, "refinement": 0.20955894874909353, "bins": {"1": {"acc": 0.0, "conf": 0.0}, "2": {"acc": 0.0, "conf": 0.0}, "3": {"acc": 0.0, "conf": 0.0}, "4": {"acc": 0.0, "conf": 0.0}, "5": {"acc": 0.0, "conf": 0.0}, "6": {"acc": 0.7, "conf": 0.5580000281333923}, "7": {"acc": 0.614, "conf": 0.6510000228881836}, "8": {"acc": 0.711, "conf": 0.7459999918937683}, "9": {"acc": 0.778, "conf": 0.8320000171661377}, "10": {"acc": 1.0, "conf": 0.9079999923706055}}}, "entropy": {"mean": 0.8669999837875366, "var": 0.014000000432133675}, "var_ratio": {"mean": 0.3140000104904175, "var": 0.008999999612569809}, "std": {"mean": 0.1860000044107437, "var": 0.008999999612569809}, "nll": {"mean": 0.6209999918937683, "var": 0.16899999976158142}, "brier": {"mean": 0.2160000056028366, "var": 0.03400000184774399}, "margin": {"mean": 0.3720000088214874, "var": 0.035999998450279236}, "bert_output": null, "gold_labels": [1, 0, 1, 1, 0, 0, 0, 0, 0, 0, 0, 1, 1, 0, 0, 1, 1, 0, 0, 1, 0, 0, 0, 0, 1, 1, 1, 0, 1, 1, 1, 0, 1, 1, 0, 1, 1, 0, 1, 1, 0, 1, 0, 0, 0, 1, 0, 1, 1, 1, 1, 0, 1, 0, 0, 1, 0, 1, 1, 0, 0, 1, 1, 0, 1, 1, 0, 0, 0, 0, 0, 0, 1, 0, 0, 1, 0, 1, 1, 0, 1, 0, 1, 1, 1, 0, 0, 1, 0, 1, 0, 1, 0, 0, 1, 1, 1, 0, 0, 0, 0, 0, 0, 0, 0, 0, 0, 1, 0, 0, 0, 0, 0, 1, 1, 0, 0, 1, 1, 1, 1, 1, 1, 0, 1, 1, 1, 1, 0, 0, 1, 0, 0, 1, 0, 0, 1, 0, 1, 1, 1, 0, 1, 0, 1, 0, 0, 1, 0, 0, 1, 1, 0, 0, 0, 0, 1, 0, 1, 1, 0, 0, 1, 1, 0, 0, 1, 1, 1, 1, 0, 0, 1, 0, 0, 0, 0, 0, 1, 1, 0, 0, 1, 1, 0, 0, 0, 0, 0, 0, 1, 0, 1, 0, 1, 0, 1, 0, 1, 1, 0, 0, 0, 1, 0, 1, 1, 1, 1, 1, 0, 0, 0, 1, 0, 1, 0, 1, 1, 0, 0, 0, 1, 1, 0, 1, 0, 0, 1, 0, 1, 0, 1, 1, 0, 0, 1, 0, 1, 1, 0, 0, 1, 1, 1, 1, 1, 0, 1, 1, 1, 0, 1, 0, 1, 0, 0, 0, 1, 0, 0, 1, 0, 0, 1, 1, 0, 1, 0, 1, 1, 1, 0, 0, 0, 0, 1]}}