{"val_results": {"acc": 0.09667359667359668, "ece": {"ece": 0.41043801230848953, "refinement": 0.08732781237978744, "bins": {"1": {"acc": 0.0, "conf": 0.0}, "2": {"acc": 0.0, "conf": 0.0}, "3": {"acc": 0.0, "conf": 0.0}, "4": {"acc": 0.0, "conf": 0.0}, "5": {"acc": 0.0, "conf": 0.0}, "6": {"acc": 0.097, "conf": 0.5070000290870667}, "7": {"acc": 0.0, "conf": 0.0}, "8": {"acc": 0.0, "conf": 0.0}, "9": {"acc": 0.0, "conf": 0.0}, "10": {"acc": 0.0, "conf": 0.0}}}, "entropy": {"mean": 1.0, "var": 0.0}, "var_ratio": {"mean": 0.49300000071525574, "var": 0.0}, "std": {"mean": 0.007000000216066837, "var": 0.0}, "nll": {"mean": 0.7059999704360962, "var": 0.0}, "brier": {"mean": 0.25699999928474426, "var": 0.0}, "margin": {"mean": 0.014000000432133675, "var": 0.0}, "temperature": -119.1097412109375}, "test_results": {"acc": 0.1010332950631458, "ece": {"ece": 0.4057542434652966, "refinement": 0.09082556835182912, "bins": {"1": {"acc": 0.0, "conf": 0.0}, "2": {"acc": 0.0, "conf": 0.0}, "3": {"acc": 0.0, "conf": 0.0}, "4": {"acc": 0.0, "conf": 0.0}, "5": {"acc": 0.0, "conf": 0.0}, "6": {"acc": 0.101, "conf": 0.5070000290870667}, "7": {"acc": 0.0, "conf": 0.0}, "8": {"acc": 0.0, "conf": 0.0}, "9": {"acc": 0.0, "conf": 0.0}, "10": {"acc": 0.0, "conf": 0.0}}}, "entropy": {"mean": 1.0, "var": 0.0}, "var_ratio": {"mean": 0.49300000071525574, "var": 0.0}, "std": {"mean": 0.007000000216066837, "var": 0.0}, "nll": {"mean": 0.7059999704360962, "var": 0.0}, "brier": {"mean": 0.25600001215934753, "var": 0.0}, "margin": {"mean": 0.014000000432133675, "var": 0.0}, "temperature": -119.1097412109375}}