{"test_ood_results": {"acc": 0.8622273249138921, "f1": 0.8615922453519784, "acc_and_f1": 0.8619097851329353, "ece": {"ece": 0.026486550078189473, "refinement": 0.09656912800801612, "bins": {"1": {"acc": 0.0, "conf": 0.0}, "2": {"acc": 0.0, "conf": 0.0}, "3": {"acc": 0.0, "conf": 0.0}, "4": {"acc": 0.0, "conf": 0.0}, "5": {"acc": 0.0, "conf": 0.0}, "6": {"acc": 0.38, "conf": 0.5550000071525574}, "7": {"acc": 0.654, "conf": 0.652999997138977}, "8": {"acc": 0.743, "conf": 0.7549999952316284}, "9": {"acc": 0.824, "conf": 0.8569999933242798}, "10": {"acc": 0.95, "conf": 0.9649999737739563}}}, "entropy": {"mean": 0.40299999713897705, "var": 0.08900000154972076}, "var_ratio": {"mean": 0.11100000143051147, "var": 0.01600000075995922}, "std": {"mean": 0.3889999985694885, "var": 0.01600000075995922}, "nll": {"mean": 0.32199999690055847, "var": 0.4399999976158142}, "brier": {"mean": 0.09700000286102295, "var": 0.04699999839067459}, "margin": {"mean": 0.7770000100135803, "var": 0.06300000101327896}, "temperature": 1.1263692378997803}}