{"val_results": {"acc": 0.6740196078431373, "f1": 0.8052708638360175, "acc_and_f1": 0.7396452358395774, "ece": {"ece": 0.05265355972098372, "refinement": 0.21551389430989812, "bins": {"1": {"acc": 0.0, "conf": 0.0}, "2": {"acc": 0.0, "conf": 0.0}, "3": {"acc": 0.0, "conf": 0.0}, "4": {"acc": 0.0, "conf": 0.0}, "5": {"acc": 0.0, "conf": 0.0}, "6": {"acc": 0.535, "conf": 0.5740000009536743}, "7": {"acc": 0.695, "conf": 0.6449999809265137}, "8": {"acc": 0.25, "conf": 0.7070000171661377}, "9": {"acc": 0.0, "conf": 0.0}, "10": {"acc": 0.0, "conf": 0.0}}}, "entropy": {"mean": 0.9409999847412109, "var": 0.0010000000474974513}, "var_ratio": {"mean": 0.3610000014305115, "var": 0.0010000000474974513}, "std": {"mean": 0.13899999856948853, "var": 0.0010000000474974513}, "nll": {"mean": 0.6330000162124634, "var": 0.07500000298023224}, "brier": {"mean": 0.2199999988079071, "var": 0.017999999225139618}, "margin": {"mean": 0.2770000100135803, "var": 0.004000000189989805}, "temperature": 1.2961313724517822}, "test_results": {"acc": 0.663768115942029, "f1": 0.7976273551988834, "acc_and_f1": 0.7306977355704563, "ece": {"ece": 0.025259704140649368, "refinement": 0.22215042798430207, "bins": {"1": {"acc": 0.0, "conf": 0.0}, "2": {"acc": 0.0, "conf": 0.0}, "3": {"acc": 0.0, "conf": 0.0}, "4": {"acc": 0.0, "conf": 0.0}, "5": {"acc": 0.0, "conf": 0.0}, "6": {"acc": 0.577, "conf": 0.5759999752044678}, "7": {"acc": 0.675, "conf": 0.6460000276565552}, "8": {"acc": 0.75, "conf": 0.7039999961853027}, "9": {"acc": 0.0, "conf": 0.0}, "10": {"acc": 0.0, "conf": 0.0}}}, "entropy": {"mean": 0.9409999847412109, "var": 0.0010000000474974513}, "var_ratio": {"mean": 0.3610000014305115, "var": 0.0010000000474974513}, "std": {"mean": 0.13899999856948853, "var": 0.0010000000474974513}, "nll": {"mean": 0.6380000114440918, "var": 0.07599999755620956}, "brier": {"mean": 0.22300000488758087, "var": 0.017999999225139618}, "margin": {"mean": 0.2770000100135803, "var": 0.004000000189989805}, "temperature": 1.2961313724517822}}