{"acc": 0.6328024894746477, "ece": {"ece": 0.03309975319809472, "refinement": 0.22799653775899292, "bins": {"1": {"acc": 0.0, "conf": 0.0}, "2": {"acc": 0.0, "conf": 0.0}, "3": {"acc": 0.0, "conf": 0.0}, "4": {"acc": 0.0, "conf": 0.0}, "5": {"acc": 0.0, "conf": 0.0}, "6": {"acc": 0.556, "conf": 0.5509999990463257}, "7": {"acc": 0.605, "conf": 0.6430000066757202}, "8": {"acc": 0.705, "conf": 0.7490000128746033}, "9": {"acc": 0.569, "conf": 0.8100000023841858}, "10": {"acc": 0.0, "conf": 0.0}}}, "entropy": {"mean": 0.8960000276565552, "var": 0.00800000037997961}, "var_ratio": {"mean": 0.33799999952316284, "var": 0.00800000037997961}, "std": {"mean": 0.16200000047683716, "var": 0.00800000037997961}, "nll": {"mean": 0.652999997138977, "var": 0.14399999380111694}, "brier": {"mean": 0.23000000417232513, "var": 0.029999999329447746}, "margin": {"mean": 0.32499998807907104, "var": 0.032999999821186066}, "temperature": 1.46}