{"test_ood_results": {"acc": 0.8584743946860939, "f1": 0.554468802698145, "acc_and_f1": 0.7064715986921195, "ece": {"ece": 0.0962785805398145, "refinement": 0.10674204455028606, "bins": {"1": {"acc": 0.0, "conf": 0.0}, "2": {"acc": 0.0, "conf": 0.0}, "3": {"acc": 0.0, "conf": 0.0}, "4": {"acc": 0.0, "conf": 0.0}, "5": {"acc": 0.0, "conf": 0.0}, "6": {"acc": 0.466, "conf": 0.5490000247955322}, "7": {"acc": 0.491, "conf": 0.6549999713897705}, "8": {"acc": 0.64, "conf": 0.753000020980835}, "9": {"acc": 0.628, "conf": 0.8519999980926514}, "10": {"acc": 0.907, "conf": 0.9929999709129333}}}, "entropy": {"mean": 0.14900000393390656, "var": 0.08299999684095383}, "var_ratio": {"mean": 0.04500000178813934, "var": 0.010999999940395355}, "std": {"mean": 0.45500001311302185, "var": 0.010999999940395355}, "nll": {"mean": 0.5379999876022339, "var": 2.688999891281128}, "brier": {"mean": 0.11400000005960464, "var": 0.07800000160932541}, "margin": {"mean": 0.9100000262260437, "var": 0.04399999976158142}, "temperature": 2.559317111968994}}