{"val_results": {"acc": 0.8615883925162275, "ece": {"ece": 0.02025869635508778, "refinement": 0.10339863691780388, "bins": {"1": {"acc": 0.0, "conf": 0.0}, "2": {"acc": 0.0, "conf": 0.0}, "3": {"acc": 0.0, "conf": 0.0}, "4": {"acc": 0.0, "conf": 0.0}, "5": {"acc": 0.0, "conf": 0.0}, "6": {"acc": 0.53, "conf": 0.550000011920929}, "7": {"acc": 0.655, "conf": 0.652999997138977}, "8": {"acc": 0.732, "conf": 0.7490000128746033}, "9": {"acc": 0.812, "conf": 0.8619999885559082}, "10": {"acc": 0.943, "conf": 0.9599999785423279}}}, "entropy": {"mean": 0.42500001192092896, "var": 0.08399999886751175}, "var_ratio": {"mean": 0.11800000071525574, "var": 0.017000000923871994}, "std": {"mean": 0.38199999928474426, "var": 0.017000000923871994}, "nll": {"mean": 0.33899998664855957, "var": 0.4429999887943268}, "brier": {"mean": 0.10300000011920929, "var": 0.04899999871850014}, "margin": {"mean": 0.7630000114440918, "var": 0.06599999964237213}, "temperature": 1.0295398235321045}, "test_results": {"acc": 0.8806516565989383, "ece": {"ece": 0.012529114882151283, "refinement": 0.08726574750407541, "bins": {"1": {"acc": 0.0, "conf": 0.0}, "2": {"acc": 0.0, "conf": 0.0}, "3": {"acc": 0.0, "conf": 0.0}, "4": {"acc": 0.0, "conf": 0.0}, "5": {"acc": 0.0, "conf": 0.0}, "6": {"acc": 0.563, "conf": 0.5509999990463257}, "7": {"acc": 0.643, "conf": 0.6510000228881836}, "8": {"acc": 0.711, "conf": 0.7490000128746033}, "9": {"acc": 0.837, "conf": 0.8600000143051147}, "10": {"acc": 0.966, "conf": 0.9589999914169312}}}, "entropy": {"mean": 0.4259999990463257, "var": 0.08299999684095383}, "var_ratio": {"mean": 0.11800000071525574, "var": 0.017000000923871994}, "std": {"mean": 0.38199999928474426, "var": 0.017000000923871994}, "nll": {"mean": 0.2849999964237213, "var": 0.3059999942779541}, "brier": {"mean": 0.08699999749660492, "var": 0.03799999877810478}, "margin": {"mean": 0.7630000114440918, "var": 0.06700000166893005}, "temperature": 1.0295398235321045}}