{"val_results": {"acc": 0.9046629046629047, "ece": {"ece": 0.029550778810936144, "refinement": 0.07178327805085932, "bins": {"1": {"acc": 0.0, "conf": 0.0}, "2": {"acc": 0.0, "conf": 0.0}, "3": {"acc": 0.0, "conf": 0.0}, "4": {"acc": 0.0, "conf": 0.0}, "5": {"acc": 0.0, "conf": 0.0}, "6": {"acc": 0.515, "conf": 0.5559999942779541}, "7": {"acc": 0.525, "conf": 0.6499999761581421}, "8": {"acc": 0.66, "conf": 0.7509999871253967}, "9": {"acc": 0.758, "conf": 0.859000027179718}, "10": {"acc": 0.955, "conf": 0.972000002861023}}}, "entropy": {"mean": 0.2750000059604645, "var": 0.061000000685453415}, "var_ratio": {"mean": 0.06599999964237213, "var": 0.009999999776482582}, "std": {"mean": 0.4339999854564667, "var": 0.009999999776482582}, "nll": {"mean": 0.24799999594688416, "var": 0.44699999690055847}, "brier": {"mean": 0.07199999690055847, "var": 0.04399999976158142}, "margin": {"mean": 0.8679999709129333, "var": 0.03799999877810478}, "temperature": 1.0103013515472412}, "test_results": {"acc": 0.9035591274397244, "ece": {"ece": 0.031096962303025884, "refinement": 0.07163961069244303, "bins": {"1": {"acc": 0.0, "conf": 0.0}, "2": {"acc": 0.0, "conf": 0.0}, "3": {"acc": 0.0, "conf": 0.0}, "4": {"acc": 0.0, "conf": 0.0}, "5": {"acc": 0.0, "conf": 0.0}, "6": {"acc": 0.353, "conf": 0.5440000295639038}, "7": {"acc": 0.697, "conf": 0.6539999842643738}, "8": {"acc": 0.675, "conf": 0.7590000033378601}, "9": {"acc": 0.712, "conf": 0.8529999852180481}, "10": {"acc": 0.959, "conf": 0.9710000157356262}}}, "entropy": {"mean": 0.2840000092983246, "var": 0.06400000303983688}, "var_ratio": {"mean": 0.0689999982714653, "var": 0.009999999776482582}, "std": {"mean": 0.4309999942779541, "var": 0.009999999776482582}, "nll": {"mean": 0.24799999594688416, "var": 0.42399999499320984}, "brier": {"mean": 0.0729999989271164, "var": 0.0430000014603138}, "margin": {"mean": 0.8629999756813049, "var": 0.03799999877810478}, "temperature": 1.0103013515472412}}