{"val_results": {"acc": 0.7843137254901961, "f1": 0.8345864661654135, "acc_and_f1": 0.8094500958278048, "ece": {"ece": 0.04747663233794419, "refinement": 0.1459325732583547, "bins": {"1": {"acc": 0.0, "conf": 0.0}, "2": {"acc": 0.0, "conf": 0.0}, "3": {"acc": 0.0, "conf": 0.0}, "4": {"acc": 0.0, "conf": 0.0}, "5": {"acc": 0.0, "conf": 0.0}, "6": {"acc": 0.5, "conf": 0.5529999732971191}, "7": {"acc": 0.533, "conf": 0.6489999890327454}, "8": {"acc": 0.71, "conf": 0.7519999742507935}, "9": {"acc": 0.796, "conf": 0.8539999723434448}, "10": {"acc": 0.929, "conf": 0.953000009059906}}}, "entropy": {"mean": 0.5600000023841858, "var": 0.08299999684095383}, "var_ratio": {"mean": 0.1679999977350235, "var": 0.017999999225139618}, "std": {"mean": 0.3319999873638153, "var": 0.017999999225139618}, "nll": {"mean": 0.45500001311302185, "var": 0.42500001192092896}, "brier": {"mean": 0.14800000190734863, "var": 0.05700000002980232}, "margin": {"mean": 0.6639999747276306, "var": 0.07199999690055847}, "temperature": 0.8919757604598999}, "test_results": {"acc": 0.7872463768115942, "f1": 0.8363798484172984, "acc_and_f1": 0.8118131126144463, "ece": {"ece": 0.040509053693301406, "refinement": 0.14564258928180654, "bins": {"1": {"acc": 0.0, "conf": 0.0}, "2": {"acc": 0.0, "conf": 0.0}, "3": {"acc": 0.0, "conf": 0.0}, "4": {"acc": 0.0, "conf": 0.0}, "5": {"acc": 0.0, "conf": 0.0}, "6": {"acc": 0.588, "conf": 0.5529999732971191}, "7": {"acc": 0.58, "conf": 0.6489999890327454}, "8": {"acc": 0.655, "conf": 0.7480000257492065}, "9": {"acc": 0.803, "conf": 0.8510000109672546}, "10": {"acc": 0.942, "conf": 0.9520000219345093}}}, "entropy": {"mean": 0.5799999833106995, "var": 0.0860000029206276}, "var_ratio": {"mean": 0.18000000715255737, "var": 0.019999999552965164}, "std": {"mean": 0.3199999928474426, "var": 0.019999999552965164}, "nll": {"mean": 0.44999998807907104, "var": 0.38199999928474426}, "brier": {"mean": 0.1469999998807907, "var": 0.052000001072883606}, "margin": {"mean": 0.6399999856948853, "var": 0.07999999821186066}, "temperature": 0.8919757604598999}}