{"acc": 0.6225575068018798, "f1": 0.6413968134605442, "acc_and_f1": 0.6319771601312121, "ece": {"ece": 0.17032929955217585, "refinement": 0.23247504417905054, "bins": {"1": {"acc": 0.0, "conf": 0.0}, "2": {"acc": 0.0, "conf": 0.0}, "3": {"acc": 0.0, "conf": 0.0}, "4": {"acc": 0.0, "conf": 0.0}, "5": {"acc": 0.0, "conf": 0.0}, "6": {"acc": 0.54, "conf": 0.550000011920929}, "7": {"acc": 0.624, "conf": 0.652999997138977}, "8": {"acc": 0.704, "conf": 0.7509999871253967}, "9": {"acc": 0.634, "conf": 0.8500000238418579}, "10": {"acc": 0.59, "conf": 0.9399999976158142}}}, "entropy": {"mean": 0.6539999842643738, "var": 0.06499999761581421}, "var_ratio": {"mean": 0.2070000022649765, "var": 0.017999999225139618}, "std": {"mean": 0.2930000126361847, "var": 0.017999999225139618}, "nll": {"mean": 0.8529999852180481, "var": 0.8679999709129333}, "brier": {"mean": 0.2809999883174896, "var": 0.10100000351667404}, "margin": {"mean": 0.5860000252723694, "var": 0.07199999690055847}, "temperature": 1.11}