{"val_results": {"acc": 0.456, "ece": {"ece": 0.047962993621826155, "refinement": 0.24806400000000003, "bins": {"1": {"acc": 0.0, "conf": 0.0}, "2": {"acc": 0.0, "conf": 0.0}, "3": {"acc": 0.0, "conf": 0.0}, "4": {"acc": 0.0, "conf": 0.0}, "5": {"acc": 0.0, "conf": 0.0}, "6": {"acc": 0.456, "conf": 0.5040000081062317}, "7": {"acc": 0.0, "conf": 0.0}, "8": {"acc": 0.0, "conf": 0.0}, "9": {"acc": 0.0, "conf": 0.0}, "10": {"acc": 0.0, "conf": 0.0}}}, "entropy": {"mean": 1.0, "var": 0.0}, "var_ratio": {"mean": 0.4959999918937683, "var": 0.0}, "std": {"mean": 0.004000000189989805, "var": 0.0}, "nll": {"mean": 0.6940000057220459, "var": 0.0}, "brier": {"mean": 0.25099998712539673, "var": 0.0}, "margin": {"mean": 0.00800000037997961, "var": 0.0}, "temperature": 1.5000064373016357}, "test_results": {"acc": 0.516245487364621, "ece": {"ece": 0.012736561926693701, "refinement": 0.24973608414028595, "bins": {"1": {"acc": 0.0, "conf": 0.0}, "2": {"acc": 0.0, "conf": 0.0}, "3": {"acc": 0.0, "conf": 0.0}, "4": {"acc": 0.0, "conf": 0.0}, "5": {"acc": 0.0, "conf": 0.0}, "6": {"acc": 0.516, "conf": 0.5040000081062317}, "7": {"acc": 0.0, "conf": 0.0}, "8": {"acc": 0.0, "conf": 0.0}, "9": {"acc": 0.0, "conf": 0.0}, "10": {"acc": 0.0, "conf": 0.0}}}, "entropy": {"mean": 1.0, "var": 0.0}, "var_ratio": {"mean": 0.4959999918937683, "var": 0.0}, "std": {"mean": 0.004000000189989805, "var": 0.0}, "nll": {"mean": 0.6930000185966492, "var": 0.0}, "brier": {"mean": 0.25, "var": 0.0}, "margin": {"mean": 0.007000000216066837, "var": 0.0}, "temperature": 1.5000064373016357}}