{"val_results": {"acc": 0.8389692401711143, "ece": {"ece": 0.02888571625329929, "refinement": 0.11048828385290384, "bins": {"1": {"acc": 0.0, "conf": 0.0}, "2": {"acc": 0.0, "conf": 0.0}, "3": {"acc": 0.0, "conf": 0.0}, "4": {"acc": 0.324, "conf": 0.37700000405311584}, "5": {"acc": 0.466, "conf": 0.4650000035762787}, "6": {"acc": 0.525, "conf": 0.550000011920929}, "7": {"acc": 0.597, "conf": 0.6520000100135803}, "8": {"acc": 0.711, "conf": 0.7519999742507935}, "9": {"acc": 0.8, "conf": 0.8560000061988831}, "10": {"acc": 0.949, "conf": 0.9679999947547913}}}, "entropy": {"mean": 0.5070000290870667, "var": 0.18000000715255737}, "var_ratio": {"mean": 0.13199999928474426, "var": 0.024000000208616257}, "std": {"mean": 0.38499999046325684, "var": 0.008999999612569809}, "nll": {"mean": 0.421999990940094, "var": 0.6769999861717224}, "brier": {"mean": 0.07800000160932541, "var": 0.02500000037252903}, "margin": {"mean": 0.7620000243186951, "var": 0.07699999958276749}, "temperature": 1.0136622190475464}, "test_results": {"acc": 0.8436067244014264, "ece": {"ece": 0.024877415481296298, "refinement": 0.10742545573655823, "bins": {"1": {"acc": 0.0, "conf": 0.0}, "2": {"acc": 0.0, "conf": 0.0}, "3": {"acc": 0.0, "conf": 0.0}, "4": {"acc": 0.212, "conf": 0.3790000081062317}, "5": {"acc": 0.426, "conf": 0.46299999952316284}, "6": {"acc": 0.567, "conf": 0.5509999990463257}, "7": {"acc": 0.62, "conf": 0.6510000228881836}, "8": {"acc": 0.72, "conf": 0.7519999742507935}, "9": {"acc": 0.789, "conf": 0.8560000061988831}, "10": {"acc": 0.954, "conf": 0.9679999947547913}}}, "entropy": {"mean": 0.5099999904632568, "var": 0.18000000715255737}, "var_ratio": {"mean": 0.1340000033378601, "var": 0.024000000208616257}, "std": {"mean": 0.3840000033378601, "var": 0.008999999612569809}, "nll": {"mean": 0.41499999165534973, "var": 0.6700000166893005}, "brier": {"mean": 0.07699999958276749, "var": 0.024000000208616257}, "margin": {"mean": 0.7580000162124634, "var": 0.07800000160932541}, "temperature": 1.0136622190475464}}