{"val_results": {"acc": 0.8088235294117647, "f1": 0.8581818181818183, "acc_and_f1": 0.8335026737967914, "ece": {"ece": 0.04658034414637324, "refinement": 0.13490465562918935, "bins": {"1": {"acc": 0.0, "conf": 0.0}, "2": {"acc": 0.0, "conf": 0.0}, "3": {"acc": 0.0, "conf": 0.0}, "4": {"acc": 0.0, "conf": 0.0}, "5": {"acc": 0.0, "conf": 0.0}, "6": {"acc": 0.659, "conf": 0.5529999732971191}, "7": {"acc": 0.589, "conf": 0.6510000228881836}, "8": {"acc": 0.661, "conf": 0.7480000257492065}, "9": {"acc": 0.853, "conf": 0.8479999899864197}, "10": {"acc": 0.939, "conf": 0.972000002861023}}}, "entropy": {"mean": 0.527999997138977, "var": 0.11800000071525574}, "var_ratio": {"mean": 0.1679999977350235, "var": 0.023000000044703484}, "std": {"mean": 0.3319999873638153, "var": 0.023000000044703484}, "nll": {"mean": 0.4300000071525574, "var": 0.4390000104904175}, "brier": {"mean": 0.1379999965429306, "var": 0.05000000074505806}, "margin": {"mean": 0.6639999747276306, "var": 0.09099999815225601}, "temperature": 0.8381146788597107}, "test_results": {"acc": 0.808695652173913, "f1": 0.8572664359861591, "acc_and_f1": 0.832981044080036, "ece": {"ece": 0.024036644818126313, "refinement": 0.12733619655969347, "bins": {"1": {"acc": 0.0, "conf": 0.0}, "2": {"acc": 0.0, "conf": 0.0}, "3": {"acc": 0.0, "conf": 0.0}, "4": {"acc": 0.0, "conf": 0.0}, "5": {"acc": 0.0, "conf": 0.0}, "6": {"acc": 0.528, "conf": 0.550000011920929}, "7": {"acc": 0.568, "conf": 0.6510000228881836}, "8": {"acc": 0.758, "conf": 0.7519999742507935}, "9": {"acc": 0.858, "conf": 0.843999981880188}, "10": {"acc": 0.956, "conf": 0.9710000157356262}}}, "entropy": {"mean": 0.5360000133514404, "var": 0.12099999934434891}, "var_ratio": {"mean": 0.17299999296665192, "var": 0.024000000208616257}, "std": {"mean": 0.3269999921321869, "var": 0.024000000208616257}, "nll": {"mean": 0.39399999380111694, "var": 0.335999995470047}, "brier": {"mean": 0.12800000607967377, "var": 0.041999999433755875}, "margin": {"mean": 0.652999997138977, "var": 0.0949999988079071}, "temperature": 0.8381146788597107}}