{"val_results": {"acc": 0.68, "ece": {"ece": 0.05055124950408936, "refinement": 0.20346179966044145, "bins": {"1": {"acc": 0.0, "conf": 0.0}, "2": {"acc": 0.0, "conf": 0.0}, "3": {"acc": 0.0, "conf": 0.0}, "4": {"acc": 0.0, "conf": 0.0}, "5": {"acc": 0.0, "conf": 0.0}, "6": {"acc": 0.484, "conf": 0.5509999990463257}, "7": {"acc": 0.688, "conf": 0.6600000262260437}, "8": {"acc": 0.789, "conf": 0.7490000128746033}, "9": {"acc": 0.75, "conf": 0.824999988079071}, "10": {"acc": 0.0, "conf": 0.0}}}, "entropy": {"mean": 0.8560000061988831, "var": 0.014000000432133675}, "var_ratio": {"mean": 0.30799999833106995, "var": 0.009999999776482582}, "std": {"mean": 0.19200000166893005, "var": 0.009999999776482582}, "nll": {"mean": 0.6000000238418579, "var": 0.17599999904632568}, "brier": {"mean": 0.20600000023841858, "var": 0.03500000014901161}, "margin": {"mean": 0.382999986410141, "var": 0.04100000113248825}, "bert_output": null, "gold_labels": [0, 0, 1, 0, 0, 1, 1, 0, 0, 0, 0, 1, 0, 1, 0, 0, 0, 0, 0, 1, 1, 0, 0, 0, 1, 1, 1, 0, 0, 1, 0, 1, 0, 0, 1, 1, 0, 1, 1, 1, 1, 1, 0, 0, 0, 1, 0, 0, 0, 0, 0, 1, 0, 0, 1, 1, 1, 0, 1, 1, 0, 1, 0, 1, 0, 0, 0, 1, 0, 1, 1, 1, 1, 0, 1, 1, 0, 0, 0, 1, 1, 0, 1, 1, 0, 0, 1, 1, 0, 0, 1, 1, 1, 0, 1, 0, 0, 1, 1, 1, 1, 1, 1, 1, 1, 1, 0, 1, 0, 0, 1, 0, 0, 0, 1, 1, 1, 0, 0, 0, 1, 1, 0, 0, 1]}, "test_results": {"acc": 0.6209386281588448, "ece": {"ece": 0.06126155986682602, "refinement": 0.21633609400438875, "bins": {"1": {"acc": 0.0, "conf": 0.0}, "2": {"acc": 0.0, "conf": 0.0}, "3": {"acc": 0.0, "conf": 0.0}, "4": {"acc": 0.0, "conf": 0.0}, "5": {"acc": 0.0, "conf": 0.0}, "6": {"acc": 0.4, "conf": 0.5460000038146973}, "7": {"acc": 0.627, "conf": 0.6489999890327454}, "8": {"acc": 0.696, "conf": 0.7509999871253967}, "9": {"acc": 0.8, "conf": 0.8230000138282776}, "10": {"acc": 0.0, "conf": 0.0}}}, "entropy": {"mean": 0.8610000014305115, "var": 0.012000000104308128}, "var_ratio": {"mean": 0.3109999895095825, "var": 0.009999999776482582}, "std": {"mean": 0.1889999955892563, "var": 0.009999999776482582}, "nll": {"mean": 0.6370000243186951, "var": 0.18299999833106995}, "brier": {"mean": 0.22300000488758087, "var": 0.03700000047683716}, "margin": {"mean": 0.3790000081062317, "var": 0.03799999877810478}, "bert_output": null, "gold_labels": [1, 0, 1, 1, 0, 0, 0, 0, 0, 0, 0, 1, 1, 0, 0, 1, 1, 0, 0, 1, 0, 0, 0, 0, 1, 1, 1, 0, 1, 1, 1, 0, 1, 1, 0, 1, 1, 0, 1, 1, 0, 1, 0, 0, 0, 1, 0, 1, 1, 1, 1, 0, 1, 0, 0, 1, 0, 1, 1, 0, 0, 1, 1, 0, 1, 1, 0, 0, 0, 0, 0, 0, 1, 0, 0, 1, 0, 1, 1, 0, 1, 0, 1, 1, 1, 0, 0, 1, 0, 1, 0, 1, 0, 0, 1, 1, 1, 0, 0, 0, 0, 0, 0, 0, 0, 0, 0, 1, 0, 0, 0, 0, 0, 1, 1, 0, 0, 1, 1, 1, 1, 1, 1, 0, 1, 1, 1, 1, 0, 0, 1, 0, 0, 1, 0, 0, 1, 0, 1, 1, 1, 0, 1, 0, 1, 0, 0, 1, 0, 0, 1, 1, 0, 0, 0, 0, 1, 0, 1, 1, 0, 0, 1, 1, 0, 0, 1, 1, 1, 1, 0, 0, 1, 0, 0, 0, 0, 0, 1, 1, 0, 0, 1, 1, 0, 0, 0, 0, 0, 0, 1, 0, 1, 0, 1, 0, 1, 0, 1, 1, 0, 0, 0, 1, 0, 1, 1, 1, 1, 1, 0, 0, 0, 1, 0, 1, 0, 1, 1, 0, 0, 0, 1, 1, 0, 1, 0, 0, 1, 0, 1, 0, 1, 1, 0, 0, 1, 0, 1, 1, 0, 0, 1, 1, 1, 1, 1, 0, 1, 1, 1, 0, 1, 0, 1, 0, 0, 0, 1, 0, 0, 1, 0, 0, 1, 1, 0, 1, 0, 1, 1, 1, 0, 0, 0, 0, 1]}}