{"val_results": {"acc": 0.616, "ece": {"ece": 0.06395208120346067, "refinement": 0.2179964646464646, "bins": {"1": {"acc": 0.0, "conf": 0.0}, "2": {"acc": 0.0, "conf": 0.0}, "3": {"acc": 0.0, "conf": 0.0}, "4": {"acc": 0.0, "conf": 0.0}, "5": {"acc": 0.0, "conf": 0.0}, "6": {"acc": 0.406, "conf": 0.5550000071525574}, "7": {"acc": 0.644, "conf": 0.656000018119812}, "8": {"acc": 0.697, "conf": 0.7390000224113464}, "9": {"acc": 0.75, "conf": 0.8370000123977661}, "10": {"acc": 1.0, "conf": 0.9110000133514404}}}, "entropy": {"mean": 0.8759999871253967, "var": 0.01600000075995922}, "var_ratio": {"mean": 0.3240000009536743, "var": 0.009999999776482582}, "std": {"mean": 0.17599999904632568, "var": 0.009999999776482582}, "nll": {"mean": 0.6290000081062317, "var": 0.15299999713897705}, "brier": {"mean": 0.2199999988079071, "var": 0.03099999949336052}, "margin": {"mean": 0.35100001096725464, "var": 0.03799999877810478}, "bert_output": null, "gold_labels": [0, 0, 1, 0, 0, 1, 1, 0, 0, 0, 0, 1, 0, 1, 0, 0, 0, 0, 0, 1, 1, 0, 0, 0, 1, 1, 1, 0, 0, 1, 0, 1, 0, 0, 1, 1, 0, 1, 1, 1, 1, 1, 0, 0, 0, 1, 0, 0, 0, 0, 0, 1, 0, 0, 1, 1, 1, 0, 1, 1, 0, 1, 0, 1, 0, 0, 0, 1, 0, 1, 1, 1, 1, 0, 1, 1, 0, 0, 0, 1, 1, 0, 1, 1, 0, 0, 1, 1, 0, 0, 1, 1, 1, 0, 1, 0, 0, 1, 1, 1, 1, 1, 1, 1, 1, 1, 0, 1, 0, 0, 1, 0, 0, 0, 1, 1, 1, 0, 0, 0, 1, 1, 0, 0, 1]}, "test_results": {"acc": 0.631768953068592, "ece": {"ece": 0.023744337180030908, "refinement": 0.2152598146805161, "bins": {"1": {"acc": 0.0, "conf": 0.0}, "2": {"acc": 0.0, "conf": 0.0}, "3": {"acc": 0.0, "conf": 0.0}, "4": {"acc": 0.0, "conf": 0.0}, "5": {"acc": 0.0, "conf": 0.0}, "6": {"acc": 0.531, "conf": 0.5460000038146973}, "7": {"acc": 0.606, "conf": 0.652999997138977}, "8": {"acc": 0.726, "conf": 0.7419999837875366}, "9": {"acc": 0.848, "conf": 0.8420000076293945}, "10": {"acc": 1.0, "conf": 0.9039999842643738}}}, "entropy": {"mean": 0.8790000081062317, "var": 0.017000000923871994}, "var_ratio": {"mean": 0.33399999141693115, "var": 0.012000000104308128}, "std": {"mean": 0.16599999368190765, "var": 0.012000000104308128}, "nll": {"mean": 0.6209999918937683, "var": 0.14000000059604645}, "brier": {"mean": 0.21699999272823334, "var": 0.02800000086426735}, "margin": {"mean": 0.3310000002384186, "var": 0.04699999839067459}, "bert_output": null, "gold_labels": [1, 0, 1, 1, 0, 0, 0, 0, 0, 0, 0, 1, 1, 0, 0, 1, 1, 0, 0, 1, 0, 0, 0, 0, 1, 1, 1, 0, 1, 1, 1, 0, 1, 1, 0, 1, 1, 0, 1, 1, 0, 1, 0, 0, 0, 1, 0, 1, 1, 1, 1, 0, 1, 0, 0, 1, 0, 1, 1, 0, 0, 1, 1, 0, 1, 1, 0, 0, 0, 0, 0, 0, 1, 0, 0, 1, 0, 1, 1, 0, 1, 0, 1, 1, 1, 0, 0, 1, 0, 1, 0, 1, 0, 0, 1, 1, 1, 0, 0, 0, 0, 0, 0, 0, 0, 0, 0, 1, 0, 0, 0, 0, 0, 1, 1, 0, 0, 1, 1, 1, 1, 1, 1, 0, 1, 1, 1, 1, 0, 0, 1, 0, 0, 1, 0, 0, 1, 0, 1, 1, 1, 0, 1, 0, 1, 0, 0, 1, 0, 0, 1, 1, 0, 0, 0, 0, 1, 0, 1, 1, 0, 0, 1, 1, 0, 0, 1, 1, 1, 1, 0, 0, 1, 0, 0, 0, 0, 0, 1, 1, 0, 0, 1, 1, 0, 0, 0, 0, 0, 0, 1, 0, 1, 0, 1, 0, 1, 0, 1, 1, 0, 0, 0, 1, 0, 1, 1, 1, 1, 1, 0, 0, 0, 1, 0, 1, 0, 1, 1, 0, 0, 0, 1, 1, 0, 1, 0, 0, 1, 0, 1, 0, 1, 1, 0, 0, 1, 0, 1, 1, 0, 0, 1, 1, 1, 1, 1, 0, 1, 1, 1, 0, 1, 0, 1, 0, 0, 0, 1, 0, 0, 1, 0, 0, 1, 1, 0, 1, 0, 1, 1, 1, 0, 0, 0, 0, 1]}}