{"val_results": {"acc": 0.696, "ece": {"ece": 0.03690501451492311, "refinement": 0.20607522028798625, "bins": {"1": {"acc": 0.0, "conf": 0.0}, "2": {"acc": 0.0, "conf": 0.0}, "3": {"acc": 0.0, "conf": 0.0}, "4": {"acc": 0.0, "conf": 0.0}, "5": {"acc": 0.0, "conf": 0.0}, "6": {"acc": 0.611, "conf": 0.5519999861717224}, "7": {"acc": 0.606, "conf": 0.6520000100135803}, "8": {"acc": 0.745, "conf": 0.7559999823570251}, "9": {"acc": 0.778, "conf": 0.8330000042915344}, "10": {"acc": 0.0, "conf": 0.0}}}, "entropy": {"mean": 0.828000009059906, "var": 0.014999999664723873}, "var_ratio": {"mean": 0.2840000092983246, "var": 0.008999999612569809}, "std": {"mean": 0.2160000056028366, "var": 0.008999999612569809}, "nll": {"mean": 0.6019999980926514, "var": 0.21299999952316284}, "brier": {"mean": 0.2070000022649765, "var": 0.041999999433755875}, "margin": {"mean": 0.4320000112056732, "var": 0.03700000047683716}, "bert_output": null, "gold_labels": [0, 0, 1, 0, 0, 1, 1, 0, 0, 0, 0, 1, 0, 1, 0, 0, 0, 0, 0, 1, 1, 0, 0, 0, 1, 1, 1, 0, 0, 1, 0, 1, 0, 0, 1, 1, 0, 1, 1, 1, 1, 1, 0, 0, 0, 1, 0, 0, 0, 0, 0, 1, 0, 0, 1, 1, 1, 0, 1, 1, 0, 1, 0, 1, 0, 0, 0, 1, 0, 1, 1, 1, 1, 0, 1, 1, 0, 0, 0, 1, 1, 0, 1, 1, 0, 0, 1, 1, 0, 0, 1, 1, 1, 0, 1, 0, 0, 1, 1, 1, 1, 1, 1, 1, 1, 1, 0, 1, 0, 0, 1, 0, 0, 0, 1, 1, 1, 0, 0, 0, 1, 1, 0, 0, 1]}, "test_results": {"acc": 0.6173285198555957, "ece": {"ece": 0.09823406108449945, "refinement": 0.22040350856151375, "bins": {"1": {"acc": 0.0, "conf": 0.0}, "2": {"acc": 0.0, "conf": 0.0}, "3": {"acc": 0.0, "conf": 0.0}, "4": {"acc": 0.0, "conf": 0.0}, "5": {"acc": 0.0, "conf": 0.0}, "6": {"acc": 0.417, "conf": 0.5460000038146973}, "7": {"acc": 0.5, "conf": 0.6579999923706055}, "8": {"acc": 0.674, "conf": 0.7590000033378601}, "9": {"acc": 0.81, "conf": 0.824999988079071}, "10": {"acc": 0.0, "conf": 0.0}}}, "entropy": {"mean": 0.8339999914169312, "var": 0.012000000104308128}, "var_ratio": {"mean": 0.2840000092983246, "var": 0.00800000037997961}, "std": {"mean": 0.2160000056028366, "var": 0.00800000037997961}, "nll": {"mean": 0.652999997138977, "var": 0.22599999606609344}, "brier": {"mean": 0.23000000417232513, "var": 0.04500000178813934}, "margin": {"mean": 0.4309999942779541, "var": 0.03200000151991844}, "bert_output": null, "gold_labels": [1, 0, 1, 1, 0, 0, 0, 0, 0, 0, 0, 1, 1, 0, 0, 1, 1, 0, 0, 1, 0, 0, 0, 0, 1, 1, 1, 0, 1, 1, 1, 0, 1, 1, 0, 1, 1, 0, 1, 1, 0, 1, 0, 0, 0, 1, 0, 1, 1, 1, 1, 0, 1, 0, 0, 1, 0, 1, 1, 0, 0, 1, 1, 0, 1, 1, 0, 0, 0, 0, 0, 0, 1, 0, 0, 1, 0, 1, 1, 0, 1, 0, 1, 1, 1, 0, 0, 1, 0, 1, 0, 1, 0, 0, 1, 1, 1, 0, 0, 0, 0, 0, 0, 0, 0, 0, 0, 1, 0, 0, 0, 0, 0, 1, 1, 0, 0, 1, 1, 1, 1, 1, 1, 0, 1, 1, 1, 1, 0, 0, 1, 0, 0, 1, 0, 0, 1, 0, 1, 1, 1, 0, 1, 0, 1, 0, 0, 1, 0, 0, 1, 1, 0, 0, 0, 0, 1, 0, 1, 1, 0, 0, 1, 1, 0, 0, 1, 1, 1, 1, 0, 0, 1, 0, 0, 0, 0, 0, 1, 1, 0, 0, 1, 1, 0, 0, 0, 0, 0, 0, 1, 0, 1, 0, 1, 0, 1, 0, 1, 1, 0, 0, 0, 1, 0, 1, 1, 1, 1, 1, 0, 0, 0, 1, 0, 1, 0, 1, 1, 0, 0, 0, 1, 1, 0, 1, 0, 0, 1, 0, 1, 0, 1, 1, 0, 0, 1, 0, 1, 1, 0, 0, 1, 1, 1, 1, 1, 0, 1, 1, 1, 0, 1, 0, 1, 0, 0, 0, 1, 0, 0, 1, 0, 0, 1, 1, 0, 1, 0, 1, 1, 1, 0, 0, 0, 0, 1]}}