{"val_results": {"acc": 0.6573119511263841, "ece": {"ece": 0.013776335701682053, "refinement": 0.22043631885649284, "bins": {"1": {"acc": 0.0, "conf": 0.0}, "2": {"acc": 0.0, "conf": 0.0}, "3": {"acc": 0.0, "conf": 0.0}, "4": {"acc": 0.0, "conf": 0.0}, "5": {"acc": 0.0, "conf": 0.0}, "6": {"acc": 0.546, "conf": 0.5509999990463257}, "7": {"acc": 0.667, "conf": 0.652999997138977}, "8": {"acc": 0.728, "conf": 0.7459999918937683}, "9": {"acc": 1.0, "conf": 0.8059999942779541}, "10": {"acc": 0.0, "conf": 0.0}}}, "entropy": {"mean": 0.9089999794960022, "var": 0.004999999888241291}, "var_ratio": {"mean": 0.34299999475479126, "var": 0.006000000052154064}, "std": {"mean": 0.15700000524520874, "var": 0.006000000052154064}, "nll": {"mean": 0.628000020980835, "var": 0.11500000208616257}, "brier": {"mean": 0.21899999678134918, "var": 0.02500000037252903}, "margin": {"mean": 0.3140000104904175, "var": 0.023000000044703484}, "temperature": 1.4638417959213257}, "test_results": {"acc": 0.6575141863444993, "ece": {"ece": 0.03128834966990882, "refinement": 0.22054482488706306, "bins": {"1": {"acc": 0.0, "conf": 0.0}, "2": {"acc": 0.0, "conf": 0.0}, "3": {"acc": 0.0, "conf": 0.0}, "4": {"acc": 0.0, "conf": 0.0}, "5": {"acc": 0.0, "conf": 0.0}, "6": {"acc": 0.538, "conf": 0.5509999990463257}, "7": {"acc": 0.686, "conf": 0.6520000100135803}, "8": {"acc": 0.706, "conf": 0.7459999918937683}, "9": {"acc": 0.909, "conf": 0.8050000071525574}, "10": {"acc": 0.0, "conf": 0.0}}}, "entropy": {"mean": 0.9070000052452087, "var": 0.004999999888241291}, "var_ratio": {"mean": 0.3409999907016754, "var": 0.006000000052154064}, "std": {"mean": 0.1589999943971634, "var": 0.006000000052154064}, "nll": {"mean": 0.6309999823570251, "var": 0.11900000274181366}, "brier": {"mean": 0.2199999988079071, "var": 0.026000000536441803}, "margin": {"mean": 0.3179999887943268, "var": 0.024000000208616257}, "temperature": 1.4638417959213257}}