{"val_results": {"acc": 0.648, "ece": {"ece": 0.06047696256637573, "refinement": 0.21611396854764106, "bins": {"1": {"acc": 0.0, "conf": 0.0}, "2": {"acc": 0.0, "conf": 0.0}, "3": {"acc": 0.0, "conf": 0.0}, "4": {"acc": 0.0, "conf": 0.0}, "5": {"acc": 0.0, "conf": 0.0}, "6": {"acc": 0.511, "conf": 0.5529999732971191}, "7": {"acc": 0.733, "conf": 0.6430000066757202}, "8": {"acc": 0.696, "conf": 0.7480000257492065}, "9": {"acc": 0.8, "conf": 0.8309999704360962}, "10": {"acc": 0.0, "conf": 0.0}}}, "entropy": {"mean": 0.9110000133514404, "var": 0.010999999940395355}, "var_ratio": {"mean": 0.3569999933242798, "var": 0.008999999612569809}, "std": {"mean": 0.14300000667572021, "var": 0.008999999612569809}, "nll": {"mean": 0.625, "var": 0.1080000028014183}, "brier": {"mean": 0.21799999475479126, "var": 0.02199999988079071}, "margin": {"mean": 0.28700000047683716, "var": 0.03500000014901161}, "bert_output": null, "gold_labels": [0, 0, 1, 0, 0, 1, 1, 0, 0, 0, 0, 1, 0, 1, 0, 0, 0, 0, 0, 1, 1, 0, 0, 0, 1, 1, 1, 0, 0, 1, 0, 1, 0, 0, 1, 1, 0, 1, 1, 1, 1, 1, 0, 0, 0, 1, 0, 0, 0, 0, 0, 1, 0, 0, 1, 1, 1, 0, 1, 1, 0, 1, 0, 1, 0, 0, 0, 1, 0, 1, 1, 1, 1, 0, 1, 1, 0, 0, 0, 1, 1, 0, 1, 1, 0, 0, 1, 1, 0, 0, 1, 1, 1, 0, 1, 0, 0, 1, 1, 1, 1, 1, 1, 1, 1, 1, 0, 1, 0, 0, 1, 0, 0, 0, 1, 1, 1, 0, 0, 0, 1, 1, 0, 0, 1]}, "test_results": {"acc": 0.631768953068592, "ece": {"ece": 0.024441937892445566, "refinement": 0.22879890813801593, "bins": {"1": {"acc": 0.0, "conf": 0.0}, "2": {"acc": 0.0, "conf": 0.0}, "3": {"acc": 0.0, "conf": 0.0}, "4": {"acc": 0.0, "conf": 0.0}, "5": {"acc": 0.0, "conf": 0.0}, "6": {"acc": 0.57, "conf": 0.5519999861717224}, "7": {"acc": 0.655, "conf": 0.6480000019073486}, "8": {"acc": 0.69, "conf": 0.7440000176429749}, "9": {"acc": 0.737, "conf": 0.8339999914169312}, "10": {"acc": 0.0, "conf": 0.0}}}, "entropy": {"mean": 0.9169999957084656, "var": 0.008999999612569809}, "var_ratio": {"mean": 0.35899999737739563, "var": 0.00800000037997961}, "std": {"mean": 0.14100000262260437, "var": 0.00800000037997961}, "nll": {"mean": 0.6420000195503235, "var": 0.10899999737739563}, "brier": {"mean": 0.22499999403953552, "var": 0.023000000044703484}, "margin": {"mean": 0.2809999883174896, "var": 0.03099999949336052}, "bert_output": null, "gold_labels": [1, 0, 1, 1, 0, 0, 0, 0, 0, 0, 0, 1, 1, 0, 0, 1, 1, 0, 0, 1, 0, 0, 0, 0, 1, 1, 1, 0, 1, 1, 1, 0, 1, 1, 0, 1, 1, 0, 1, 1, 0, 1, 0, 0, 0, 1, 0, 1, 1, 1, 1, 0, 1, 0, 0, 1, 0, 1, 1, 0, 0, 1, 1, 0, 1, 1, 0, 0, 0, 0, 0, 0, 1, 0, 0, 1, 0, 1, 1, 0, 1, 0, 1, 1, 1, 0, 0, 1, 0, 1, 0, 1, 0, 0, 1, 1, 1, 0, 0, 0, 0, 0, 0, 0, 0, 0, 0, 1, 0, 0, 0, 0, 0, 1, 1, 0, 0, 1, 1, 1, 1, 1, 1, 0, 1, 1, 1, 1, 0, 0, 1, 0, 0, 1, 0, 0, 1, 0, 1, 1, 1, 0, 1, 0, 1, 0, 0, 1, 0, 0, 1, 1, 0, 0, 0, 0, 1, 0, 1, 1, 0, 0, 1, 1, 0, 0, 1, 1, 1, 1, 0, 0, 1, 0, 0, 0, 0, 0, 1, 1, 0, 0, 1, 1, 0, 0, 0, 0, 0, 0, 1, 0, 1, 0, 1, 0, 1, 0, 1, 1, 0, 0, 0, 1, 0, 1, 1, 1, 1, 1, 0, 0, 0, 1, 0, 1, 0, 1, 1, 0, 0, 0, 1, 1, 0, 1, 0, 0, 1, 0, 1, 0, 1, 1, 0, 0, 1, 0, 1, 1, 0, 0, 1, 1, 1, 1, 1, 0, 1, 1, 1, 0, 1, 0, 1, 0, 0, 0, 1, 0, 0, 1, 0, 0, 1, 1, 0, 1, 0, 1, 1, 1, 0, 0, 0, 0, 1]}}