{"val_results": {"acc": 0.648, "ece": {"ece": 0.06173955965042115, "refinement": 0.2049226228125659, "bins": {"1": {"acc": 0.0, "conf": 0.0}, "2": {"acc": 0.0, "conf": 0.0}, "3": {"acc": 0.0, "conf": 0.0}, "4": {"acc": 0.0, "conf": 0.0}, "5": {"acc": 0.0, "conf": 0.0}, "6": {"acc": 0.452, "conf": 0.5540000200271606}, "7": {"acc": 0.559, "conf": 0.6549999713897705}, "8": {"acc": 0.778, "conf": 0.7459999918937683}, "9": {"acc": 0.833, "conf": 0.828000009059906}, "10": {"acc": 0.0, "conf": 0.0}}}, "entropy": {"mean": 0.8600000143051147, "var": 0.014000000432133675}, "var_ratio": {"mean": 0.3109999895095825, "var": 0.009999999776482582}, "std": {"mean": 0.1889999955892563, "var": 0.009999999776482582}, "nll": {"mean": 0.6110000014305115, "var": 0.17000000178813934}, "brier": {"mean": 0.21199999749660492, "var": 0.03400000184774399}, "margin": {"mean": 0.3790000081062317, "var": 0.03999999910593033}, "bert_output": null, "gold_labels": [0, 0, 1, 0, 0, 1, 1, 0, 0, 0, 0, 1, 0, 1, 0, 0, 0, 0, 0, 1, 1, 0, 0, 0, 1, 1, 1, 0, 0, 1, 0, 1, 0, 0, 1, 1, 0, 1, 1, 1, 1, 1, 0, 0, 0, 1, 0, 0, 0, 0, 0, 1, 0, 0, 1, 1, 1, 0, 1, 1, 0, 1, 0, 1, 0, 0, 0, 1, 0, 1, 1, 1, 1, 0, 1, 1, 0, 0, 0, 1, 1, 0, 1, 1, 0, 0, 1, 1, 0, 0, 1, 1, 1, 0, 1, 0, 0, 1, 1, 1, 1, 1, 1, 1, 1, 1, 0, 1, 0, 0, 1, 0, 0, 0, 1, 1, 1, 0, 0, 0, 1, 1, 0, 0, 1]}, "test_results": {"acc": 0.628158844765343, "ece": {"ece": 0.06466556047274319, "refinement": 0.22595278104963534, "bins": {"1": {"acc": 0.0, "conf": 0.0}, "2": {"acc": 0.0, "conf": 0.0}, "3": {"acc": 0.0, "conf": 0.0}, "4": {"acc": 0.0, "conf": 0.0}, "5": {"acc": 0.0, "conf": 0.0}, "6": {"acc": 0.544, "conf": 0.550000011920929}, "7": {"acc": 0.551, "conf": 0.6489999890327454}, "8": {"acc": 0.667, "conf": 0.7519999742507935}, "9": {"acc": 0.768, "conf": 0.8320000171661377}, "10": {"acc": 0.0, "conf": 0.0}}}, "entropy": {"mean": 0.8510000109672546, "var": 0.01600000075995922}, "var_ratio": {"mean": 0.3070000112056732, "var": 0.010999999940395355}, "std": {"mean": 0.19300000369548798, "var": 0.010999999940395355}, "nll": {"mean": 0.6510000228881836, "var": 0.2029999941587448}, "brier": {"mean": 0.2290000021457672, "var": 0.03999999910593033}, "margin": {"mean": 0.38600000739097595, "var": 0.04500000178813934}, "bert_output": null, "gold_labels": [1, 0, 1, 1, 0, 0, 0, 0, 0, 0, 0, 1, 1, 0, 0, 1, 1, 0, 0, 1, 0, 0, 0, 0, 1, 1, 1, 0, 1, 1, 1, 0, 1, 1, 0, 1, 1, 0, 1, 1, 0, 1, 0, 0, 0, 1, 0, 1, 1, 1, 1, 0, 1, 0, 0, 1, 0, 1, 1, 0, 0, 1, 1, 0, 1, 1, 0, 0, 0, 0, 0, 0, 1, 0, 0, 1, 0, 1, 1, 0, 1, 0, 1, 1, 1, 0, 0, 1, 0, 1, 0, 1, 0, 0, 1, 1, 1, 0, 0, 0, 0, 0, 0, 0, 0, 0, 0, 1, 0, 0, 0, 0, 0, 1, 1, 0, 0, 1, 1, 1, 1, 1, 1, 0, 1, 1, 1, 1, 0, 0, 1, 0, 0, 1, 0, 0, 1, 0, 1, 1, 1, 0, 1, 0, 1, 0, 0, 1, 0, 0, 1, 1, 0, 0, 0, 0, 1, 0, 1, 1, 0, 0, 1, 1, 0, 0, 1, 1, 1, 1, 0, 0, 1, 0, 0, 0, 0, 0, 1, 1, 0, 0, 1, 1, 0, 0, 0, 0, 0, 0, 1, 0, 1, 0, 1, 0, 1, 0, 1, 1, 0, 0, 0, 1, 0, 1, 1, 1, 1, 1, 0, 0, 0, 1, 0, 1, 0, 1, 1, 0, 0, 0, 1, 1, 0, 1, 0, 0, 1, 0, 1, 0, 1, 1, 0, 0, 1, 0, 1, 1, 0, 0, 1, 1, 1, 1, 1, 0, 1, 1, 1, 0, 1, 0, 1, 0, 0, 0, 1, 0, 0, 1, 0, 0, 1, 1, 0, 1, 0, 1, 1, 1, 0, 0, 0, 0, 1]}}