{"val_results": {"acc": 0.64, "ece": {"ece": 0.1152193856239319, "refinement": 0.20949919191919192, "bins": {"1": {"acc": 0.0, "conf": 0.0}, "2": {"acc": 0.0, "conf": 0.0}, "3": {"acc": 0.0, "conf": 0.0}, "4": {"acc": 0.0, "conf": 0.0}, "5": {"acc": 0.0, "conf": 0.0}, "6": {"acc": 0.389, "conf": 0.5529999732971191}, "7": {"acc": 0.64, "conf": 0.6629999876022339}, "8": {"acc": 0.667, "conf": 0.7480000257492065}, "9": {"acc": 0.606, "conf": 0.847000002861023}, "10": {"acc": 0.938, "conf": 0.9210000038146973}}}, "entropy": {"mean": 0.753000020980835, "var": 0.039000000804662704}, "var_ratio": {"mean": 0.24899999797344208, "var": 0.014000000432133675}, "std": {"mean": 0.25099998712539673, "var": 0.014000000432133675}, "nll": {"mean": 0.6589999794960022, "var": 0.3659999966621399}, "brier": {"mean": 0.23000000417232513, "var": 0.061000000685453415}, "margin": {"mean": 0.5019999742507935, "var": 0.05700000002980232}, "bert_output": null, "gold_labels": [0, 0, 1, 0, 0, 1, 1, 0, 0, 0, 0, 1, 0, 1, 0, 0, 0, 0, 0, 1, 1, 0, 0, 0, 1, 1, 1, 0, 0, 1, 0, 1, 0, 0, 1, 1, 0, 1, 1, 1, 1, 1, 0, 0, 0, 1, 0, 0, 0, 0, 0, 1, 0, 0, 1, 1, 1, 0, 1, 1, 0, 1, 0, 1, 0, 0, 0, 1, 0, 1, 1, 1, 1, 0, 1, 1, 0, 0, 0, 1, 1, 0, 1, 1, 0, 0, 1, 1, 0, 0, 1, 1, 1, 0, 1, 0, 0, 1, 1, 1, 1, 1, 1, 1, 1, 1, 0, 1, 0, 0, 1, 0, 0, 0, 1, 1, 1, 0, 0, 0, 1, 1, 0, 0, 1]}, "test_results": {"acc": 0.6425992779783394, "ece": {"ece": 0.0925493898804868, "refinement": 0.22813035238325824, "bins": {"1": {"acc": 0.0, "conf": 0.0}, "2": {"acc": 0.0, "conf": 0.0}, "3": {"acc": 0.0, "conf": 0.0}, "4": {"acc": 0.0, "conf": 0.0}, "5": {"acc": 0.0, "conf": 0.0}, "6": {"acc": 0.538, "conf": 0.5529999732971191}, "7": {"acc": 0.596, "conf": 0.6549999713897705}, "8": {"acc": 0.663, "conf": 0.7549999952316284}, "9": {"acc": 0.68, "conf": 0.8399999737739563}, "10": {"acc": 0.731, "conf": 0.9290000200271606}}}, "entropy": {"mean": 0.7910000085830688, "var": 0.03500000014901161}, "var_ratio": {"mean": 0.2720000147819519, "var": 0.014000000432133675}, "std": {"mean": 0.2280000001192093, "var": 0.014000000432133675}, "nll": {"mean": 0.6859999895095825, "var": 0.35499998927116394}, "brier": {"mean": 0.23899999260902405, "var": 0.0560000017285347}, "margin": {"mean": 0.4560000002384186, "var": 0.054999999701976776}, "bert_output": null, "gold_labels": [1, 0, 1, 1, 0, 0, 0, 0, 0, 0, 0, 1, 1, 0, 0, 1, 1, 0, 0, 1, 0, 0, 0, 0, 1, 1, 1, 0, 1, 1, 1, 0, 1, 1, 0, 1, 1, 0, 1, 1, 0, 1, 0, 0, 0, 1, 0, 1, 1, 1, 1, 0, 1, 0, 0, 1, 0, 1, 1, 0, 0, 1, 1, 0, 1, 1, 0, 0, 0, 0, 0, 0, 1, 0, 0, 1, 0, 1, 1, 0, 1, 0, 1, 1, 1, 0, 0, 1, 0, 1, 0, 1, 0, 0, 1, 1, 1, 0, 0, 0, 0, 0, 0, 0, 0, 0, 0, 1, 0, 0, 0, 0, 0, 1, 1, 0, 0, 1, 1, 1, 1, 1, 1, 0, 1, 1, 1, 1, 0, 0, 1, 0, 0, 1, 0, 0, 1, 0, 1, 1, 1, 0, 1, 0, 1, 0, 0, 1, 0, 0, 1, 1, 0, 0, 0, 0, 1, 0, 1, 1, 0, 0, 1, 1, 0, 0, 1, 1, 1, 1, 0, 0, 1, 0, 0, 0, 0, 0, 1, 1, 0, 0, 1, 1, 0, 0, 0, 0, 0, 0, 1, 0, 1, 0, 1, 0, 1, 0, 1, 1, 0, 0, 0, 1, 0, 1, 1, 1, 1, 1, 0, 0, 0, 1, 0, 1, 0, 1, 1, 0, 0, 0, 1, 1, 0, 1, 0, 0, 1, 0, 1, 0, 1, 1, 0, 0, 1, 0, 1, 1, 0, 0, 1, 1, 1, 1, 1, 0, 1, 1, 1, 0, 1, 0, 1, 0, 0, 0, 1, 0, 0, 1, 0, 0, 1, 1, 0, 1, 0, 1, 1, 1, 0, 0, 0, 0, 1]}}