{"val_results": {"acc": 0.648, "ece": {"ece": 0.11773898792266844, "refinement": 0.20447394704407326, "bins": {"1": {"acc": 0.0, "conf": 0.0}, "2": {"acc": 0.0, "conf": 0.0}, "3": {"acc": 0.0, "conf": 0.0}, "4": {"acc": 0.0, "conf": 0.0}, "5": {"acc": 0.0, "conf": 0.0}, "6": {"acc": 0.438, "conf": 0.5450000166893005}, "7": {"acc": 0.545, "conf": 0.6539999842643738}, "8": {"acc": 0.576, "conf": 0.7559999823570251}, "9": {"acc": 0.783, "conf": 0.8550000190734863}, "10": {"acc": 0.839, "conf": 0.9359999895095825}}}, "entropy": {"mean": 0.6949999928474426, "var": 0.05900000035762787}, "var_ratio": {"mean": 0.22599999606609344, "var": 0.017999999225139618}, "std": {"mean": 0.27399998903274536, "var": 0.017999999225139618}, "nll": {"mean": 0.6380000114440918, "var": 0.453000009059906}, "brier": {"mean": 0.21899999678134918, "var": 0.06499999761581421}, "margin": {"mean": 0.546999990940094, "var": 0.07100000232458115}, "bert_output": null, "gold_labels": [0, 0, 1, 0, 0, 1, 1, 0, 0, 0, 0, 1, 0, 1, 0, 0, 0, 0, 0, 1, 1, 0, 0, 0, 1, 1, 1, 0, 0, 1, 0, 1, 0, 0, 1, 1, 0, 1, 1, 1, 1, 1, 0, 0, 0, 1, 0, 0, 0, 0, 0, 1, 0, 0, 1, 1, 1, 0, 1, 1, 0, 1, 0, 1, 0, 0, 0, 1, 0, 1, 1, 1, 1, 0, 1, 1, 0, 0, 0, 1, 1, 0, 1, 1, 0, 0, 1, 1, 0, 0, 1, 1, 1, 0, 1, 0, 0, 1, 1, 1, 1, 1, 1, 1, 1, 1, 0, 1, 0, 0, 1, 0, 0, 0, 1, 1, 1, 0, 0, 0, 1, 1, 0, 0, 1]}, "test_results": {"acc": 0.6209386281588448, "ece": {"ece": 0.13943236463767095, "refinement": 0.22456211649666366, "bins": {"1": {"acc": 0.0, "conf": 0.0}, "2": {"acc": 0.0, "conf": 0.0}, "3": {"acc": 0.0, "conf": 0.0}, "4": {"acc": 0.0, "conf": 0.0}, "5": {"acc": 0.0, "conf": 0.0}, "6": {"acc": 0.413, "conf": 0.5519999861717224}, "7": {"acc": 0.59, "conf": 0.6539999842643738}, "8": {"acc": 0.629, "conf": 0.75}, "9": {"acc": 0.681, "conf": 0.843999981880188}, "10": {"acc": 0.74, "conf": 0.9279999732971191}}}, "entropy": {"mean": 0.7269999980926514, "var": 0.04699999839067459}, "var_ratio": {"mean": 0.23999999463558197, "var": 0.01600000075995922}, "std": {"mean": 0.25999999046325684, "var": 0.01600000075995922}, "nll": {"mean": 0.7139999866485596, "var": 0.5059999823570251}, "brier": {"mean": 0.2460000067949295, "var": 0.07100000232458115}, "margin": {"mean": 0.5210000276565552, "var": 0.06599999964237213}, "bert_output": null, "gold_labels": [1, 0, 1, 1, 0, 0, 0, 0, 0, 0, 0, 1, 1, 0, 0, 1, 1, 0, 0, 1, 0, 0, 0, 0, 1, 1, 1, 0, 1, 1, 1, 0, 1, 1, 0, 1, 1, 0, 1, 1, 0, 1, 0, 0, 0, 1, 0, 1, 1, 1, 1, 0, 1, 0, 0, 1, 0, 1, 1, 0, 0, 1, 1, 0, 1, 1, 0, 0, 0, 0, 0, 0, 1, 0, 0, 1, 0, 1, 1, 0, 1, 0, 1, 1, 1, 0, 0, 1, 0, 1, 0, 1, 0, 0, 1, 1, 1, 0, 0, 0, 0, 0, 0, 0, 0, 0, 0, 1, 0, 0, 0, 0, 0, 1, 1, 0, 0, 1, 1, 1, 1, 1, 1, 0, 1, 1, 1, 1, 0, 0, 1, 0, 0, 1, 0, 0, 1, 0, 1, 1, 1, 0, 1, 0, 1, 0, 0, 1, 0, 0, 1, 1, 0, 0, 0, 0, 1, 0, 1, 1, 0, 0, 1, 1, 0, 0, 1, 1, 1, 1, 0, 0, 1, 0, 0, 0, 0, 0, 1, 1, 0, 0, 1, 1, 0, 0, 0, 0, 0, 0, 1, 0, 1, 0, 1, 0, 1, 0, 1, 1, 0, 0, 0, 1, 0, 1, 1, 1, 1, 1, 0, 0, 0, 1, 0, 1, 0, 1, 1, 0, 0, 0, 1, 1, 0, 1, 0, 0, 1, 0, 1, 0, 1, 1, 0, 0, 1, 0, 1, 1, 0, 0, 1, 1, 1, 1, 1, 0, 1, 1, 1, 0, 1, 0, 1, 0, 0, 0, 1, 0, 0, 1, 0, 0, 1, 1, 0, 1, 0, 1, 1, 1, 0, 0, 0, 0, 1]}}