{"val_results": {"acc": 0.664, "ece": {"ece": 0.05857954788208009, "refinement": 0.20715859689476707, "bins": {"1": {"acc": 0.0, "conf": 0.0}, "2": {"acc": 0.0, "conf": 0.0}, "3": {"acc": 0.0, "conf": 0.0}, "4": {"acc": 0.0, "conf": 0.0}, "5": {"acc": 0.0, "conf": 0.0}, "6": {"acc": 0.5, "conf": 0.5550000071525574}, "7": {"acc": 0.596, "conf": 0.6589999794960022}, "8": {"acc": 0.811, "conf": 0.7419999837875366}, "9": {"acc": 0.8, "conf": 0.8270000219345093}, "10": {"acc": 0.0, "conf": 0.0}}}, "entropy": {"mean": 0.875, "var": 0.010999999940395355}, "var_ratio": {"mean": 0.3179999887943268, "var": 0.00800000037997961}, "std": {"mean": 0.18199999630451202, "var": 0.00800000037997961}, "nll": {"mean": 0.6110000014305115, "var": 0.1550000011920929}, "brier": {"mean": 0.210999995470047, "var": 0.03099999949336052}, "margin": {"mean": 0.36399999260902405, "var": 0.03200000151991844}, "temperature": 1.5788935422897339}, "test_results": {"acc": 0.631768953068592, "ece": {"ece": 0.04087767876442591, "refinement": 0.22600487864530094, "bins": {"1": {"acc": 0.0, "conf": 0.0}, "2": {"acc": 0.0, "conf": 0.0}, "3": {"acc": 0.0, "conf": 0.0}, "4": {"acc": 0.0, "conf": 0.0}, "5": {"acc": 0.0, "conf": 0.0}, "6": {"acc": 0.526, "conf": 0.546999990940094}, "7": {"acc": 0.656, "conf": 0.6610000133514404}, "8": {"acc": 0.603, "conf": 0.7369999885559082}, "9": {"acc": 0.857, "conf": 0.8330000042915344}, "10": {"acc": 0.0, "conf": 0.0}}}, "entropy": {"mean": 0.8920000195503235, "var": 0.008999999612569809}, "var_ratio": {"mean": 0.3310000002384186, "var": 0.007000000216066837}, "std": {"mean": 0.16899999976158142, "var": 0.007000000216066837}, "nll": {"mean": 0.6549999713897705, "var": 0.14900000393390656}, "brier": {"mean": 0.23100000619888306, "var": 0.03099999949336052}, "margin": {"mean": 0.33799999952316284, "var": 0.02800000086426735}, "temperature": 1.5788935422897339}}