{"val_results": {"acc": 0.504, "ece": {"ece": 0.00813729381561279, "refinement": 0.249984, "bins": {"1": {"acc": 0.0, "conf": 0.0}, "2": {"acc": 0.0, "conf": 0.0}, "3": {"acc": 0.0, "conf": 0.0}, "4": {"acc": 0.0, "conf": 0.0}, "5": {"acc": 0.0, "conf": 0.0}, "6": {"acc": 0.504, "conf": 0.5120000243186951}, "7": {"acc": 0.0, "conf": 0.0}, "8": {"acc": 0.0, "conf": 0.0}, "9": {"acc": 0.0, "conf": 0.0}, "10": {"acc": 0.0, "conf": 0.0}}}, "entropy": {"mean": 1.0, "var": 0.0}, "var_ratio": {"mean": 0.4880000054836273, "var": 0.0}, "std": {"mean": 0.012000000104308128, "var": 0.0}, "nll": {"mean": 0.6930000185966492, "var": 0.0010000000474974513}, "brier": {"mean": 0.25, "var": 0.0}, "margin": {"mean": 0.024000000208616257, "var": 0.0}, "temperature": 1.5000020265579224}, "test_results": {"acc": 0.5379061371841155, "ece": {"ece": 0.026025739387484648, "refinement": 0.248563124763779, "bins": {"1": {"acc": 0.0, "conf": 0.0}, "2": {"acc": 0.0, "conf": 0.0}, "3": {"acc": 0.0, "conf": 0.0}, "4": {"acc": 0.0, "conf": 0.0}, "5": {"acc": 0.0, "conf": 0.0}, "6": {"acc": 0.538, "conf": 0.5120000243186951}, "7": {"acc": 0.0, "conf": 0.0}, "8": {"acc": 0.0, "conf": 0.0}, "9": {"acc": 0.0, "conf": 0.0}, "10": {"acc": 0.0, "conf": 0.0}}}, "entropy": {"mean": 1.0, "var": 0.0}, "var_ratio": {"mean": 0.4880000054836273, "var": 0.0}, "std": {"mean": 0.012000000104308128, "var": 0.0}, "nll": {"mean": 0.6909999847412109, "var": 0.0010000000474974513}, "brier": {"mean": 0.24899999797344208, "var": 0.0}, "margin": {"mean": 0.024000000208616257, "var": 0.0}, "temperature": 1.5000020265579224}}