{"val_results": {"acc": 0.8186813186813187, "f1": 0.6908493498911349, "acc_and_f1": 0.7547653342862268, "ece": {"ece": 0.05016761390499145, "refinement": 0.119100256953818, "bins": {"1": {"acc": 0.0, "conf": 0.0}, "2": {"acc": 0.0, "conf": 0.0}, "3": {"acc": 0.0, "conf": 0.0}, "4": {"acc": 0.2, "conf": 0.36899998784065247}, "5": {"acc": 0.417, "conf": 0.46399998664855957}, "6": {"acc": 0.414, "conf": 0.5529999732971191}, "7": {"acc": 0.524, "conf": 0.6430000066757202}, "8": {"acc": 0.75, "conf": 0.7519999742507935}, "9": {"acc": 0.81, "conf": 0.8579999804496765}, "10": {"acc": 0.919, "conf": 0.9620000123977661}}}, "entropy": {"mean": 0.6110000014305115, "var": 0.2460000067949295}, "var_ratio": {"mean": 0.13099999725818634, "var": 0.024000000208616257}, "std": {"mean": 0.3199999928474426, "var": 0.003000000026077032}, "nll": {"mean": 0.6240000128746033, "var": 1.6039999723434448}, "brier": {"mean": 0.04699999839067459, "var": 0.00800000037997961}, "margin": {"mean": 0.7850000262260437, "var": 0.0689999982714653}, "temperature": 0.5574755668640137}, "test_results": {"acc": 0.68, "f1": 0.5415481231464279, "acc_and_f1": 0.610774061573214, "ece": {"ece": 0.125103963971138, "refinement": 0.17015981235538757, "bins": {"1": {"acc": 0.0, "conf": 0.0}, "2": {"acc": 0.0, "conf": 0.0}, "3": {"acc": 0.5, "conf": 0.2849999964237213}, "4": {"acc": 0.333, "conf": 0.375}, "5": {"acc": 0.286, "conf": 0.45399999618530273}, "6": {"acc": 0.385, "conf": 0.5550000071525574}, "7": {"acc": 0.378, "conf": 0.6539999842643738}, "8": {"acc": 0.558, "conf": 0.7609999775886536}, "9": {"acc": 0.8, "conf": 0.8569999933242798}, "10": {"acc": 0.854, "conf": 0.9509999752044678}}}, "entropy": {"mean": 0.8730000257492065, "var": 0.32100000977516174}, "var_ratio": {"mean": 0.19699999690055847, "var": 0.03400000184774399}, "std": {"mean": 0.2939999997615814, "var": 0.004999999888241291}, "nll": {"mean": 0.9909999966621399, "var": 2.0959999561309814}, "brier": {"mean": 0.07599999755620956, "var": 0.010999999940395355}, "margin": {"mean": 0.6899999976158142, "var": 0.08699999749660492}, "temperature": 0.5574755668640137}}