{"test_ood_results": {"acc": 0.8672594814656096, "f1": 0.6193548387096774, "acc_and_f1": 0.7433071600876435, "ece": {"ece": 0.08358961509794909, "refinement": 0.10151265024935088, "bins": {"1": {"acc": 0.0, "conf": 0.0}, "2": {"acc": 0.0, "conf": 0.0}, "3": {"acc": 0.0, "conf": 0.0}, "4": {"acc": 0.0, "conf": 0.0}, "5": {"acc": 0.0, "conf": 0.0}, "6": {"acc": 0.538, "conf": 0.5509999990463257}, "7": {"acc": 0.539, "conf": 0.6520000100135803}, "8": {"acc": 0.596, "conf": 0.75}, "9": {"acc": 0.682, "conf": 0.8560000061988831}, "10": {"acc": 0.917, "conf": 0.9919999837875366}}}, "entropy": {"mean": 0.1679999977350235, "var": 0.08500000089406967}, "var_ratio": {"mean": 0.04899999871850014, "var": 0.010999999940395355}, "std": {"mean": 0.45100000500679016, "var": 0.010999999940395355}, "nll": {"mean": 0.4390000104904175, "var": 1.5989999771118164}, "brier": {"mean": 0.10700000077486038, "var": 0.07199999690055847}, "margin": {"mean": 0.9020000100135803, "var": 0.04500000178813934}, "temperature": 3.3663482666015625}}