{"val_results": {"acc": 0.9074068984471623, "f1": 0.8756780693014502, "acc_and_f1": 0.8915424838743062, "ece": {"ece": 0.01712309201372772, "refinement": 0.06766964289877592, "bins": {"1": {"acc": 0.0, "conf": 0.0}, "2": {"acc": 0.0, "conf": 0.0}, "3": {"acc": 0.0, "conf": 0.0}, "4": {"acc": 0.0, "conf": 0.0}, "5": {"acc": 0.0, "conf": 0.0}, "6": {"acc": 0.505, "conf": 0.5509999990463257}, "7": {"acc": 0.609, "conf": 0.6520000100135803}, "8": {"acc": 0.691, "conf": 0.753000020980835}, "9": {"acc": 0.81, "conf": 0.8569999933242798}, "10": {"acc": 0.972, "conf": 0.9789999723434448}}}, "entropy": {"mean": 0.2759999930858612, "var": 0.09300000220537186}, "var_ratio": {"mean": 0.07500000298023224, "var": 0.013000000268220901}, "std": {"mean": 0.42500001192092896, "var": 0.013000000268220901}, "nll": {"mean": 0.22200000286102295, "var": 0.328000009059906}, "brier": {"mean": 0.06700000166893005, "var": 0.03500000014901161}, "margin": {"mean": 0.8489999771118164, "var": 0.05299999937415123}, "temperature": 1.0867908000946045}, "test_results": {"acc": 0.9055899084837992, "f1": 0.872379551305627, "acc_and_f1": 0.8889847298947131, "ece": {"ece": 0.017661617638420214, "refinement": 0.07057274171508648, "bins": {"1": {"acc": 0.0, "conf": 0.0}, "2": {"acc": 0.0, "conf": 0.0}, "3": {"acc": 0.0, "conf": 0.0}, "4": {"acc": 0.0, "conf": 0.0}, "5": {"acc": 0.0, "conf": 0.0}, "6": {"acc": 0.549, "conf": 0.5519999861717224}, "7": {"acc": 0.61, "conf": 0.6520000100135803}, "8": {"acc": 0.707, "conf": 0.7540000081062317}, "9": {"acc": 0.803, "conf": 0.8569999933242798}, "10": {"acc": 0.97, "conf": 0.9789999723434448}}}, "entropy": {"mean": 0.27900001406669617, "var": 0.0949999988079071}, "var_ratio": {"mean": 0.07699999958276749, "var": 0.013000000268220901}, "std": {"mean": 0.4230000078678131, "var": 0.013000000268220901}, "nll": {"mean": 0.23000000417232513, "var": 0.3409999907016754}, "brier": {"mean": 0.07000000029802322, "var": 0.035999998450279236}, "margin": {"mean": 0.847000002861023, "var": 0.05400000140070915}, "temperature": 1.0867908000946045}}