{"test_ood_results": {"acc": 0.5054151624548736, "ece": {"ece": 0.24932409925150956, "refinement": 0.2466380921960345, "bins": {"1": {"acc": 0.0, "conf": 0.0}, "2": {"acc": 0.0, "conf": 0.0}, "3": {"acc": 0.0, "conf": 0.0}, "4": {"acc": 0.0, "conf": 0.0}, "5": {"acc": 0.0, "conf": 0.0}, "6": {"acc": 0.429, "conf": 0.5519999861717224}, "7": {"acc": 0.472, "conf": 0.6510000228881836}, "8": {"acc": 0.597, "conf": 0.7490000128746033}, "9": {"acc": 0.483, "conf": 0.8500000238418579}, "10": {"acc": 0.527, "conf": 0.9409999847412109}}}, "entropy": {"mean": 0.7229999899864197, "var": 0.06300000101327896}, "var_ratio": {"mean": 0.24500000476837158, "var": 0.01899999938905239}, "std": {"mean": 0.2549999952316284, "var": 0.01899999938905239}, "nll": {"mean": 0.9160000085830688, "var": 0.6679999828338623}, "brier": {"mean": 0.3199999928474426, "var": 0.08500000089406967}, "margin": {"mean": 0.5090000033378601, "var": 0.07599999755620956}, "bert_output": null, "gold_labels": [1, 0, 1, 1, 0, 0, 0, 0, 0, 0, 0, 1, 1, 0, 0, 1, 1, 0, 0, 1, 0, 0, 0, 0, 1, 1, 1, 0, 1, 1, 1, 0, 1, 1, 0, 1, 1, 0, 1, 1, 0, 1, 0, 0, 0, 1, 0, 1, 1, 1, 1, 0, 1, 0, 0, 1, 0, 1, 1, 0, 0, 1, 1, 0, 1, 1, 0, 0, 0, 0, 0, 0, 1, 0, 0, 1, 0, 1, 1, 0, 1, 0, 1, 1, 1, 0, 0, 1, 0, 1, 0, 1, 0, 0, 1, 1, 1, 0, 0, 0, 0, 0, 0, 0, 0, 0, 0, 1, 0, 0, 0, 0, 0, 1, 1, 0, 0, 1, 1, 1, 1, 1, 1, 0, 1, 1, 1, 1, 0, 0, 1, 0, 0, 1, 0, 0, 1, 0, 1, 1, 1, 0, 1, 0, 1, 0, 0, 1, 0, 0, 1, 1, 0, 0, 0, 0, 1, 0, 1, 1, 0, 0, 1, 1, 0, 0, 1, 1, 1, 1, 0, 0, 1, 0, 0, 0, 0, 0, 1, 1, 0, 0, 1, 1, 0, 0, 0, 0, 0, 0, 1, 0, 1, 0, 1, 0, 1, 0, 1, 1, 0, 0, 0, 1, 0, 1, 1, 1, 1, 1, 0, 0, 0, 1, 0, 1, 0, 1, 1, 0, 0, 0, 1, 1, 0, 1, 0, 0, 1, 0, 1, 0, 1, 1, 0, 0, 1, 0, 1, 1, 0, 0, 1, 1, 1, 1, 1, 0, 1, 1, 1, 0, 1, 0, 1, 0, 0, 0, 1, 0, 0, 1, 0, 0, 1, 1, 0, 1, 0, 1, 1, 1, 0, 0, 0, 0, 1], "loss": 0.9156864285469055}}