{"val_results": {"acc": 0.839376655123243, "ece": {"ece": 0.013313578409487128, "refinement": 0.1098510770850556, "bins": {"1": {"acc": 0.0, "conf": 0.0}, "2": {"acc": 0.0, "conf": 0.0}, "3": {"acc": 0.0, "conf": 0.0}, "4": {"acc": 0.453, "conf": 0.3790000081062317}, "5": {"acc": 0.498, "conf": 0.46299999952316284}, "6": {"acc": 0.531, "conf": 0.550000011920929}, "7": {"acc": 0.617, "conf": 0.6510000228881836}, "8": {"acc": 0.73, "conf": 0.753000020980835}, "9": {"acc": 0.838, "conf": 0.8560000061988831}, "10": {"acc": 0.961, "conf": 0.9570000171661377}}}, "entropy": {"mean": 0.6029999852180481, "var": 0.1679999977350235}, "var_ratio": {"mean": 0.1550000011920929, "var": 0.024000000208616257}, "std": {"mean": 0.3700000047683716, "var": 0.008999999612569809}, "nll": {"mean": 0.4189999997615814, "var": 0.5410000085830688}, "brier": {"mean": 0.07800000160932541, "var": 0.02199999988079071}, "margin": {"mean": 0.7250000238418579, "var": 0.07599999755620956}, "temperature": 1.24}, "test_result": {"acc": 0.8397350993377484, "ece": {"ece": 0.013791908940914272, "refinement": 0.10867203013872971, "bins": {"1": {"acc": 0.0, "conf": 0.0}, "2": {"acc": 0.0, "conf": 0.0}, "3": {"acc": 0.0, "conf": 0.0}, "4": {"acc": 0.37, "conf": 0.37599998712539673}, "5": {"acc": 0.481, "conf": 0.46399998664855957}, "6": {"acc": 0.528, "conf": 0.550000011920929}, "7": {"acc": 0.612, "conf": 0.6510000228881836}, "8": {"acc": 0.757, "conf": 0.7540000081062317}, "9": {"acc": 0.833, "conf": 0.8560000061988831}, "10": {"acc": 0.964, "conf": 0.9559999704360962}}}, "entropy": {"mean": 0.6069999933242798, "var": 0.16500000655651093}, "var_ratio": {"mean": 0.15700000524520874, "var": 0.024000000208616257}, "std": {"mean": 0.36899998784065247, "var": 0.008999999612569809}, "nll": {"mean": 0.414000004529953, "var": 0.5170000195503235}, "brier": {"mean": 0.07699999958276749, "var": 0.02199999988079071}, "margin": {"mean": 0.7210000157356262, "var": 0.07699999958276749}, "temperature": 1.24}}