{"val_results": {"acc": 0.9523809523809523, "f1": 0.9433609855579044, "acc_and_f1": 0.9478709689694284, "ece": {"ece": 0.02845396532680529, "refinement": 0.041851355465216886, "bins": {"1": {"acc": 0.0, "conf": 0.0}, "2": {"acc": 0.0, "conf": 0.0}, "3": {"acc": 0.0, "conf": 0.0}, "4": {"acc": 0.0, "conf": 0.0}, "5": {"acc": 0.0, "conf": 0.47999998927116394}, "6": {"acc": 0.909, "conf": 0.5490000247955322}, "7": {"acc": 0.75, "conf": 0.6650000214576721}, "8": {"acc": 0.867, "conf": 0.765999972820282}, "9": {"acc": 0.7, "conf": 0.8650000095367432}, "10": {"acc": 0.964, "conf": 0.9789999723434448}}}, "entropy": {"mean": 0.2540000081062317, "var": 0.07900000363588333}, "var_ratio": {"mean": 0.03999999910593033, "var": 0.006000000052154064}, "std": {"mean": 0.35600000619888306, "var": 0.0010000000474974513}, "nll": {"mean": 0.2240000069141388, "var": 0.7590000033378601}, "brier": {"mean": 0.014999999664723873, "var": 0.004000000189989805}, "margin": {"mean": 0.9359999895095825, "var": 0.019999999552965164}, "bert_output": null, "gold_labels": [4, 2, 2, 3, 3, 1, 2, 1, 3, 3, 5, 1, 3, 3, 2, 1, 2, 1, 2, 4, 5, 4, 2, 3, 2, 3, 2, 2, 5, 4, 3, 4, 2, 5, 3, 4, 3, 3, 1, 4, 1, 1, 1, 2, 5, 2, 2, 1, 3, 2, 2, 4, 1, 1, 2, 5, 2, 5, 4, 1, 5, 5, 3, 2, 5, 5, 2, 4, 1, 3, 2, 3, 3, 1, 3, 3, 0, 3, 1, 5, 1, 5, 1, 3, 2, 2, 5, 4, 4, 2, 2, 2, 3, 5, 2, 5, 4, 2, 3, 2, 1, 3, 3, 1, 1, 1, 5, 3, 5, 4, 3, 3, 3, 4, 5, 3, 2, 5, 2, 2, 2, 4, 4, 5, 5, 3, 5, 3, 2, 2, 4, 1, 3, 4, 3, 1, 3, 3, 5, 5, 4, 4, 1, 2, 5, 4, 3, 1, 1, 3, 4, 3, 5, 4, 1, 5, 1, 3, 2, 4, 5, 1, 4, 4, 4, 5, 4, 1, 2, 1, 3, 5, 1, 3, 5, 2, 3, 3, 4, 2, 2, 5, 4, 5, 3, 4, 1, 5, 2, 1, 3, 1, 4, 5, 2, 3, 1, 3, 1, 5, 5, 1, 3, 5, 4, 2, 4, 2, 1, 1, 3, 2, 3, 5, 5, 3, 4, 1, 2, 2, 1, 4, 3, 2, 2, 5, 3, 2, 1, 4, 1, 1, 4, 1, 1, 3, 5, 5, 3, 4, 2, 2, 3, 1, 1, 5, 3, 3, 2, 2, 1, 1, 0, 5, 4, 4, 2, 3, 2, 2, 1, 2, 4, 4, 5, 3, 3, 5, 2, 4, 4, 3, 5, 4, 1, 1, 2, 3, 2, 4, 4, 3, 1, 1, 1, 5, 1, 2, 0, 3, 3, 4, 3, 3, 3, 2, 4, 4, 2, 4, 2, 3, 5, 2, 1, 3, 2, 2, 3, 1, 4, 5, 4, 1, 1, 3, 2, 1, 2, 5, 1, 1, 2, 5, 5, 1, 5, 1, 4, 4, 1, 5, 3, 2, 1, 2, 3, 2, 3, 2, 4, 3, 4, 4, 3, 3, 1, 2, 2, 1, 2, 1, 3, 2, 3, 2, 3, 3, 2, 5, 2, 1, 4, 3, 2, 2, 1, 4, 1, 2, 4, 2, 2, 3, 1, 2, 3, 5, 4, 2, 3, 4, 0, 3, 0, 2, 0, 5, 1, 4, 2, 0, 3, 3, 3, 5, 3, 3, 2, 5, 5, 1, 3, 1, 3, 1, 2, 3, 2, 5, 1, 1, 3, 2, 1, 1, 4, 2, 2, 1, 1, 3, 3, 1, 3, 5, 5, 5, 1, 1, 3, 1, 2, 3, 0, 2, 4, 5, 4, 2, 3, 2, 4, 2, 3, 3, 5, 5, 1, 3, 2, 5, 4, 1, 3, 2, 2, 1, 2, 3, 3, 3, 0, 3, 1, 4, 2, 1, 4, 4, 4, 2, 4, 3, 1, 2, 1, 2, 5, 2, 4, 2, 5, 4, 5, 5, 2, 5, 4, 3, 2, 5, 1, 2, 1, 2, 5, 1, 2, 3, 2, 3, 1, 1, 5, 3, 1, 1, 1, 2, 4, 5, 5, 2, 3, 2, 5, 5, 1, 5, 2, 1, 2, 5, 4, 1, 1, 3, 3, 3, 5, 5, 3, 1, 1, 2, 5, 4, 4, 4, 5, 1, 5, 1, 1, 1], "loss": 0.22353048622608185}, "test_results": {"acc": 0.84, "f1": 0.8427983132421192, "acc_and_f1": 0.8413991566210596, "ece": {"ece": 0.07355953121185305, "refinement": 0.11343198508307048, "bins": {"1": {"acc": 0.0, "conf": 0.0}, "2": {"acc": 0.0, "conf": 0.0}, "3": {"acc": 0.0, "conf": 0.0}, "4": {"acc": 0.0, "conf": 0.3569999933242798}, "5": {"acc": 0.4, "conf": 0.4699999988079071}, "6": {"acc": 0.588, "conf": 0.5559999942779541}, "7": {"acc": 0.478, "conf": 0.6489999890327454}, "8": {"acc": 0.684, "conf": 0.7559999823570251}, "9": {"acc": 0.667, "conf": 0.859000027179718}, "10": {"acc": 0.912, "conf": 0.968999981880188}}}, "entropy": {"mean": 0.4620000123977661, "var": 0.1860000044107437}, "var_ratio": {"mean": 0.08900000154972076, "var": 0.01600000075995922}, "std": {"mean": 0.3370000123977661, "var": 0.0020000000949949026}, "nll": {"mean": 0.5770000219345093, "var": 1.6729999780654907}, "brier": {"mean": 0.0430000014603138, "var": 0.008999999612569809}, "margin": {"mean": 0.8569999933242798, "var": 0.04899999871850014}, "bert_output": null, "gold_labels": [5, 4, 3, 1, 5, 5, 3, 2, 1, 1, 4, 3, 5, 3, 5, 5, 2, 3, 1, 5, 3, 1, 4, 1, 1, 3, 1, 4, 4, 4, 5, 4, 1, 5, 5, 5, 4, 5, 5, 5, 2, 1, 1, 1, 2, 2, 5, 1, 5, 3, 1, 3, 3, 1, 1, 1, 5, 4, 4, 5, 4, 3, 4, 2, 4, 3, 2, 1, 5, 4, 5, 5, 4, 3, 4, 1, 2, 5, 5, 3, 1, 5, 3, 5, 5, 1, 1, 3, 1, 4, 2, 1, 5, 5, 3, 4, 5, 1, 1, 2, 1, 3, 1, 3, 4, 1, 5, 2, 5, 4, 2, 1, 5, 3, 2, 3, 5, 2, 5, 4, 5, 5, 1, 3, 5, 3, 5, 5, 1, 5, 5, 3, 1, 2, 1, 2, 4, 3, 3, 1, 1, 2, 4, 2, 1, 2, 3, 2, 1, 1, 2, 3, 1, 5, 3, 4, 4, 1, 4, 4, 1, 1, 5, 4, 2, 4, 5, 1, 4, 3, 5, 5, 5, 1, 4, 4, 4, 5, 2, 5, 4, 1, 4, 1, 2, 3, 3, 1, 4, 2, 2, 5, 5, 5, 1, 4, 2, 3, 2, 2, 2, 4, 3, 2, 5, 4, 3, 5, 1, 1, 5, 5, 4, 4, 1, 2, 1, 2, 5, 1, 1, 5, 1, 2, 4, 2, 5, 1, 4, 3, 5, 3, 1, 5, 2, 1, 4, 1, 4, 5, 4, 1, 1, 1, 1, 4, 1, 1, 1, 2, 3, 4, 2, 2, 1, 4, 5, 2, 1, 5, 3, 3, 5, 2, 5, 1, 1, 4, 5, 1, 2, 1, 1, 3, 1, 1, 1, 5, 0, 2, 4, 3, 0, 1, 4, 1, 1, 1, 1, 1, 4, 2, 5, 2, 1, 1, 2, 5, 2, 2, 0, 5, 1, 5, 5, 4, 3, 4, 3, 5, 4, 4, 5, 1, 4, 1, 3, 4, 2, 4, 1, 5, 0, 2, 5, 0, 1, 5, 5, 1, 1, 5, 2, 2, 5, 4, 1, 2, 1, 5, 5, 2, 5, 3, 5, 3, 2, 1, 5, 1, 5, 4, 2, 2, 1, 3, 5, 5, 1, 2, 1, 1, 2, 5, 1, 5, 2, 2, 1, 4, 5, 2, 1, 1, 2, 5, 4, 1, 0, 1, 3, 3, 2, 3, 5, 5, 1, 3, 1, 1, 3, 1, 2, 5, 1, 1, 1, 5, 5, 4, 3, 2, 5, 0, 5, 4, 1, 4, 5, 1, 3, 2, 4, 0, 2, 1, 1, 1, 3, 3, 5, 4, 2, 1, 4, 2, 1, 4, 1, 3, 1, 2, 4, 3, 1, 1, 1, 5, 0, 2, 3, 2, 4, 2, 3, 2, 4, 3, 5, 2, 2, 2, 2, 5, 5, 5, 2, 4, 1, 1, 3, 2, 4, 5, 4, 2, 1, 3, 1, 1, 1, 1, 2, 5, 2, 2, 1, 4, 2, 4, 2, 2, 2, 1, 4, 1, 4, 5, 2, 2, 1, 1, 2, 5, 5, 3, 2, 5, 2, 1], "loss": 0.5772064924240112}}