{"val_results": {"acc": 0.6740196078431373, "f1": 0.8052708638360175, "acc_and_f1": 0.7396452358395774, "ece": {"ece": 0.055093014503226574, "refinement": 0.2187165369788692, "bins": {"1": {"acc": 0.0, "conf": 0.0}, "2": {"acc": 0.0, "conf": 0.0}, "3": {"acc": 0.0, "conf": 0.0}, "4": {"acc": 0.0, "conf": 0.0}, "5": {"acc": 0.0, "conf": 0.0}, "6": {"acc": 0.698, "conf": 0.5730000138282776}, "7": {"acc": 0.67, "conf": 0.6399999856948853}, "8": {"acc": 0.333, "conf": 0.7039999961853027}, "9": {"acc": 0.0, "conf": 0.0}, "10": {"acc": 0.0, "conf": 0.0}}}, "entropy": {"mean": 0.9509999752044678, "var": 0.0010000000474974513}, "var_ratio": {"mean": 0.37599998712539673, "var": 0.0010000000474974513}, "std": {"mean": 0.12399999797344208, "var": 0.0010000000474974513}, "nll": {"mean": 0.6370000243186951, "var": 0.06199999898672104}, "brier": {"mean": 0.22300000488758087, "var": 0.014999999664723873}, "margin": {"mean": 0.24899999797344208, "var": 0.004999999888241291}, "temperature": 1.3461271524429321}, "test_results": {"acc": 0.663768115942029, "f1": 0.7976273551988834, "acc_and_f1": 0.7306977355704563, "ece": {"ece": 0.039458703545556584, "refinement": 0.22311407991643695, "bins": {"1": {"acc": 0.0, "conf": 0.0}, "2": {"acc": 0.0, "conf": 0.0}, "3": {"acc": 0.0, "conf": 0.0}, "4": {"acc": 0.0, "conf": 0.0}, "5": {"acc": 0.0, "conf": 0.0}, "6": {"acc": 0.661, "conf": 0.574999988079071}, "7": {"acc": 0.665, "conf": 0.6399999856948853}, "8": {"acc": 0.5, "conf": 0.7070000171661377}, "9": {"acc": 0.0, "conf": 0.0}, "10": {"acc": 0.0, "conf": 0.0}}}, "entropy": {"mean": 0.949999988079071, "var": 0.0010000000474974513}, "var_ratio": {"mean": 0.375, "var": 0.0010000000474974513}, "std": {"mean": 0.125, "var": 0.0010000000474974513}, "nll": {"mean": 0.6430000066757202, "var": 0.06400000303983688}, "brier": {"mean": 0.22499999403953552, "var": 0.014999999664723873}, "margin": {"mean": 0.25099998712539673, "var": 0.004999999888241291}, "temperature": 1.3461271524429321}}