{"val_results": {"acc": 0.3131868131868132, "f1": 0.22749063998556932, "acc_and_f1": 0.27033872658619124, "ece": {"ece": 0.04326798671331159, "refinement": 0.20641365802656123, "bins": {"1": {"acc": 0.0, "conf": 0.0}, "2": {"acc": 0.0, "conf": 0.19300000369548798}, "3": {"acc": 0.273, "conf": 0.2590000033378601}, "4": {"acc": 0.505, "conf": 0.32600000500679016}, "5": {"acc": 1.0, "conf": 0.40400001406669617}, "6": {"acc": 0.0, "conf": 0.0}, "7": {"acc": 0.0, "conf": 0.0}, "8": {"acc": 0.0, "conf": 0.0}, "9": {"acc": 0.0, "conf": 0.0}, "10": {"acc": 0.0, "conf": 0.0}}}, "entropy": {"mean": 2.433000087738037, "var": 0.0010000000474974513}, "var_ratio": {"mean": 0.7289999723434448, "var": 0.0010000000474974513}, "std": {"mean": 0.0729999989271164, "var": 0.0}, "nll": {"mean": 1.6089999675750732, "var": 0.13500000536441803}, "brier": {"mean": 0.1289999932050705, "var": 0.0}, "margin": {"mean": 0.050999999046325684, "var": 0.0020000000949949026}, "temperature": 0.6684597134590149}, "test_results": {"acc": 0.19, "f1": 0.10913648632187667, "acc_and_f1": 0.14956824316093834, "ece": {"ece": 0.09176867532730101, "refinement": 0.15344711177794446, "bins": {"1": {"acc": 0.0, "conf": 0.0}, "2": {"acc": 0.0, "conf": 0.0}, "3": {"acc": 0.203, "conf": 0.2590000033378601}, "4": {"acc": 0.161, "conf": 0.3310000002384186}, "5": {"acc": 0.0, "conf": 0.4269999861717224}, "6": {"acc": 0.0, "conf": 0.0}, "7": {"acc": 0.0, "conf": 0.0}, "8": {"acc": 0.0, "conf": 0.0}, "9": {"acc": 0.0, "conf": 0.0}, "10": {"acc": 0.0, "conf": 0.0}}}, "entropy": {"mean": 2.431999921798706, "var": 0.0010000000474974513}, "var_ratio": {"mean": 0.7179999947547913, "var": 0.0020000000949949026}, "std": {"mean": 0.07500000298023224, "var": 0.0}, "nll": {"mean": 1.8209999799728394, "var": 0.2150000035762787}, "brier": {"mean": 0.14100000262260437, "var": 0.0010000000474974513}, "margin": {"mean": 0.07000000029802322, "var": 0.003000000026077032}, "temperature": 0.6684597134590149}}