{"acc": 0.8653310477823013, "f1": 0.6336345088895365, "acc_and_f1": 0.7494827783359189, "ece": {"ece": 0.0777356986611769, "refinement": 0.09984895737209157, "bins": {"1": {"acc": 0.0, "conf": 0.0}, "2": {"acc": 0.0, "conf": 0.0}, "3": {"acc": 0.0, "conf": 0.0}, "4": {"acc": 0.0, "conf": 0.0}, "5": {"acc": 0.0, "conf": 0.0}, "6": {"acc": 0.487, "conf": 0.550000011920929}, "7": {"acc": 0.575, "conf": 0.6520000100135803}, "8": {"acc": 0.58, "conf": 0.7519999742507935}, "9": {"acc": 0.648, "conf": 0.8579999804496765}, "10": {"acc": 0.925, "conf": 0.9860000014305115}}}, "entropy": {"mean": 0.21299999952316284, "var": 0.08100000023841858}, "var_ratio": {"mean": 0.05700000002980232, "var": 0.010999999940395355}, "std": {"mean": 0.4429999887943268, "var": 0.010999999940395355}, "nll": {"mean": 0.3700000047683716, "var": 0.9330000281333923}, "brier": {"mean": 0.10499999672174454, "var": 0.06700000166893005}, "margin": {"mean": 0.8859999775886536, "var": 0.04399999976158142}, "temperature": 1.27}