{"val_results": {"acc": 0.616, "ece": {"ece": 0.1310622329711914, "refinement": 0.1873340184453228, "bins": {"1": {"acc": 0.0, "conf": 0.0}, "2": {"acc": 0.0, "conf": 0.0}, "3": {"acc": 0.0, "conf": 0.0}, "4": {"acc": 0.0, "conf": 0.0}, "5": {"acc": 0.0, "conf": 0.0}, "6": {"acc": 0.227, "conf": 0.5479999780654907}, "7": {"acc": 0.56, "conf": 0.656000018119812}, "8": {"acc": 0.542, "conf": 0.7570000290870667}, "9": {"acc": 0.848, "conf": 0.8399999737739563}, "10": {"acc": 0.75, "conf": 0.9210000038146973}}}, "entropy": {"mean": 0.7710000276565552, "var": 0.03200000151991844}, "var_ratio": {"mean": 0.2590000033378601, "var": 0.014000000432133675}, "std": {"mean": 0.2409999966621399, "var": 0.014000000432133675}, "nll": {"mean": 0.6269999742507935, "var": 0.3100000023841858}, "brier": {"mean": 0.21799999475479126, "var": 0.05299999937415123}, "margin": {"mean": 0.4819999933242798, "var": 0.05700000002980232}, "bert_output": null, "gold_labels": [0, 0, 1, 0, 0, 1, 1, 0, 0, 0, 0, 1, 0, 1, 0, 0, 0, 0, 0, 1, 1, 0, 0, 0, 1, 1, 1, 0, 0, 1, 0, 1, 0, 0, 1, 1, 0, 1, 1, 1, 1, 1, 0, 0, 0, 1, 0, 0, 0, 0, 0, 1, 0, 0, 1, 1, 1, 0, 1, 1, 0, 1, 0, 1, 0, 0, 0, 1, 0, 1, 1, 1, 1, 0, 1, 1, 0, 0, 0, 1, 1, 0, 1, 1, 0, 0, 1, 1, 0, 0, 1, 1, 1, 0, 1, 0, 0, 1, 1, 1, 1, 1, 1, 1, 1, 1, 0, 1, 0, 0, 1, 0, 0, 0, 1, 1, 1, 0, 0, 0, 1, 1, 0, 0, 1]}, "test_results": {"acc": 0.6245487364620939, "ece": {"ece": 0.11245735156406994, "refinement": 0.21387514018973414, "bins": {"1": {"acc": 0.0, "conf": 0.0}, "2": {"acc": 0.0, "conf": 0.0}, "3": {"acc": 0.0, "conf": 0.0}, "4": {"acc": 0.0, "conf": 0.0}, "5": {"acc": 0.0, "conf": 0.0}, "6": {"acc": 0.347, "conf": 0.5519999861717224}, "7": {"acc": 0.593, "conf": 0.6539999842643738}, "8": {"acc": 0.68, "conf": 0.7519999742507935}, "9": {"acc": 0.708, "conf": 0.8500000238418579}, "10": {"acc": 0.828, "conf": 0.9269999861717224}}}, "entropy": {"mean": 0.7720000147819519, "var": 0.039000000804662704}, "var_ratio": {"mean": 0.2630000114440918, "var": 0.014999999664723873}, "std": {"mean": 0.2370000034570694, "var": 0.014999999664723873}, "nll": {"mean": 0.6700000166893005, "var": 0.35600000619888306}, "brier": {"mean": 0.2329999953508377, "var": 0.057999998331069946}, "margin": {"mean": 0.4740000069141388, "var": 0.05999999865889549}, "bert_output": null, "gold_labels": [1, 0, 1, 1, 0, 0, 0, 0, 0, 0, 0, 1, 1, 0, 0, 1, 1, 0, 0, 1, 0, 0, 0, 0, 1, 1, 1, 0, 1, 1, 1, 0, 1, 1, 0, 1, 1, 0, 1, 1, 0, 1, 0, 0, 0, 1, 0, 1, 1, 1, 1, 0, 1, 0, 0, 1, 0, 1, 1, 0, 0, 1, 1, 0, 1, 1, 0, 0, 0, 0, 0, 0, 1, 0, 0, 1, 0, 1, 1, 0, 1, 0, 1, 1, 1, 0, 0, 1, 0, 1, 0, 1, 0, 0, 1, 1, 1, 0, 0, 0, 0, 0, 0, 0, 0, 0, 0, 1, 0, 0, 0, 0, 0, 1, 1, 0, 0, 1, 1, 1, 1, 1, 1, 0, 1, 1, 1, 1, 0, 0, 1, 0, 0, 1, 0, 0, 1, 0, 1, 1, 1, 0, 1, 0, 1, 0, 0, 1, 0, 0, 1, 1, 0, 0, 0, 0, 1, 0, 1, 1, 0, 0, 1, 1, 0, 0, 1, 1, 1, 1, 0, 0, 1, 0, 0, 0, 0, 0, 1, 1, 0, 0, 1, 1, 0, 0, 0, 0, 0, 0, 1, 0, 1, 0, 1, 0, 1, 0, 1, 1, 0, 0, 0, 1, 0, 1, 1, 1, 1, 1, 0, 0, 0, 1, 0, 1, 0, 1, 1, 0, 0, 0, 1, 1, 0, 1, 0, 0, 1, 0, 1, 0, 1, 1, 0, 0, 1, 0, 1, 1, 0, 0, 1, 1, 1, 1, 1, 0, 1, 1, 1, 0, 1, 0, 1, 0, 0, 0, 1, 0, 0, 1, 0, 0, 1, 1, 0, 1, 0, 1, 1, 1, 0, 0, 0, 0, 1]}}