{"val_results": {"acc": 0.64, "ece": {"ece": 0.02430858898162845, "refinement": 0.2227191919191919, "bins": {"1": {"acc": 0.0, "conf": 0.0}, "2": {"acc": 0.0, "conf": 0.0}, "3": {"acc": 0.0, "conf": 0.0}, "4": {"acc": 0.0, "conf": 0.0}, "5": {"acc": 0.0, "conf": 0.0}, "6": {"acc": 0.568, "conf": 0.546999990940094}, "7": {"acc": 0.633, "conf": 0.6460000276565552}, "8": {"acc": 0.778, "conf": 0.7360000014305115}, "9": {"acc": 1.0, "conf": 0.8149999976158142}, "10": {"acc": 0.0, "conf": 0.0}}}, "entropy": {"mean": 0.9340000152587891, "var": 0.004999999888241291}, "var_ratio": {"mean": 0.3720000088214874, "var": 0.006000000052154064}, "std": {"mean": 0.12800000607967377, "var": 0.006000000052154064}, "nll": {"mean": 0.6380000114440918, "var": 0.07800000160932541}, "brier": {"mean": 0.2240000069141388, "var": 0.017999999225139618}, "margin": {"mean": 0.25600001215934753, "var": 0.023000000044703484}, "temperature": 1.5285255908966064}, "test_results": {"acc": 0.6353790613718412, "ece": {"ece": 0.03147839380945967, "refinement": 0.22283187957336442, "bins": {"1": {"acc": 0.0, "conf": 0.0}, "2": {"acc": 0.0, "conf": 0.0}, "3": {"acc": 0.0, "conf": 0.0}, "4": {"acc": 0.0, "conf": 0.0}, "5": {"acc": 0.0, "conf": 0.0}, "6": {"acc": 0.53, "conf": 0.5490000247955322}, "7": {"acc": 0.695, "conf": 0.6449999809265137}, "8": {"acc": 0.722, "conf": 0.7369999885559082}, "9": {"acc": 1.0, "conf": 0.8309999704360962}, "10": {"acc": 0.0, "conf": 0.0}}}, "entropy": {"mean": 0.9350000023841858, "var": 0.004999999888241291}, "var_ratio": {"mean": 0.375, "var": 0.006000000052154064}, "std": {"mean": 0.125, "var": 0.006000000052154064}, "nll": {"mean": 0.6389999985694885, "var": 0.07999999821186066}, "brier": {"mean": 0.2240000069141388, "var": 0.017999999225139618}, "margin": {"mean": 0.25099998712539673, "var": 0.02500000037252903}, "temperature": 1.5285255908966064}}