{"val_results": {"acc": 0.7289041618938527, "ece": {"ece": 0.01807819131040628, "refinement": 0.18640682731356448, "bins": {"1": {"acc": 0.0, "conf": 0.0}, "2": {"acc": 0.0, "conf": 0.0}, "3": {"acc": 0.0, "conf": 0.0}, "4": {"acc": 0.0, "conf": 0.0}, "5": {"acc": 0.0, "conf": 0.0}, "6": {"acc": 0.555, "conf": 0.5519999861717224}, "7": {"acc": 0.623, "conf": 0.652999997138977}, "8": {"acc": 0.769, "conf": 0.7450000047683716}, "9": {"acc": 0.854, "conf": 0.859000027179718}, "10": {"acc": 0.87, "conf": 0.9049999713897705}}}, "entropy": {"mean": 0.8069999814033508, "var": 0.023000000044703484}, "var_ratio": {"mean": 0.27399998903274536, "var": 0.010999999940395355}, "std": {"mean": 0.22599999606609344, "var": 0.010999999940395355}, "nll": {"mean": 0.5550000071525574, "var": 0.2160000056028366}, "brier": {"mean": 0.1860000044107437, "var": 0.03999999910593033}, "margin": {"mean": 0.453000009059906, "var": 0.0430000014603138}, "temperature": 1.1777517795562744}, "test_results": {"acc": 0.7316492769540546, "ece": {"ece": 0.03890000767876287, "refinement": 0.18031227958407303, "bins": {"1": {"acc": 0.0, "conf": 0.0}, "2": {"acc": 0.0, "conf": 0.0}, "3": {"acc": 0.0, "conf": 0.0}, "4": {"acc": 0.0, "conf": 0.0}, "5": {"acc": 0.0, "conf": 0.0}, "6": {"acc": 0.514, "conf": 0.5519999861717224}, "7": {"acc": 0.603, "conf": 0.6539999842643738}, "8": {"acc": 0.796, "conf": 0.7440000176429749}, "9": {"acc": 0.862, "conf": 0.8579999804496765}, "10": {"acc": 0.931, "conf": 0.9039999842643738}}}, "entropy": {"mean": 0.8109999895095825, "var": 0.020999999716877937}, "var_ratio": {"mean": 0.2750000059604645, "var": 0.009999999776482582}, "std": {"mean": 0.22499999403953552, "var": 0.009999999776482582}, "nll": {"mean": 0.5429999828338623, "var": 0.20100000500679016}, "brier": {"mean": 0.1809999942779541, "var": 0.03700000047683716}, "margin": {"mean": 0.44999998807907104, "var": 0.04100000113248825}, "temperature": 1.1777517795562744}}