{"val_results": {"acc": 0.64, "ece": {"ece": 0.07795612621307371, "refinement": 0.21317701149425286, "bins": {"1": {"acc": 0.0, "conf": 0.0}, "2": {"acc": 0.0, "conf": 0.0}, "3": {"acc": 0.0, "conf": 0.0}, "4": {"acc": 0.0, "conf": 0.0}, "5": {"acc": 0.0, "conf": 0.0}, "6": {"acc": 0.5, "conf": 0.5440000295639038}, "7": {"acc": 0.5, "conf": 0.6510000228881836}, "8": {"acc": 0.69, "conf": 0.7490000128746033}, "9": {"acc": 0.867, "conf": 0.8169999718666077}, "10": {"acc": 1.0, "conf": 0.9350000023841858}}}, "entropy": {"mean": 0.8460000157356262, "var": 0.014000000432133675}, "var_ratio": {"mean": 0.29600000381469727, "var": 0.008999999612569809}, "std": {"mean": 0.20399999618530273, "var": 0.008999999612569809}, "nll": {"mean": 0.6320000290870667, "var": 0.1940000057220459}, "brier": {"mean": 0.22100000083446503, "var": 0.039000000804662704}, "margin": {"mean": 0.40799999237060547, "var": 0.03500000014901161}, "bert_output": null, "gold_labels": [0, 0, 1, 0, 0, 1, 1, 0, 0, 0, 0, 1, 0, 1, 0, 0, 0, 0, 0, 1, 1, 0, 0, 0, 1, 1, 1, 0, 0, 1, 0, 1, 0, 0, 1, 1, 0, 1, 1, 1, 1, 1, 0, 0, 0, 1, 0, 0, 0, 0, 0, 1, 0, 0, 1, 1, 1, 0, 1, 1, 0, 1, 0, 1, 0, 0, 0, 1, 0, 1, 1, 1, 1, 0, 1, 1, 0, 0, 0, 1, 1, 0, 1, 1, 0, 0, 1, 1, 0, 0, 1, 1, 1, 0, 1, 0, 0, 1, 1, 1, 1, 1, 1, 1, 1, 1, 0, 1, 0, 0, 1, 0, 0, 0, 1, 1, 1, 0, 0, 0, 1, 1, 0, 0, 1]}, "test_results": {"acc": 0.6028880866425993, "ece": {"ece": 0.09003671196823947, "refinement": 0.22862105397963758, "bins": {"1": {"acc": 0.0, "conf": 0.0}, "2": {"acc": 0.0, "conf": 0.0}, "3": {"acc": 0.0, "conf": 0.0}, "4": {"acc": 0.0, "conf": 0.0}, "5": {"acc": 0.0, "conf": 0.0}, "6": {"acc": 0.478, "conf": 0.5550000071525574}, "7": {"acc": 0.542, "conf": 0.656000018119812}, "8": {"acc": 0.68, "conf": 0.7540000081062317}, "9": {"acc": 0.714, "conf": 0.8289999961853027}, "10": {"acc": 1.0, "conf": 0.9309999942779541}}}, "entropy": {"mean": 0.8560000061988831, "var": 0.017000000923871994}, "var_ratio": {"mean": 0.3089999854564667, "var": 0.009999999776482582}, "std": {"mean": 0.19099999964237213, "var": 0.009999999776482582}, "nll": {"mean": 0.6620000004768372, "var": 0.19699999690055847}, "brier": {"mean": 0.23499999940395355, "var": 0.039000000804662704}, "margin": {"mean": 0.38199999928474426, "var": 0.04100000113248825}, "bert_output": null, "gold_labels": [1, 0, 1, 1, 0, 0, 0, 0, 0, 0, 0, 1, 1, 0, 0, 1, 1, 0, 0, 1, 0, 0, 0, 0, 1, 1, 1, 0, 1, 1, 1, 0, 1, 1, 0, 1, 1, 0, 1, 1, 0, 1, 0, 0, 0, 1, 0, 1, 1, 1, 1, 0, 1, 0, 0, 1, 0, 1, 1, 0, 0, 1, 1, 0, 1, 1, 0, 0, 0, 0, 0, 0, 1, 0, 0, 1, 0, 1, 1, 0, 1, 0, 1, 1, 1, 0, 0, 1, 0, 1, 0, 1, 0, 0, 1, 1, 1, 0, 0, 0, 0, 0, 0, 0, 0, 0, 0, 1, 0, 0, 0, 0, 0, 1, 1, 0, 0, 1, 1, 1, 1, 1, 1, 0, 1, 1, 1, 1, 0, 0, 1, 0, 0, 1, 0, 0, 1, 0, 1, 1, 1, 0, 1, 0, 1, 0, 0, 1, 0, 0, 1, 1, 0, 0, 0, 0, 1, 0, 1, 1, 0, 0, 1, 1, 0, 0, 1, 1, 1, 1, 0, 0, 1, 0, 0, 0, 0, 0, 1, 1, 0, 0, 1, 1, 0, 0, 0, 0, 0, 0, 1, 0, 1, 0, 1, 0, 1, 0, 1, 1, 0, 0, 0, 1, 0, 1, 1, 1, 1, 1, 0, 0, 0, 1, 0, 1, 0, 1, 1, 0, 0, 0, 1, 1, 0, 1, 0, 0, 1, 0, 1, 0, 1, 1, 0, 0, 1, 0, 1, 1, 0, 0, 1, 1, 1, 1, 1, 0, 1, 1, 1, 0, 1, 0, 1, 0, 0, 0, 1, 0, 0, 1, 0, 0, 1, 1, 0, 1, 0, 1, 1, 1, 0, 0, 0, 0, 1]}}