{"acc": 0.8874856486796785, "f1": 0.8874522689394738, "acc_and_f1": 0.8874689588095761, "ece": {"ece": 0.016045572494940437, "refinement": 0.08528940794487122, "bins": {"1": {"acc": 0.0, "conf": 0.0}, "2": {"acc": 0.0, "conf": 0.0}, "3": {"acc": 0.0, "conf": 0.0}, "4": {"acc": 0.0, "conf": 0.0}, "5": {"acc": 0.0, "conf": 0.0}, "6": {"acc": 0.604, "conf": 0.5460000038146973}, "7": {"acc": 0.617, "conf": 0.6549999713897705}, "8": {"acc": 0.762, "conf": 0.7509999871253967}, "9": {"acc": 0.882, "conf": 0.8550000190734863}, "10": {"acc": 0.966, "conf": 0.9589999914169312}}}, "entropy": {"mean": 0.4449999928474426, "var": 0.0820000022649765}, "var_ratio": {"mean": 0.12300000339746475, "var": 0.01600000075995922}, "std": {"mean": 0.37700000405311584, "var": 0.01600000075995922}, "nll": {"mean": 0.2879999876022339, "var": 0.3160000145435333}, "brier": {"mean": 0.08500000089406967, "var": 0.03700000047683716}, "margin": {"mean": 0.753000020980835, "var": 0.06199999898672104}, "temperature": 1.2}