{"val_results": {"acc": 0.8014705882352942, "f1": 0.8601036269430051, "acc_and_f1": 0.8307871075891496, "ece": {"ece": 0.0409999831634409, "refinement": 0.1378540156528771, "bins": {"1": {"acc": 0.0, "conf": 0.0}, "2": {"acc": 0.0, "conf": 0.0}, "3": {"acc": 0.0, "conf": 0.0}, "4": {"acc": 0.0, "conf": 0.0}, "5": {"acc": 0.0, "conf": 0.0}, "6": {"acc": 0.484, "conf": 0.5490000247955322}, "7": {"acc": 0.622, "conf": 0.6549999713897705}, "8": {"acc": 0.677, "conf": 0.7540000081062317}, "9": {"acc": 0.818, "conf": 0.8579999804496765}, "10": {"acc": 0.948, "conf": 0.9240000247955322}}}, "entropy": {"mean": 0.6060000061988831, "var": 0.04899999871850014}, "var_ratio": {"mean": 0.17599999904632568, "var": 0.014000000432133675}, "std": {"mean": 0.3240000009536743, "var": 0.014000000432133675}, "nll": {"mean": 0.43299999833106995, "var": 0.3449999988079071}, "brier": {"mean": 0.13899999856948853, "var": 0.052000001072883606}, "margin": {"mean": 0.6489999890327454, "var": 0.054999999701976776}, "temperature": 1.2976628541946411}, "test_results": {"acc": 0.8272463768115942, "f1": 0.8781684382665575, "acc_and_f1": 0.8527074075390759, "ece": {"ece": 0.020334113508030993, "refinement": 0.12235339991026752, "bins": {"1": {"acc": 0.0, "conf": 0.0}, "2": {"acc": 0.0, "conf": 0.0}, "3": {"acc": 0.0, "conf": 0.0}, "4": {"acc": 0.0, "conf": 0.0}, "5": {"acc": 0.0, "conf": 0.0}, "6": {"acc": 0.487, "conf": 0.5490000247955322}, "7": {"acc": 0.642, "conf": 0.6539999842643738}, "8": {"acc": 0.756, "conf": 0.7519999742507935}, "9": {"acc": 0.87, "conf": 0.8619999885559082}, "10": {"acc": 0.954, "conf": 0.9240000247955322}}}, "entropy": {"mean": 0.6119999885559082, "var": 0.04899999871850014}, "var_ratio": {"mean": 0.18000000715255737, "var": 0.014999999664723873}, "std": {"mean": 0.3199999928474426, "var": 0.014999999664723873}, "nll": {"mean": 0.3930000066757202, "var": 0.2879999876022339}, "brier": {"mean": 0.12200000137090683, "var": 0.04399999976158142}, "margin": {"mean": 0.640999972820282, "var": 0.05900000035762787}, "temperature": 1.2976628541946411}}