{"val_results": {"acc": 0.6764705882352942, "f1": 0.8070175438596492, "acc_and_f1": 0.7417440660474717, "ece": {"ece": 0.0725366265750399, "refinement": 0.2051924473493101, "bins": {"1": {"acc": 0.0, "conf": 0.0}, "2": {"acc": 0.0, "conf": 0.0}, "3": {"acc": 0.0, "conf": 0.0}, "4": {"acc": 0.0, "conf": 0.0}, "5": {"acc": 0.0, "conf": 0.0}, "6": {"acc": 0.267, "conf": 0.5799999833106995}, "7": {"acc": 0.704, "conf": 0.6510000228881836}, "8": {"acc": 0.778, "conf": 0.7139999866485596}, "9": {"acc": 0.0, "conf": 0.0}, "10": {"acc": 0.0, "conf": 0.0}}}, "entropy": {"mean": 0.9300000071525574, "var": 0.0010000000474974513}, "var_ratio": {"mean": 0.3499999940395355, "var": 0.0010000000474974513}, "std": {"mean": 0.15000000596046448, "var": 0.0010000000474974513}, "nll": {"mean": 0.6179999709129333, "var": 0.08399999886751175}, "brier": {"mean": 0.21299999952316284, "var": 0.01899999938905239}, "margin": {"mean": 0.30000001192092896, "var": 0.004999999888241291}, "temperature": 1.2040845155715942}, "test_results": {"acc": 0.664927536231884, "f1": 0.7987465181058496, "acc_and_f1": 0.7318370271688668, "ece": {"ece": 0.03340177086816322, "refinement": 0.21834752968848092, "bins": {"1": {"acc": 0.0, "conf": 0.0}, "2": {"acc": 0.0, "conf": 0.0}, "3": {"acc": 0.0, "conf": 0.0}, "4": {"acc": 0.0, "conf": 0.0}, "5": {"acc": 0.0, "conf": 0.0}, "6": {"acc": 0.418, "conf": 0.5820000171661377}, "7": {"acc": 0.677, "conf": 0.6520000100135803}, "8": {"acc": 0.744, "conf": 0.7139999866485596}, "9": {"acc": 0.0, "conf": 0.0}, "10": {"acc": 0.0, "conf": 0.0}}}, "entropy": {"mean": 0.9279999732971191, "var": 0.0010000000474974513}, "var_ratio": {"mean": 0.3479999899864197, "var": 0.0010000000474974513}, "std": {"mean": 0.15199999511241913, "var": 0.0010000000474974513}, "nll": {"mean": 0.6269999742507935, "var": 0.08900000154972076}, "brier": {"mean": 0.21799999475479126, "var": 0.020999999716877937}, "margin": {"mean": 0.3050000071525574, "var": 0.004999999888241291}, "temperature": 1.2040845155715942}}