{"val_results": {"acc": 0.64, "ece": {"ece": 0.07837385082244873, "refinement": 0.22472559360980413, "bins": {"1": {"acc": 0.0, "conf": 0.0}, "2": {"acc": 0.0, "conf": 0.0}, "3": {"acc": 0.0, "conf": 0.0}, "4": {"acc": 0.0, "conf": 0.0}, "5": {"acc": 0.0, "conf": 0.0}, "6": {"acc": 0.538, "conf": 0.5540000200271606}, "7": {"acc": 0.676, "conf": 0.6460000276565552}, "8": {"acc": 0.65, "conf": 0.75}, "9": {"acc": 0.632, "conf": 0.8429999947547913}, "10": {"acc": 1.0, "conf": 0.906000018119812}}}, "entropy": {"mean": 0.847000002861023, "var": 0.019999999552965164}, "var_ratio": {"mean": 0.30399999022483826, "var": 0.010999999940395355}, "std": {"mean": 0.19599999487400055, "var": 0.010999999940395355}, "nll": {"mean": 0.6620000004768372, "var": 0.23199999332427979}, "brier": {"mean": 0.23199999332427979, "var": 0.0430000014603138}, "margin": {"mean": 0.3919999897480011, "var": 0.04399999976158142}, "bert_output": null, "gold_labels": [0, 0, 1, 0, 0, 1, 1, 0, 0, 0, 0, 1, 0, 1, 0, 0, 0, 0, 0, 1, 1, 0, 0, 0, 1, 1, 1, 0, 0, 1, 0, 1, 0, 0, 1, 1, 0, 1, 1, 1, 1, 1, 0, 0, 0, 1, 0, 0, 0, 0, 0, 1, 0, 0, 1, 1, 1, 0, 1, 1, 0, 1, 0, 1, 0, 0, 0, 1, 0, 1, 1, 1, 1, 0, 1, 1, 0, 0, 0, 1, 1, 0, 1, 1, 0, 0, 1, 1, 0, 0, 1, 1, 1, 0, 1, 0, 0, 1, 1, 1, 1, 1, 1, 1, 1, 1, 0, 1, 0, 0, 1, 0, 0, 0, 1, 1, 1, 0, 0, 0, 1, 1, 0, 0, 1]}, "test_results": {"acc": 0.6534296028880866, "ece": {"ece": 0.06878354919516226, "refinement": 0.21900171453258188, "bins": {"1": {"acc": 0.0, "conf": 0.0}, "2": {"acc": 0.0, "conf": 0.0}, "3": {"acc": 0.0, "conf": 0.0}, "4": {"acc": 0.0, "conf": 0.0}, "5": {"acc": 0.0, "conf": 0.0}, "6": {"acc": 0.65, "conf": 0.550000011920929}, "7": {"acc": 0.602, "conf": 0.6520000100135803}, "8": {"acc": 0.676, "conf": 0.7419999837875366}, "9": {"acc": 0.765, "conf": 0.8379999995231628}, "10": {"acc": 1.0, "conf": 0.9150000214576721}}}, "entropy": {"mean": 0.8669999837875366, "var": 0.017999999225139618}, "var_ratio": {"mean": 0.3179999887943268, "var": 0.009999999776482582}, "std": {"mean": 0.18199999630451202, "var": 0.009999999776482582}, "nll": {"mean": 0.6370000243186951, "var": 0.17000000178813934}, "brier": {"mean": 0.22300000488758087, "var": 0.03400000184774399}, "margin": {"mean": 0.36500000953674316, "var": 0.03999999910593033}, "bert_output": null, "gold_labels": [1, 0, 1, 1, 0, 0, 0, 0, 0, 0, 0, 1, 1, 0, 0, 1, 1, 0, 0, 1, 0, 0, 0, 0, 1, 1, 1, 0, 1, 1, 1, 0, 1, 1, 0, 1, 1, 0, 1, 1, 0, 1, 0, 0, 0, 1, 0, 1, 1, 1, 1, 0, 1, 0, 0, 1, 0, 1, 1, 0, 0, 1, 1, 0, 1, 1, 0, 0, 0, 0, 0, 0, 1, 0, 0, 1, 0, 1, 1, 0, 1, 0, 1, 1, 1, 0, 0, 1, 0, 1, 0, 1, 0, 0, 1, 1, 1, 0, 0, 0, 0, 0, 0, 0, 0, 0, 0, 1, 0, 0, 0, 0, 0, 1, 1, 0, 0, 1, 1, 1, 1, 1, 1, 0, 1, 1, 1, 1, 0, 0, 1, 0, 0, 1, 0, 0, 1, 0, 1, 1, 1, 0, 1, 0, 1, 0, 0, 1, 0, 0, 1, 1, 0, 0, 0, 0, 1, 0, 1, 1, 0, 0, 1, 1, 0, 0, 1, 1, 1, 1, 0, 0, 1, 0, 0, 0, 0, 0, 1, 1, 0, 0, 1, 1, 0, 0, 0, 0, 0, 0, 1, 0, 1, 0, 1, 0, 1, 0, 1, 1, 0, 0, 0, 1, 0, 1, 1, 1, 1, 1, 0, 0, 0, 1, 0, 1, 0, 1, 1, 0, 0, 0, 1, 1, 0, 1, 0, 0, 1, 0, 1, 0, 1, 1, 0, 0, 1, 0, 1, 1, 0, 0, 1, 1, 1, 1, 1, 0, 1, 1, 1, 0, 1, 0, 1, 0, 0, 0, 1, 0, 0, 1, 0, 0, 1, 1, 0, 1, 0, 1, 1, 1, 0, 0, 0, 0, 1]}}