{"val_results": {"acc": 0.648, "ece": {"ece": 0.059882975101470934, "refinement": 0.2030549707602339, "bins": {"1": {"acc": 0.0, "conf": 0.0}, "2": {"acc": 0.0, "conf": 0.0}, "3": {"acc": 0.0, "conf": 0.0}, "4": {"acc": 0.0, "conf": 0.0}, "5": {"acc": 0.0, "conf": 0.0}, "6": {"acc": 0.367, "conf": 0.5479999780654907}, "7": {"acc": 0.667, "conf": 0.6480000019073486}, "8": {"acc": 0.722, "conf": 0.7480000257492065}, "9": {"acc": 0.842, "conf": 0.8270000219345093}, "10": {"acc": 1.0, "conf": 0.9020000100135803}}}, "entropy": {"mean": 0.8669999837875366, "var": 0.014999999664723873}, "var_ratio": {"mean": 0.3179999887943268, "var": 0.009999999776482582}, "std": {"mean": 0.18199999630451202, "var": 0.009999999776482582}, "nll": {"mean": 0.6079999804496765, "var": 0.15399999916553497}, "brier": {"mean": 0.210999995470047, "var": 0.03099999949336052}, "margin": {"mean": 0.36399999260902405, "var": 0.04100000113248825}, "bert_output": null, "gold_labels": [0, 0, 1, 0, 0, 1, 1, 0, 0, 0, 0, 1, 0, 1, 0, 0, 0, 0, 0, 1, 1, 0, 0, 0, 1, 1, 1, 0, 0, 1, 0, 1, 0, 0, 1, 1, 0, 1, 1, 1, 1, 1, 0, 0, 0, 1, 0, 0, 0, 0, 0, 1, 0, 0, 1, 1, 1, 0, 1, 1, 0, 1, 0, 1, 0, 0, 0, 1, 0, 1, 1, 1, 1, 0, 1, 1, 0, 0, 0, 1, 1, 0, 1, 1, 0, 0, 1, 1, 0, 0, 1, 1, 1, 0, 1, 0, 0, 1, 1, 1, 1, 1, 1, 1, 1, 1, 0, 1, 0, 0, 1, 0, 0, 0, 1, 1, 1, 0, 0, 0, 1, 1, 0, 0, 1], "loss": 0.6329283227523168}, "test_results": {"acc": 0.6353790613718412, "ece": {"ece": 0.06118835567997681, "refinement": 0.22360500519999288, "bins": {"1": {"acc": 0.0, "conf": 0.0}, "2": {"acc": 0.0, "conf": 0.0}, "3": {"acc": 0.0, "conf": 0.0}, "4": {"acc": 0.0, "conf": 0.0}, "5": {"acc": 0.0, "conf": 0.0}, "6": {"acc": 0.58, "conf": 0.5550000071525574}, "7": {"acc": 0.569, "conf": 0.6539999842643738}, "8": {"acc": 0.641, "conf": 0.7480000257492065}, "9": {"acc": 0.826, "conf": 0.8370000123977661}, "10": {"acc": 0.0, "conf": 0.0}}}, "entropy": {"mean": 0.8650000095367432, "var": 0.01600000075995922}, "var_ratio": {"mean": 0.3179999887943268, "var": 0.010999999940395355}, "std": {"mean": 0.18199999630451202, "var": 0.010999999940395355}, "nll": {"mean": 0.6470000147819519, "var": 0.17499999701976776}, "brier": {"mean": 0.2280000001192093, "var": 0.03500000014901161}, "margin": {"mean": 0.3630000054836273, "var": 0.04399999976158142}, "bert_output": null, "gold_labels": [1, 0, 1, 1, 0, 0, 0, 0, 0, 0, 0, 1, 1, 0, 0, 1, 1, 0, 0, 1, 0, 0, 0, 0, 1, 1, 1, 0, 1, 1, 1, 0, 1, 1, 0, 1, 1, 0, 1, 1, 0, 1, 0, 0, 0, 1, 0, 1, 1, 1, 1, 0, 1, 0, 0, 1, 0, 1, 1, 0, 0, 1, 1, 0, 1, 1, 0, 0, 0, 0, 0, 0, 1, 0, 0, 1, 0, 1, 1, 0, 1, 0, 1, 1, 1, 0, 0, 1, 0, 1, 0, 1, 0, 0, 1, 1, 1, 0, 0, 0, 0, 0, 0, 0, 0, 0, 0, 1, 0, 0, 0, 0, 0, 1, 1, 0, 0, 1, 1, 1, 1, 1, 1, 0, 1, 1, 1, 1, 0, 0, 1, 0, 0, 1, 0, 0, 1, 0, 1, 1, 1, 0, 1, 0, 1, 0, 0, 1, 0, 0, 1, 1, 0, 0, 0, 0, 1, 0, 1, 1, 0, 0, 1, 1, 0, 0, 1, 1, 1, 1, 0, 0, 1, 0, 0, 0, 0, 0, 1, 1, 0, 0, 1, 1, 0, 0, 0, 0, 0, 0, 1, 0, 1, 0, 1, 0, 1, 0, 1, 1, 0, 0, 0, 1, 0, 1, 1, 1, 1, 1, 0, 0, 0, 1, 0, 1, 0, 1, 1, 0, 0, 0, 1, 1, 0, 1, 0, 0, 1, 0, 1, 0, 1, 1, 0, 0, 1, 0, 1, 1, 0, 0, 1, 1, 1, 1, 1, 0, 1, 1, 1, 0, 1, 0, 1, 0, 0, 0, 1, 0, 0, 1, 0, 0, 1, 1, 0, 1, 0, 1, 1, 1, 0, 0, 0, 0, 1], "loss": 0.659875689347585}}