{"val_results": {"acc": 0.9095634095634095, "ece": {"ece": 0.021650907837179753, "refinement": 0.06861143994711405, "bins": {"1": {"acc": 0.0, "conf": 0.0}, "2": {"acc": 0.0, "conf": 0.0}, "3": {"acc": 0.0, "conf": 0.0}, "4": {"acc": 0.0, "conf": 0.0}, "5": {"acc": 0.0, "conf": 0.0}, "6": {"acc": 0.471, "conf": 0.550000011920929}, "7": {"acc": 0.623, "conf": 0.652999997138977}, "8": {"acc": 0.677, "conf": 0.7540000081062317}, "9": {"acc": 0.782, "conf": 0.859000027179718}, "10": {"acc": 0.961, "conf": 0.972000002861023}}}, "entropy": {"mean": 0.28200000524520874, "var": 0.06499999761581421}, "var_ratio": {"mean": 0.0689999982714653, "var": 0.009999999776482582}, "std": {"mean": 0.4309999942779541, "var": 0.009999999776482582}, "nll": {"mean": 0.23800000548362732, "var": 0.421999990940094}, "brier": {"mean": 0.06800000369548798, "var": 0.03999999910593033}, "margin": {"mean": 0.8619999885559082, "var": 0.04100000113248825}, "temperature": 1.0178463459014893}, "test_results": {"acc": 0.9092996555683123, "ece": {"ece": 0.02311049968038438, "refinement": 0.0681965986358895, "bins": {"1": {"acc": 0.0, "conf": 0.0}, "2": {"acc": 0.0, "conf": 0.0}, "3": {"acc": 0.0, "conf": 0.0}, "4": {"acc": 0.0, "conf": 0.0}, "5": {"acc": 0.0, "conf": 0.0}, "6": {"acc": 0.667, "conf": 0.5440000295639038}, "7": {"acc": 0.533, "conf": 0.6510000228881836}, "8": {"acc": 0.75, "conf": 0.7549999952316284}, "9": {"acc": 0.745, "conf": 0.859000027179718}, "10": {"acc": 0.974, "conf": 0.9700000286102295}}}, "entropy": {"mean": 0.3199999928474426, "var": 0.07100000232458115}, "var_ratio": {"mean": 0.07900000363588333, "var": 0.009999999776482582}, "std": {"mean": 0.42100000381469727, "var": 0.009999999776482582}, "nll": {"mean": 0.23899999260902405, "var": 0.3610000014305115}, "brier": {"mean": 0.07000000029802322, "var": 0.03799999877810478}, "margin": {"mean": 0.8410000205039978, "var": 0.041999999433755875}, "temperature": 1.0178463459014893}}