{"val_results": {"acc": 0.9004, "f1": 0.9003406668193976, "acc_and_f1": 0.9003703334096989, "ece": {"ece": 0.027904888224601784, "refinement": 0.07500892010266785, "bins": {"1": {"acc": 0.0, "conf": 0.0}, "2": {"acc": 0.0, "conf": 0.0}, "3": {"acc": 0.0, "conf": 0.0}, "4": {"acc": 0.0, "conf": 0.0}, "5": {"acc": 0.0, "conf": 0.0}, "6": {"acc": 0.495, "conf": 0.5519999861717224}, "7": {"acc": 0.584, "conf": 0.6549999713897705}, "8": {"acc": 0.702, "conf": 0.753000020980835}, "9": {"acc": 0.824, "conf": 0.8569999933242798}, "10": {"acc": 0.956, "conf": 0.9779999852180481}}}, "entropy": {"mean": 0.27300000190734863, "var": 0.08100000023841858}, "var_ratio": {"mean": 0.07199999690055847, "var": 0.012000000104308128}, "std": {"mean": 0.42800000309944153, "var": 0.012000000104308128}, "nll": {"mean": 0.25600001215934753, "var": 0.4830000102519989}, "brier": {"mean": 0.07400000095367432, "var": 0.041999999433755875}, "margin": {"mean": 0.8569999933242798, "var": 0.05000000074505806}, "temperature": 0.889916718006134}, "test_results": {"acc": 0.90564, "f1": 0.9055836038024883, "acc_and_f1": 0.9056118019012441, "ece": {"ece": 0.023977477254867548, "refinement": 0.07124080160321487, "bins": {"1": {"acc": 0.0, "conf": 0.0}, "2": {"acc": 0.0, "conf": 0.0}, "3": {"acc": 0.0, "conf": 0.0}, "4": {"acc": 0.0, "conf": 0.0}, "5": {"acc": 0.0, "conf": 0.0}, "6": {"acc": 0.529, "conf": 0.550000011920929}, "7": {"acc": 0.64, "conf": 0.652999997138977}, "8": {"acc": 0.677, "conf": 0.7540000081062317}, "9": {"acc": 0.775, "conf": 0.8569999933242798}, "10": {"acc": 0.964, "conf": 0.9779999852180481}}}, "entropy": {"mean": 0.27000001072883606, "var": 0.07999999821186066}, "var_ratio": {"mean": 0.07000000029802322, "var": 0.012000000104308128}, "std": {"mean": 0.4300000071525574, "var": 0.012000000104308128}, "nll": {"mean": 0.23999999463558197, "var": 0.41600000858306885}, "brier": {"mean": 0.07100000232458115, "var": 0.03999999910593033}, "margin": {"mean": 0.859000027179718, "var": 0.04899999871850014}, "temperature": 0.889916718006134}}