{"val_results": {"acc": 0.1004, "f1": 0.10032385141078343, "acc_and_f1": 0.10036192570539171, "ece": {"ece": 0.4099493332862854, "refinement": 0.09031984, "bins": {"1": {"acc": 0.0, "conf": 0.0}, "2": {"acc": 0.0, "conf": 0.0}, "3": {"acc": 0.0, "conf": 0.0}, "4": {"acc": 0.0, "conf": 0.0}, "5": {"acc": 0.0, "conf": 0.0}, "6": {"acc": 0.1, "conf": 0.5099999904632568}, "7": {"acc": 0.0, "conf": 0.0}, "8": {"acc": 0.0, "conf": 0.0}, "9": {"acc": 0.0, "conf": 0.0}, "10": {"acc": 0.0, "conf": 0.0}}}, "entropy": {"mean": 1.0, "var": 0.0}, "var_ratio": {"mean": 0.49000000953674316, "var": 0.0}, "std": {"mean": 0.009999999776482582, "var": 0.0}, "nll": {"mean": 0.7120000123977661, "var": 0.0}, "brier": {"mean": 0.2590000033378601, "var": 0.0}, "margin": {"mean": 0.020999999716877937, "var": 0.0}, "temperature": -77.40923309326172}, "test_results": {"acc": 0.09524, "f1": 0.0951398587662256, "acc_and_f1": 0.0951899293831128, "ece": {"ece": 0.4151572554206848, "refinement": 0.0861693424, "bins": {"1": {"acc": 0.0, "conf": 0.0}, "2": {"acc": 0.0, "conf": 0.0}, "3": {"acc": 0.0, "conf": 0.0}, "4": {"acc": 0.0, "conf": 0.0}, "5": {"acc": 0.0, "conf": 0.0}, "6": {"acc": 0.095, "conf": 0.5099999904632568}, "7": {"acc": 0.0, "conf": 0.0}, "8": {"acc": 0.0, "conf": 0.0}, "9": {"acc": 0.0, "conf": 0.0}, "10": {"acc": 0.0, "conf": 0.0}}}, "entropy": {"mean": 1.0, "var": 0.0}, "var_ratio": {"mean": 0.49000000953674316, "var": 0.0}, "std": {"mean": 0.009999999776482582, "var": 0.0}, "nll": {"mean": 0.7120000123977661, "var": 0.0}, "brier": {"mean": 0.25999999046325684, "var": 0.0}, "margin": {"mean": 0.020999999716877937, "var": 0.0}, "temperature": -77.40923309326172}}