{"acc": 0.5270758122743683, "ece": {"ece": 0.22443819691558176, "refinement": 0.24291226900849422, "bins": {"1": {"acc": 0.0, "conf": 0.0}, "2": {"acc": 0.0, "conf": 0.0}, "3": {"acc": 0.0, "conf": 0.0}, "4": {"acc": 0.0, "conf": 0.0}, "5": {"acc": 0.0, "conf": 0.0}, "6": {"acc": 0.4, "conf": 0.550000011920929}, "7": {"acc": 0.58, "conf": 0.6579999923706055}, "8": {"acc": 0.544, "conf": 0.746999979019165}, "9": {"acc": 0.494, "conf": 0.843999981880188}, "10": {"acc": 0.659, "conf": 0.9380000233650208}}}, "entropy": {"mean": 0.7379999756813049, "var": 0.05000000074505806}, "var_ratio": {"mean": 0.24799999594688416, "var": 0.017000000923871994}, "std": {"mean": 0.25200000405311584, "var": 0.017000000923871994}, "nll": {"mean": 0.8679999709129333, "var": 0.6110000014305115}, "brier": {"mean": 0.30399999022483826, "var": 0.08100000023841858}, "margin": {"mean": 0.503000020980835, "var": 0.0689999982714653}, "temperature": 1.15}