{"val_results": {"acc": 0.911939411939412, "ece": {"ece": 0.04986891778031624, "refinement": 0.0694294607285437, "bins": {"1": {"acc": 0.0, "conf": 0.0}, "2": {"acc": 0.0, "conf": 0.0}, "3": {"acc": 0.0, "conf": 0.0}, "4": {"acc": 0.0, "conf": 0.0}, "5": {"acc": 0.0, "conf": 0.0}, "6": {"acc": 0.516, "conf": 0.550000011920929}, "7": {"acc": 0.549, "conf": 0.6499999761581421}, "8": {"acc": 0.556, "conf": 0.7599999904632568}, "9": {"acc": 0.719, "conf": 0.8650000095367432}, "10": {"acc": 0.949, "conf": 0.9869999885559082}}}, "entropy": {"mean": 0.1599999964237213, "var": 0.05400000140070915}, "var_ratio": {"mean": 0.03799999877810478, "var": 0.007000000216066837}, "std": {"mean": 0.4620000123977661, "var": 0.007000000216066837}, "nll": {"mean": 0.27799999713897705, "var": 0.8569999933242798}, "brier": {"mean": 0.07199999690055847, "var": 0.050999999046325684}, "margin": {"mean": 0.9240000247955322, "var": 0.026000000536441803}, "temperature": 0.7083133459091187}, "test_results": {"acc": 0.8243398392652124, "ece": {"ece": 0.12511190084310675, "refinement": 0.1307293595970589, "bins": {"1": {"acc": 0.0, "conf": 0.0}, "2": {"acc": 0.0, "conf": 0.0}, "3": {"acc": 0.0, "conf": 0.0}, "4": {"acc": 0.0, "conf": 0.0}, "5": {"acc": 0.0, "conf": 0.0}, "6": {"acc": 0.438, "conf": 0.5559999942779541}, "7": {"acc": 0.429, "conf": 0.652999997138977}, "8": {"acc": 0.5, "conf": 0.7590000033378601}, "9": {"acc": 0.674, "conf": 0.8659999966621399}, "10": {"acc": 0.875, "conf": 0.984000027179718}}}, "entropy": {"mean": 0.20600000023841858, "var": 0.06700000166893005}, "var_ratio": {"mean": 0.050999999046325684, "var": 0.00800000037997961}, "std": {"mean": 0.4490000009536743, "var": 0.00800000037997961}, "nll": {"mean": 0.5460000038146973, "var": 1.6260000467300415}, "brier": {"mean": 0.14399999380111694, "var": 0.09700000286102295}, "margin": {"mean": 0.8989999890327454, "var": 0.032999999821186066}, "temperature": 0.7083133459091187}}