{"val_results": {"acc": 0.72, "ece": {"ece": 0.05536145305633544, "refinement": 0.19627954958847404, "bins": {"1": {"acc": 0.0, "conf": 0.0}, "2": {"acc": 0.0, "conf": 0.0}, "3": {"acc": 0.0, "conf": 0.0}, "4": {"acc": 0.0, "conf": 0.0}, "5": {"acc": 0.0, "conf": 0.0}, "6": {"acc": 0.579, "conf": 0.5649999976158142}, "7": {"acc": 0.696, "conf": 0.6510000228881836}, "8": {"acc": 0.718, "conf": 0.7620000243186951}, "9": {"acc": 0.818, "conf": 0.824999988079071}, "10": {"acc": 0.773, "conf": 0.9430000185966492}}}, "entropy": {"mean": 0.7390000224113464, "var": 0.052000001072883606}, "var_ratio": {"mean": 0.24500000476837158, "var": 0.014999999664723873}, "std": {"mean": 0.2549999952316284, "var": 0.014999999664723873}, "nll": {"mean": 0.6060000061988831, "var": 0.40700000524520874}, "brier": {"mean": 0.20100000500679016, "var": 0.05700000002980232}, "margin": {"mean": 0.5090000033378601, "var": 0.061000000685453415}, "bert_output": null, "gold_labels": [0, 0, 1, 0, 0, 1, 1, 0, 0, 0, 0, 1, 0, 1, 0, 0, 0, 0, 0, 1, 1, 0, 0, 0, 1, 1, 1, 0, 0, 1, 0, 1, 0, 0, 1, 1, 0, 1, 1, 1, 1, 1, 0, 0, 0, 1, 0, 0, 0, 0, 0, 1, 0, 0, 1, 1, 1, 0, 1, 1, 0, 1, 0, 1, 0, 0, 0, 1, 0, 1, 1, 1, 1, 0, 1, 1, 0, 0, 0, 1, 1, 0, 1, 1, 0, 0, 1, 1, 0, 0, 1, 1, 1, 0, 1, 0, 0, 1, 1, 1, 1, 1, 1, 1, 1, 1, 0, 1, 0, 0, 1, 0, 0, 0, 1, 1, 1, 0, 0, 0, 1, 1, 0, 0, 1]}, "test_results": {"acc": 0.6570397111913358, "ece": {"ece": 0.09963533163931397, "refinement": 0.21477427175615113, "bins": {"1": {"acc": 0.0, "conf": 0.0}, "2": {"acc": 0.0, "conf": 0.0}, "3": {"acc": 0.0, "conf": 0.0}, "4": {"acc": 0.0, "conf": 0.0}, "5": {"acc": 0.0, "conf": 0.0}, "6": {"acc": 0.614, "conf": 0.5490000247955322}, "7": {"acc": 0.622, "conf": 0.6480000019073486}, "8": {"acc": 0.592, "conf": 0.7570000290870667}, "9": {"acc": 0.727, "conf": 0.828000009059906}, "10": {"acc": 0.9, "conf": 0.9350000023841858}}}, "entropy": {"mean": 0.7730000019073486, "var": 0.03700000047683716}, "var_ratio": {"mean": 0.25999999046325684, "var": 0.014000000432133675}, "std": {"mean": 0.23999999463558197, "var": 0.014000000432133675}, "nll": {"mean": 0.6489999890327454, "var": 0.3179999887943268}, "brier": {"mean": 0.22699999809265137, "var": 0.054999999701976776}, "margin": {"mean": 0.4790000021457672, "var": 0.054999999701976776}, "bert_output": null, "gold_labels": [1, 0, 1, 1, 0, 0, 0, 0, 0, 0, 0, 1, 1, 0, 0, 1, 1, 0, 0, 1, 0, 0, 0, 0, 1, 1, 1, 0, 1, 1, 1, 0, 1, 1, 0, 1, 1, 0, 1, 1, 0, 1, 0, 0, 0, 1, 0, 1, 1, 1, 1, 0, 1, 0, 0, 1, 0, 1, 1, 0, 0, 1, 1, 0, 1, 1, 0, 0, 0, 0, 0, 0, 1, 0, 0, 1, 0, 1, 1, 0, 1, 0, 1, 1, 1, 0, 0, 1, 0, 1, 0, 1, 0, 0, 1, 1, 1, 0, 0, 0, 0, 0, 0, 0, 0, 0, 0, 1, 0, 0, 0, 0, 0, 1, 1, 0, 0, 1, 1, 1, 1, 1, 1, 0, 1, 1, 1, 1, 0, 0, 1, 0, 0, 1, 0, 0, 1, 0, 1, 1, 1, 0, 1, 0, 1, 0, 0, 1, 0, 0, 1, 1, 0, 0, 0, 0, 1, 0, 1, 1, 0, 0, 1, 1, 0, 0, 1, 1, 1, 1, 0, 0, 1, 0, 0, 0, 0, 0, 1, 1, 0, 0, 1, 1, 0, 0, 0, 0, 0, 0, 1, 0, 1, 0, 1, 0, 1, 0, 1, 1, 0, 0, 0, 1, 0, 1, 1, 1, 1, 1, 0, 0, 0, 1, 0, 1, 0, 1, 1, 0, 0, 0, 1, 1, 0, 1, 0, 0, 1, 0, 1, 0, 1, 1, 0, 0, 1, 0, 1, 1, 0, 0, 1, 1, 1, 1, 1, 0, 1, 1, 1, 0, 1, 0, 1, 0, 0, 0, 1, 0, 0, 1, 0, 0, 1, 1, 0, 1, 0, 1, 1, 1, 0, 0, 0, 0, 1]}}