{"val_results": {"acc": 0.72, "ece": {"ece": 0.08301098060607909, "refinement": 0.1903681562881563, "bins": {"1": {"acc": 0.0, "conf": 0.0}, "2": {"acc": 0.0, "conf": 0.0}, "3": {"acc": 0.0, "conf": 0.0}, "4": {"acc": 0.0, "conf": 0.0}, "5": {"acc": 0.0, "conf": 0.0}, "6": {"acc": 0.722, "conf": 0.5379999876022339}, "7": {"acc": 0.56, "conf": 0.6539999842643738}, "8": {"acc": 0.771, "conf": 0.7599999904632568}, "9": {"acc": 0.769, "conf": 0.8259999752044678}, "10": {"acc": 0.81, "conf": 0.9449999928474426}}}, "entropy": {"mean": 0.7400000095367432, "var": 0.052000001072883606}, "var_ratio": {"mean": 0.24799999594688416, "var": 0.017000000923871994}, "std": {"mean": 0.25200000405311584, "var": 0.017000000923871994}, "nll": {"mean": 0.6019999980926514, "var": 0.39899998903274536}, "brier": {"mean": 0.20000000298023224, "var": 0.054999999701976776}, "margin": {"mean": 0.503000020980835, "var": 0.06599999964237213}, "bert_output": null, "gold_labels": [0, 0, 1, 0, 0, 1, 1, 0, 0, 0, 0, 1, 0, 1, 0, 0, 0, 0, 0, 1, 1, 0, 0, 0, 1, 1, 1, 0, 0, 1, 0, 1, 0, 0, 1, 1, 0, 1, 1, 1, 1, 1, 0, 0, 0, 1, 0, 0, 0, 0, 0, 1, 0, 0, 1, 1, 1, 0, 1, 1, 0, 1, 0, 1, 0, 0, 0, 1, 0, 1, 1, 1, 1, 0, 1, 1, 0, 0, 0, 1, 1, 0, 1, 1, 0, 0, 1, 1, 0, 0, 1, 1, 1, 0, 1, 0, 0, 1, 1, 1, 1, 1, 1, 1, 1, 1, 0, 1, 0, 0, 1, 0, 0, 0, 1, 1, 1, 0, 0, 0, 1, 1, 0, 0, 1]}, "test_results": {"acc": 0.6570397111913358, "ece": {"ece": 0.08688745731050786, "refinement": 0.21623798717661533, "bins": {"1": {"acc": 0.0, "conf": 0.0}, "2": {"acc": 0.0, "conf": 0.0}, "3": {"acc": 0.0, "conf": 0.0}, "4": {"acc": 0.0, "conf": 0.0}, "5": {"acc": 0.0, "conf": 0.0}, "6": {"acc": 0.533, "conf": 0.5479999780654907}, "7": {"acc": 0.659, "conf": 0.6570000052452087}, "8": {"acc": 0.63, "conf": 0.7580000162124634}, "9": {"acc": 0.654, "conf": 0.8289999961853027}, "10": {"acc": 0.929, "conf": 0.9409999847412109}}}, "entropy": {"mean": 0.7739999890327454, "var": 0.03700000047683716}, "var_ratio": {"mean": 0.25999999046325684, "var": 0.014000000432133675}, "std": {"mean": 0.23999999463558197, "var": 0.014000000432133675}, "nll": {"mean": 0.6439999938011169, "var": 0.3140000104904175}, "brier": {"mean": 0.22499999403953552, "var": 0.05400000140070915}, "margin": {"mean": 0.4790000021457672, "var": 0.05400000140070915}, "bert_output": null, "gold_labels": [1, 0, 1, 1, 0, 0, 0, 0, 0, 0, 0, 1, 1, 0, 0, 1, 1, 0, 0, 1, 0, 0, 0, 0, 1, 1, 1, 0, 1, 1, 1, 0, 1, 1, 0, 1, 1, 0, 1, 1, 0, 1, 0, 0, 0, 1, 0, 1, 1, 1, 1, 0, 1, 0, 0, 1, 0, 1, 1, 0, 0, 1, 1, 0, 1, 1, 0, 0, 0, 0, 0, 0, 1, 0, 0, 1, 0, 1, 1, 0, 1, 0, 1, 1, 1, 0, 0, 1, 0, 1, 0, 1, 0, 0, 1, 1, 1, 0, 0, 0, 0, 0, 0, 0, 0, 0, 0, 1, 0, 0, 0, 0, 0, 1, 1, 0, 0, 1, 1, 1, 1, 1, 1, 0, 1, 1, 1, 1, 0, 0, 1, 0, 0, 1, 0, 0, 1, 0, 1, 1, 1, 0, 1, 0, 1, 0, 0, 1, 0, 0, 1, 1, 0, 0, 0, 0, 1, 0, 1, 1, 0, 0, 1, 1, 0, 0, 1, 1, 1, 1, 0, 0, 1, 0, 0, 0, 0, 0, 1, 1, 0, 0, 1, 1, 0, 0, 0, 0, 0, 0, 1, 0, 1, 0, 1, 0, 1, 0, 1, 1, 0, 0, 0, 1, 0, 1, 1, 1, 1, 1, 0, 0, 0, 1, 0, 1, 0, 1, 1, 0, 0, 0, 1, 1, 0, 1, 0, 0, 1, 0, 1, 0, 1, 1, 0, 0, 1, 0, 1, 1, 0, 0, 1, 1, 1, 1, 1, 0, 1, 1, 1, 0, 1, 0, 1, 0, 0, 0, 1, 0, 0, 1, 0, 0, 1, 1, 0, 1, 0, 1, 1, 1, 0, 0, 0, 0, 1]}}