{"test_ood_results": {"acc": 0.8553386911595867, "f1": 0.8539477466543167, "acc_and_f1": 0.8546432189069517, "ece": {"ece": 0.07842685783497909, "refinement": 0.10674472280335642, "bins": {"1": {"acc": 0.0, "conf": 0.0}, "2": {"acc": 0.0, "conf": 0.0}, "3": {"acc": 0.0, "conf": 0.0}, "4": {"acc": 0.0, "conf": 0.0}, "5": {"acc": 0.0, "conf": 0.0}, "6": {"acc": 0.526, "conf": 0.5519999861717224}, "7": {"acc": 0.579, "conf": 0.6570000052452087}, "8": {"acc": 0.6, "conf": 0.753000020980835}, "9": {"acc": 0.676, "conf": 0.8539999723434448}, "10": {"acc": 0.921, "conf": 0.9890000224113464}}}, "entropy": {"mean": 0.2240000069141388, "var": 0.10000000149011612}, "var_ratio": {"mean": 0.06599999964237213, "var": 0.014999999664723873}, "std": {"mean": 0.4339999854564667, "var": 0.014999999664723873}, "nll": {"mean": 0.42100000381469727, "var": 1.281000018119812}, "brier": {"mean": 0.1120000034570694, "var": 0.06800000369548798}, "margin": {"mean": 0.8679999709129333, "var": 0.057999998331069946}, "temperature": 0.956781268119812}}