{"val_results": {"acc": 0.648, "ece": {"ece": 0.11019760513305664, "refinement": 0.22389164404223227, "bins": {"1": {"acc": 0.0, "conf": 0.0}, "2": {"acc": 0.0, "conf": 0.0}, "3": {"acc": 0.0, "conf": 0.0}, "4": {"acc": 0.0, "conf": 0.0}, "5": {"acc": 0.0, "conf": 0.0}, "6": {"acc": 0.556, "conf": 0.5440000295639038}, "7": {"acc": 0.72, "conf": 0.6480000019073486}, "8": {"acc": 0.559, "conf": 0.753000020980835}, "9": {"acc": 0.718, "conf": 0.8479999899864197}, "10": {"acc": 0.0, "conf": 0.0}}}, "entropy": {"mean": 0.8100000023841858, "var": 0.02500000037252903}, "var_ratio": {"mean": 0.2840000092983246, "var": 0.014000000432133675}, "std": {"mean": 0.2160000056028366, "var": 0.014000000432133675}, "nll": {"mean": 0.6600000262260437, "var": 0.26899999380111694}, "brier": {"mean": 0.2329999953508377, "var": 0.05000000074505806}, "margin": {"mean": 0.43299999833106995, "var": 0.0560000017285347}, "bert_output": null, "gold_labels": [0, 0, 1, 0, 0, 1, 1, 0, 0, 0, 0, 1, 0, 1, 0, 0, 0, 0, 0, 1, 1, 0, 0, 0, 1, 1, 1, 0, 0, 1, 0, 1, 0, 0, 1, 1, 0, 1, 1, 1, 1, 1, 0, 0, 0, 1, 0, 0, 0, 0, 0, 1, 0, 0, 1, 1, 1, 0, 1, 1, 0, 1, 0, 1, 0, 0, 0, 1, 0, 1, 1, 1, 1, 0, 1, 1, 0, 0, 0, 1, 1, 0, 1, 1, 0, 0, 1, 1, 0, 0, 1, 1, 1, 0, 1, 0, 0, 1, 1, 1, 1, 1, 1, 1, 1, 1, 0, 1, 0, 0, 1, 0, 0, 0, 1, 1, 1, 0, 0, 0, 1, 1, 0, 0, 1], "loss": 0.6723441418758938}, "test_results": {"acc": 0.6101083032490975, "ece": {"ece": 0.1012062447596113, "refinement": 0.23104753783079465, "bins": {"1": {"acc": 0.0, "conf": 0.0}, "2": {"acc": 0.0, "conf": 0.0}, "3": {"acc": 0.0, "conf": 0.0}, "4": {"acc": 0.0, "conf": 0.0}, "5": {"acc": 0.0, "conf": 0.0}, "6": {"acc": 0.468, "conf": 0.5550000071525574}, "7": {"acc": 0.635, "conf": 0.6420000195503235}, "8": {"acc": 0.597, "conf": 0.7490000128746033}, "9": {"acc": 0.696, "conf": 0.8420000076293945}, "10": {"acc": 0.833, "conf": 0.9110000133514404}}}, "entropy": {"mean": 0.8259999752044678, "var": 0.024000000208616257}, "var_ratio": {"mean": 0.2919999957084656, "var": 0.013000000268220901}, "std": {"mean": 0.20800000429153442, "var": 0.013000000268220901}, "nll": {"mean": 0.6859999895095825, "var": 0.26600000262260437}, "brier": {"mean": 0.24300000071525574, "var": 0.04800000041723251}, "margin": {"mean": 0.41499999165534973, "var": 0.050999999046325684}, "bert_output": null, "gold_labels": [1, 0, 1, 1, 0, 0, 0, 0, 0, 0, 0, 1, 1, 0, 0, 1, 1, 0, 0, 1, 0, 0, 0, 0, 1, 1, 1, 0, 1, 1, 1, 0, 1, 1, 0, 1, 1, 0, 1, 1, 0, 1, 0, 0, 0, 1, 0, 1, 1, 1, 1, 0, 1, 0, 0, 1, 0, 1, 1, 0, 0, 1, 1, 0, 1, 1, 0, 0, 0, 0, 0, 0, 1, 0, 0, 1, 0, 1, 1, 0, 1, 0, 1, 1, 1, 0, 0, 1, 0, 1, 0, 1, 0, 0, 1, 1, 1, 0, 0, 0, 0, 0, 0, 0, 0, 0, 0, 1, 0, 0, 0, 0, 0, 1, 1, 0, 0, 1, 1, 1, 1, 1, 1, 0, 1, 1, 1, 1, 0, 0, 1, 0, 0, 1, 0, 0, 1, 0, 1, 1, 1, 0, 1, 0, 1, 0, 0, 1, 0, 0, 1, 1, 0, 0, 0, 0, 1, 0, 1, 1, 0, 0, 1, 1, 0, 0, 1, 1, 1, 1, 0, 0, 1, 0, 0, 0, 0, 0, 1, 1, 0, 0, 1, 1, 0, 0, 0, 0, 0, 0, 1, 0, 1, 0, 1, 0, 1, 0, 1, 1, 0, 0, 0, 1, 0, 1, 1, 1, 1, 1, 0, 0, 0, 1, 0, 1, 0, 1, 1, 0, 0, 0, 1, 1, 0, 1, 0, 0, 1, 0, 1, 0, 1, 1, 0, 0, 1, 0, 1, 1, 0, 0, 1, 1, 1, 1, 1, 0, 1, 1, 1, 0, 1, 0, 1, 0, 0, 0, 1, 0, 0, 1, 0, 0, 1, 1, 0, 1, 0, 1, 1, 1, 0, 0, 0, 0, 1], "loss": 0.7013299380463297}}