{"val_results": {"acc": 0.6715686274509803, "f1": 0.8023598820058998, "acc_and_f1": 0.7369642547284401, "ece": {"ece": 0.03694006961350345, "refinement": 0.21925873787614503, "bins": {"1": {"acc": 0.0, "conf": 0.0}, "2": {"acc": 0.0, "conf": 0.0}, "3": {"acc": 0.0, "conf": 0.0}, "4": {"acc": 0.0, "conf": 0.0}, "5": {"acc": 0.0, "conf": 0.0}, "6": {"acc": 0.63, "conf": 0.5619999766349792}, "7": {"acc": 0.673, "conf": 0.6480000019073486}, "8": {"acc": 0.755, "conf": 0.7239999771118164}, "9": {"acc": 0.0, "conf": 0.0}, "10": {"acc": 0.0, "conf": 0.0}}}, "entropy": {"mean": 0.9369999766349792, "var": 0.0020000000949949026}, "var_ratio": {"mean": 0.36500000953674316, "var": 0.003000000026077032}, "std": {"mean": 0.13500000536441803, "var": 0.003000000026077032}, "nll": {"mean": 0.6359999775886536, "var": 0.07999999821186066}, "brier": {"mean": 0.22200000286102295, "var": 0.017999999225139618}, "margin": {"mean": 0.26899999380111694, "var": 0.013000000268220901}, "temperature": 1.4161899089813232}, "test_results": {"acc": 0.6510144927536232, "f1": 0.7871287128712872, "acc_and_f1": 0.7190716028124552, "ece": {"ece": 0.031772209665049664, "refinement": 0.22624130560913344, "bins": {"1": {"acc": 0.0, "conf": 0.0}, "2": {"acc": 0.0, "conf": 0.0}, "3": {"acc": 0.0, "conf": 0.0}, "4": {"acc": 0.0, "conf": 0.0}, "5": {"acc": 0.0, "conf": 0.0}, "6": {"acc": 0.604, "conf": 0.5630000233650208}, "7": {"acc": 0.671, "conf": 0.6499999761581421}, "8": {"acc": 0.662, "conf": 0.7229999899864197}, "9": {"acc": 1.0, "conf": 0.8050000071525574}, "10": {"acc": 0.0, "conf": 0.0}}}, "entropy": {"mean": 0.9380000233650208, "var": 0.0020000000949949026}, "var_ratio": {"mean": 0.367000013589859, "var": 0.003000000026077032}, "std": {"mean": 0.13300000131130219, "var": 0.003000000026077032}, "nll": {"mean": 0.6480000019073486, "var": 0.0820000022649765}, "brier": {"mean": 0.2280000001192093, "var": 0.01899999938905239}, "margin": {"mean": 0.26600000262260437, "var": 0.013000000268220901}, "temperature": 1.4161899089813232}}