{"val_results": {"acc": 0.6764705882352942, "f1": 0.8070175438596492, "acc_and_f1": 0.7417440660474717, "ece": {"ece": 0.021529594764989952, "refinement": 0.21849087893864014, "bins": {"1": {"acc": 0.0, "conf": 0.0}, "2": {"acc": 0.0, "conf": 0.0}, "3": {"acc": 0.0, "conf": 0.0}, "4": {"acc": 0.0, "conf": 0.0}, "5": {"acc": 0.0, "conf": 0.0}, "6": {"acc": 0.833, "conf": 0.5849999785423279}, "7": {"acc": 0.674, "conf": 0.656000018119812}, "8": {"acc": 0.0, "conf": 0.0}, "9": {"acc": 0.0, "conf": 0.0}, "10": {"acc": 0.0, "conf": 0.0}}}, "entropy": {"mean": 0.9279999732971191, "var": 0.0}, "var_ratio": {"mean": 0.3449999988079071, "var": 0.0}, "std": {"mean": 0.1550000011920929, "var": 0.0}, "nll": {"mean": 0.6240000128746033, "var": 0.08799999952316284}, "brier": {"mean": 0.2160000056028366, "var": 0.020999999716877937}, "margin": {"mean": 0.3100000023841858, "var": 0.0010000000474974513}, "temperature": 1.2368221282958984}, "test_results": {"acc": 0.664927536231884, "f1": 0.7987465181058496, "acc_and_f1": 0.7318370271688668, "ece": {"ece": 0.021655674706334685, "refinement": 0.2199206645176942, "bins": {"1": {"acc": 0.0, "conf": 0.0}, "2": {"acc": 0.0, "conf": 0.0}, "3": {"acc": 0.0, "conf": 0.0}, "4": {"acc": 0.0, "conf": 0.0}, "5": {"acc": 0.0, "conf": 0.0}, "6": {"acc": 0.259, "conf": 0.5789999961853027}, "7": {"acc": 0.672, "conf": 0.6549999713897705}, "8": {"acc": 0.0, "conf": 0.7039999961853027}, "9": {"acc": 0.0, "conf": 0.0}, "10": {"acc": 0.0, "conf": 0.0}}}, "entropy": {"mean": 0.9290000200271606, "var": 0.0}, "var_ratio": {"mean": 0.34599998593330383, "var": 0.0}, "std": {"mean": 0.15399999916553497, "var": 0.0}, "nll": {"mean": 0.628000020980835, "var": 0.08799999952316284}, "brier": {"mean": 0.21799999475479126, "var": 0.020999999716877937}, "margin": {"mean": 0.30799999833106995, "var": 0.0020000000949949026}, "temperature": 1.2368221282958984}}