{"val_results": {"acc": 0.7696078431372549, "f1": 0.8164062499999999, "acc_and_f1": 0.7930070465686274, "ece": {"ece": 0.048472637201056754, "refinement": 0.14052908491218416, "bins": {"1": {"acc": 0.0, "conf": 0.0}, "2": {"acc": 0.0, "conf": 0.0}, "3": {"acc": 0.0, "conf": 0.0}, "4": {"acc": 0.0, "conf": 0.0}, "5": {"acc": 0.0, "conf": 0.0}, "6": {"acc": 0.333, "conf": 0.546999990940094}, "7": {"acc": 0.638, "conf": 0.6449999809265137}, "8": {"acc": 0.724, "conf": 0.753000020980835}, "9": {"acc": 0.768, "conf": 0.843999981880188}, "10": {"acc": 0.956, "conf": 0.9649999737739563}}}, "entropy": {"mean": 0.5720000267028809, "var": 0.10199999809265137}, "var_ratio": {"mean": 0.18199999630451202, "var": 0.02199999988079071}, "std": {"mean": 0.3179999887943268, "var": 0.02199999988079071}, "nll": {"mean": 0.44999998807907104, "var": 0.39500001072883606}, "brier": {"mean": 0.1469999998807907, "var": 0.05000000074505806}, "margin": {"mean": 0.6359999775886536, "var": 0.0860000029206276}, "temperature": 0.9251742959022522}, "test_results": {"acc": 0.7884057971014493, "f1": 0.8299953423381462, "acc_and_f1": 0.8092005697197977, "ece": {"ece": 0.02580638101135478, "refinement": 0.1416684373116356, "bins": {"1": {"acc": 0.0, "conf": 0.0}, "2": {"acc": 0.0, "conf": 0.0}, "3": {"acc": 0.0, "conf": 0.0}, "4": {"acc": 0.0, "conf": 0.0}, "5": {"acc": 0.0, "conf": 0.0}, "6": {"acc": 0.545, "conf": 0.5540000200271606}, "7": {"acc": 0.573, "conf": 0.6520000100135803}, "8": {"acc": 0.709, "conf": 0.7540000081062317}, "9": {"acc": 0.849, "conf": 0.8460000157356262}, "10": {"acc": 0.955, "conf": 0.9649999737739563}}}, "entropy": {"mean": 0.5860000252723694, "var": 0.10199999809265137}, "var_ratio": {"mean": 0.18700000643730164, "var": 0.020999999716877937}, "std": {"mean": 0.31299999356269836, "var": 0.020999999716877937}, "nll": {"mean": 0.4350000023841858, "var": 0.35199999809265137}, "brier": {"mean": 0.1420000046491623, "var": 0.04600000008940697}, "margin": {"mean": 0.6259999871253967, "var": 0.08399999886751175}, "temperature": 0.9251742959022522}}