{"val_results": {"acc": 0.552, "ece": {"ece": 0.0377597947120667, "refinement": 0.247296, "bins": {"1": {"acc": 0.0, "conf": 0.0}, "2": {"acc": 0.0, "conf": 0.0}, "3": {"acc": 0.0, "conf": 0.0}, "4": {"acc": 0.0, "conf": 0.0}, "5": {"acc": 0.0, "conf": 0.0}, "6": {"acc": 0.552, "conf": 0.5139999985694885}, "7": {"acc": 0.0, "conf": 0.0}, "8": {"acc": 0.0, "conf": 0.0}, "9": {"acc": 0.0, "conf": 0.0}, "10": {"acc": 0.0, "conf": 0.0}}}, "entropy": {"mean": 0.9990000128746033, "var": 0.0}, "var_ratio": {"mean": 0.4860000014305115, "var": 0.0}, "std": {"mean": 0.014000000432133675, "var": 0.0}, "nll": {"mean": 0.6880000233650208, "var": 0.0010000000474974513}, "brier": {"mean": 0.24699999392032623, "var": 0.0}, "margin": {"mean": 0.02800000086426735, "var": 0.0010000000474974513}, "temperature": 1.4608900547027588}, "test_results": {"acc": 0.555956678700361, "ece": {"ece": 0.04237140924921967, "refinement": 0.24686885010882456, "bins": {"1": {"acc": 0.0, "conf": 0.0}, "2": {"acc": 0.0, "conf": 0.0}, "3": {"acc": 0.0, "conf": 0.0}, "4": {"acc": 0.0, "conf": 0.0}, "5": {"acc": 0.0, "conf": 0.0}, "6": {"acc": 0.556, "conf": 0.5139999985694885}, "7": {"acc": 0.0, "conf": 0.0}, "8": {"acc": 0.0, "conf": 0.0}, "9": {"acc": 0.0, "conf": 0.0}, "10": {"acc": 0.0, "conf": 0.0}}}, "entropy": {"mean": 0.9990000128746033, "var": 0.0}, "var_ratio": {"mean": 0.4860000014305115, "var": 0.0}, "std": {"mean": 0.014000000432133675, "var": 0.0}, "nll": {"mean": 0.6899999976158142, "var": 0.0010000000474974513}, "brier": {"mean": 0.24799999594688416, "var": 0.0}, "margin": {"mean": 0.027000000700354576, "var": 0.0}, "temperature": 1.4608900547027588}}