{"val_results": {"acc": 0.9099903806513673, "f1": 0.8809913150913915, "acc_and_f1": 0.8954908478713794, "ece": {"ece": 0.028758853605951044, "refinement": 0.06837772734799824, "bins": {"1": {"acc": 0.0, "conf": 0.0}, "2": {"acc": 0.0, "conf": 0.0}, "3": {"acc": 0.0, "conf": 0.0}, "4": {"acc": 0.0, "conf": 0.0}, "5": {"acc": 0.0, "conf": 0.0}, "6": {"acc": 0.535, "conf": 0.5509999990463257}, "7": {"acc": 0.615, "conf": 0.6510000228881836}, "8": {"acc": 0.662, "conf": 0.7519999742507935}, "9": {"acc": 0.763, "conf": 0.859000027179718}, "10": {"acc": 0.963, "conf": 0.9819999933242798}}}, "entropy": {"mean": 0.23000000417232513, "var": 0.08299999684095383}, "var_ratio": {"mean": 0.061000000685453415, "var": 0.010999999940395355}, "std": {"mean": 0.4390000104904175, "var": 0.010999999940395355}, "nll": {"mean": 0.2290000021457672, "var": 0.4269999861717224}, "brier": {"mean": 0.06800000369548798, "var": 0.03999999910593033}, "margin": {"mean": 0.8769999742507935, "var": 0.04500000178813934}, "temperature": 0.995457649230957}, "test_results": {"acc": 0.9068513480089043, "f1": 0.8762730797030028, "acc_and_f1": 0.8915622138559536, "ece": {"ece": 0.030070954515531247, "refinement": 0.07008677849692488, "bins": {"1": {"acc": 0.0, "conf": 0.0}, "2": {"acc": 0.0, "conf": 0.0}, "3": {"acc": 0.0, "conf": 0.0}, "4": {"acc": 0.0, "conf": 0.0}, "5": {"acc": 0.0, "conf": 0.0}, "6": {"acc": 0.547, "conf": 0.5529999732971191}, "7": {"acc": 0.599, "conf": 0.6510000228881836}, "8": {"acc": 0.659, "conf": 0.753000020980835}, "9": {"acc": 0.755, "conf": 0.8579999804496765}, "10": {"acc": 0.963, "conf": 0.9819999933242798}}}, "entropy": {"mean": 0.23399999737739563, "var": 0.08500000089406967}, "var_ratio": {"mean": 0.06300000101327896, "var": 0.012000000104308128}, "std": {"mean": 0.43700000643730164, "var": 0.012000000104308128}, "nll": {"mean": 0.23499999940395355, "var": 0.43700000643730164}, "brier": {"mean": 0.07000000029802322, "var": 0.03999999910593033}, "margin": {"mean": 0.8740000128746033, "var": 0.04600000008940697}, "temperature": 0.995457649230957}}