{"val_results": {"acc": 0.9475794475794476, "ece": {"ece": 0.01692576682953509, "refinement": 0.04335054916378769, "bins": {"1": {"acc": 0.0, "conf": 0.0}, "2": {"acc": 0.0, "conf": 0.0}, "3": {"acc": 0.0, "conf": 0.0}, "4": {"acc": 0.0, "conf": 0.0}, "5": {"acc": 0.0, "conf": 0.0}, "6": {"acc": 0.533, "conf": 0.5479999780654907}, "7": {"acc": 0.714, "conf": 0.6549999713897705}, "8": {"acc": 0.662, "conf": 0.75}, "9": {"acc": 0.793, "conf": 0.8600000143051147}, "10": {"acc": 0.971, "conf": 0.984000027179718}}}, "entropy": {"mean": 0.16500000655651093, "var": 0.04600000008940697}, "var_ratio": {"mean": 0.03700000047683716, "var": 0.006000000052154064}, "std": {"mean": 0.46299999952316284, "var": 0.006000000052154064}, "nll": {"mean": 0.1589999943971634, "var": 0.375}, "brier": {"mean": 0.0430000014603138, "var": 0.028999999165534973}, "margin": {"mean": 0.9259999990463257, "var": 0.023000000044703484}, "temperature": 1.0250120162963867}, "test_results": {"acc": 0.9173363949483353, "ece": {"ece": 0.03434990406310111, "refinement": 0.06064061567201977, "bins": {"1": {"acc": 0.0, "conf": 0.0}, "2": {"acc": 0.0, "conf": 0.0}, "3": {"acc": 0.0, "conf": 0.0}, "4": {"acc": 0.0, "conf": 0.0}, "5": {"acc": 0.0, "conf": 0.0}, "6": {"acc": 0.471, "conf": 0.5379999876022339}, "7": {"acc": 0.45, "conf": 0.6549999713897705}, "8": {"acc": 0.538, "conf": 0.7570000290870667}, "9": {"acc": 0.827, "conf": 0.8569999933242798}, "10": {"acc": 0.959, "conf": 0.9819999933242798}}}, "entropy": {"mean": 0.19900000095367432, "var": 0.061000000685453415}, "var_ratio": {"mean": 0.04800000041723251, "var": 0.00800000037997961}, "std": {"mean": 0.4519999921321869, "var": 0.00800000037997961}, "nll": {"mean": 0.2199999988079071, "var": 0.4970000088214874}, "brier": {"mean": 0.06199999898672104, "var": 0.03999999910593033}, "margin": {"mean": 0.902999997138977, "var": 0.032999999821186066}, "temperature": 1.0250120162963867}}