{"val_results": {"acc": 0.6764705882352942, "f1": 0.8070175438596492, "acc_and_f1": 0.7417440660474717, "ece": {"ece": 0.043527518417320964, "refinement": 0.21854968171007322, "bins": {"1": {"acc": 0.0, "conf": 0.0}, "2": {"acc": 0.0, "conf": 0.0}, "3": {"acc": 0.0, "conf": 0.0}, "4": {"acc": 0.0, "conf": 0.0}, "5": {"acc": 0.0, "conf": 0.0}, "6": {"acc": 0.677, "conf": 0.5770000219345093}, "7": {"acc": 0.678, "conf": 0.6470000147819519}, "8": {"acc": 0.5, "conf": 0.7070000171661377}, "9": {"acc": 0.0, "conf": 0.0}, "10": {"acc": 0.0, "conf": 0.0}}}, "entropy": {"mean": 0.9409999847412109, "var": 0.0010000000474974513}, "var_ratio": {"mean": 0.3630000054836273, "var": 0.0010000000474974513}, "std": {"mean": 0.13699999451637268, "var": 0.0010000000474974513}, "nll": {"mean": 0.6389999985694885, "var": 0.07599999755620956}, "brier": {"mean": 0.22300000488758087, "var": 0.017999999225139618}, "margin": {"mean": 0.27399998903274536, "var": 0.004999999888241291}, "temperature": 1.2980616092681885}, "test_results": {"acc": 0.6655072463768116, "f1": 0.7988846287905194, "acc_and_f1": 0.7321959375836655, "ece": {"ece": 0.030760303856670043, "refinement": 0.22232839244951044, "bins": {"1": {"acc": 0.0, "conf": 0.0}, "2": {"acc": 0.0, "conf": 0.0}, "3": {"acc": 0.0, "conf": 0.0}, "4": {"acc": 0.0, "conf": 0.0}, "5": {"acc": 0.0, "conf": 0.0}, "6": {"acc": 0.624, "conf": 0.5770000219345093}, "7": {"acc": 0.672, "conf": 0.6449999809265137}, "8": {"acc": 0.667, "conf": 0.7059999704360962}, "9": {"acc": 0.0, "conf": 0.0}, "10": {"acc": 0.0, "conf": 0.0}}}, "entropy": {"mean": 0.9430000185966492, "var": 0.0010000000474974513}, "var_ratio": {"mean": 0.36399999260902405, "var": 0.0010000000474974513}, "std": {"mean": 0.13600000739097595, "var": 0.0010000000474974513}, "nll": {"mean": 0.640999972820282, "var": 0.07400000095367432}, "brier": {"mean": 0.2240000069141388, "var": 0.017000000923871994}, "margin": {"mean": 0.2720000147819519, "var": 0.004999999888241291}, "temperature": 1.2980616092681885}}