{"val_results": {"acc": 0.9162459162459162, "ece": {"ece": 0.017949147751255598, "refinement": 0.06645270094733818, "bins": {"1": {"acc": 0.0, "conf": 0.0}, "2": {"acc": 0.0, "conf": 0.0}, "3": {"acc": 0.0, "conf": 0.0}, "4": {"acc": 0.0, "conf": 0.0}, "5": {"acc": 0.0, "conf": 0.0}, "6": {"acc": 0.517, "conf": 0.5509999990463257}, "7": {"acc": 0.676, "conf": 0.6489999890327454}, "8": {"acc": 0.717, "conf": 0.7609999775886536}, "9": {"acc": 0.824, "conf": 0.8560000061988831}, "10": {"acc": 0.964, "conf": 0.9779999852180481}}}, "entropy": {"mean": 0.2680000066757202, "var": 0.07500000298023224}, "var_ratio": {"mean": 0.06700000166893005, "var": 0.009999999776482582}, "std": {"mean": 0.43299999833106995, "var": 0.009999999776482582}, "nll": {"mean": 0.23399999737739563, "var": 0.44200000166893005}, "brier": {"mean": 0.06599999964237213, "var": 0.039000000804662704}, "margin": {"mean": 0.8659999966621399, "var": 0.03999999910593033}, "temperature": 0.9422064423561096}, "test_results": {"acc": 0.8369690011481056, "ece": {"ece": 0.08531922464666356, "refinement": 0.12448557744931135, "bins": {"1": {"acc": 0.0, "conf": 0.0}, "2": {"acc": 0.0, "conf": 0.0}, "3": {"acc": 0.0, "conf": 0.0}, "4": {"acc": 0.0, "conf": 0.0}, "5": {"acc": 0.0, "conf": 0.0}, "6": {"acc": 0.667, "conf": 0.5569999814033508}, "7": {"acc": 0.586, "conf": 0.6520000100135803}, "8": {"acc": 0.667, "conf": 0.7639999985694885}, "9": {"acc": 0.687, "conf": 0.8529999852180481}, "10": {"acc": 0.906, "conf": 0.9729999899864197}}}, "entropy": {"mean": 0.32600000500679016, "var": 0.08299999684095383}, "var_ratio": {"mean": 0.08399999886751175, "var": 0.010999999940395355}, "std": {"mean": 0.41600000858306885, "var": 0.010999999940395355}, "nll": {"mean": 0.4399999976158142, "var": 0.875}, "brier": {"mean": 0.13099999725818634, "var": 0.07699999958276749}, "margin": {"mean": 0.8330000042915344, "var": 0.04500000178813934}, "temperature": 0.9422064423561096}}