{"val_results": {"acc": 0.942, "f1": 0.9418803422116875, "acc_and_f1": 0.9419401711058437, "ece": {"ece": 0.004239807570974049, "refinement": 0.04339202739947601, "bins": {"1": {"acc": 0.0, "conf": 0.0}, "2": {"acc": 0.0, "conf": 0.0}, "3": {"acc": 0.0, "conf": 0.0}, "4": {"acc": 1.0, "conf": 0.3059999942779541}, "5": {"acc": 0.469, "conf": 0.4650000035762787}, "6": {"acc": 0.529, "conf": 0.5490000247955322}, "7": {"acc": 0.66, "conf": 0.6499999761581421}, "8": {"acc": 0.728, "conf": 0.753000020980835}, "9": {"acc": 0.836, "conf": 0.8569999933242798}, "10": {"acc": 0.983, "conf": 0.9850000143051147}}}, "entropy": {"mean": 0.23800000548362732, "var": 0.10199999809265137}, "var_ratio": {"mean": 0.054999999701976776, "var": 0.010999999940395355}, "std": {"mean": 0.4050000011920929, "var": 0.0020000000949949026}, "nll": {"mean": 0.16599999368190765, "var": 0.3400000035762787}, "brier": {"mean": 0.02199999988079071, "var": 0.006000000052154064}, "margin": {"mean": 0.8989999890327454, "var": 0.03999999910593033}, "temperature": 1.07}, "test_result": {"acc": 0.9386842105263158, "f1": 0.9386392268866992, "acc_and_f1": 0.9386617187065075, "ece": {"ece": 0.008143214489284312, "refinement": 0.043225430783323936, "bins": {"1": {"acc": 0.0, "conf": 0.0}, "2": {"acc": 0.0, "conf": 0.0}, "3": {"acc": 0.0, "conf": 0.0}, "4": {"acc": 0.444, "conf": 0.36000001430511475}, "5": {"acc": 0.324, "conf": 0.46799999475479126}, "6": {"acc": 0.434, "conf": 0.5479999780654907}, "7": {"acc": 0.637, "conf": 0.6510000228881836}, "8": {"acc": 0.728, "conf": 0.7519999742507935}, "9": {"acc": 0.876, "conf": 0.8579999804496765}, "10": {"acc": 0.981, "conf": 0.9829999804496765}}}, "entropy": {"mean": 0.2409999966621399, "var": 0.10199999809265137}, "var_ratio": {"mean": 0.0560000017285347, "var": 0.010999999940395355}, "std": {"mean": 0.4050000011920929, "var": 0.003000000026077032}, "nll": {"mean": 0.1770000010728836, "var": 0.39800000190734863}, "brier": {"mean": 0.023000000044703484, "var": 0.006000000052154064}, "margin": {"mean": 0.8970000147819519, "var": 0.03999999910593033}, "temperature": 1.07}}