{"val_results": {"acc": 0.9015444015444015, "ece": {"ece": 0.04190520674459369, "refinement": 0.07574647162838058, "bins": {"1": {"acc": 0.0, "conf": 0.0}, "2": {"acc": 0.0, "conf": 0.0}, "3": {"acc": 0.0, "conf": 0.0}, "4": {"acc": 0.0, "conf": 0.0}, "5": {"acc": 0.0, "conf": 0.0}, "6": {"acc": 0.494, "conf": 0.5509999990463257}, "7": {"acc": 0.585, "conf": 0.6510000228881836}, "8": {"acc": 0.688, "conf": 0.7490000128746033}, "9": {"acc": 0.726, "conf": 0.8560000061988831}, "10": {"acc": 0.949, "conf": 0.9819999933242798}}}, "entropy": {"mean": 0.22100000083446503, "var": 0.07199999690055847}, "var_ratio": {"mean": 0.05700000002980232, "var": 0.009999999776482582}, "std": {"mean": 0.4429999887943268, "var": 0.009999999776482582}, "nll": {"mean": 0.2709999978542328, "var": 0.6259999871253967}, "brier": {"mean": 0.07699999958276749, "var": 0.04800000041723251}, "margin": {"mean": 0.8870000243186951, "var": 0.04100000113248825}, "temperature": 0.7457153797149658}, "test_results": {"acc": 0.8978185993111366, "ece": {"ece": 0.03968369036947138, "refinement": 0.07734231344155462, "bins": {"1": {"acc": 0.0, "conf": 0.0}, "2": {"acc": 0.0, "conf": 0.0}, "3": {"acc": 0.0, "conf": 0.0}, "4": {"acc": 0.0, "conf": 0.0}, "5": {"acc": 0.0, "conf": 0.0}, "6": {"acc": 0.5, "conf": 0.5419999957084656}, "7": {"acc": 0.64, "conf": 0.6579999923706055}, "8": {"acc": 0.683, "conf": 0.7519999742507935}, "9": {"acc": 0.692, "conf": 0.8550000190734863}, "10": {"acc": 0.952, "conf": 0.9800000190734863}}}, "entropy": {"mean": 0.24300000071525574, "var": 0.07599999755620956}, "var_ratio": {"mean": 0.06199999898672104, "var": 0.010999999940395355}, "std": {"mean": 0.43799999356269836, "var": 0.010999999940395355}, "nll": {"mean": 0.2720000147819519, "var": 0.5759999752044678}, "brier": {"mean": 0.07800000160932541, "var": 0.04800000041723251}, "margin": {"mean": 0.875, "var": 0.04399999976158142}, "temperature": 0.7457153797149658}}