{"val_results": {"acc": 0.7289041618938527, "ece": {"ece": 0.0360552089252559, "refinement": 0.18677181521488895, "bins": {"1": {"acc": 0.0, "conf": 0.0}, "2": {"acc": 0.0, "conf": 0.0}, "3": {"acc": 0.0, "conf": 0.0}, "4": {"acc": 0.0, "conf": 0.0}, "5": {"acc": 0.0, "conf": 0.0}, "6": {"acc": 0.54, "conf": 0.5509999990463257}, "7": {"acc": 0.691, "conf": 0.6629999876022339}, "8": {"acc": 0.814, "conf": 0.7250000238418579}, "9": {"acc": 0.839, "conf": 0.8550000190734863}, "10": {"acc": 0.844, "conf": 0.906000018119812}}}, "entropy": {"mean": 0.8289999961853027, "var": 0.026000000536441803}, "var_ratio": {"mean": 0.2930000126361847, "var": 0.012000000104308128}, "std": {"mean": 0.2070000022649765, "var": 0.012000000104308128}, "nll": {"mean": 0.5619999766349792, "var": 0.19499999284744263}, "brier": {"mean": 0.18799999356269836, "var": 0.03500000014901161}, "margin": {"mean": 0.41499999165534973, "var": 0.04600000008940697}, "temperature": 1.4999116659164429}, "test_results": {"acc": 0.7309170785282811, "ece": {"ece": 0.03606857136014658, "refinement": 0.1830925631695259, "bins": {"1": {"acc": 0.0, "conf": 0.0}, "2": {"acc": 0.0, "conf": 0.0}, "3": {"acc": 0.0, "conf": 0.0}, "4": {"acc": 0.0, "conf": 0.0}, "5": {"acc": 0.0, "conf": 0.0}, "6": {"acc": 0.538, "conf": 0.5519999861717224}, "7": {"acc": 0.67, "conf": 0.6629999876022339}, "8": {"acc": 0.855, "conf": 0.7229999899864197}, "9": {"acc": 0.849, "conf": 0.8569999933242798}, "10": {"acc": 0.835, "conf": 0.9070000052452087}}}, "entropy": {"mean": 0.8330000042915344, "var": 0.02500000037252903}, "var_ratio": {"mean": 0.2939999997615814, "var": 0.010999999940395355}, "std": {"mean": 0.20600000023841858, "var": 0.010999999940395355}, "nll": {"mean": 0.5580000281333923, "var": 0.1889999955892563}, "brier": {"mean": 0.1860000044107437, "var": 0.03400000184774399}, "margin": {"mean": 0.41200000047683716, "var": 0.04399999976158142}, "temperature": 1.4999116659164429}}