{"val_results": {"acc": 0.8756, "f1": 0.8755998208637421, "acc_and_f1": 0.875599910431871, "ece": {"ece": 0.029606515789031965, "refinement": 0.08960729054030232, "bins": {"1": {"acc": 0.0, "conf": 0.0}, "2": {"acc": 0.0, "conf": 0.0}, "3": {"acc": 0.0, "conf": 0.0}, "4": {"acc": 0.0, "conf": 0.0}, "5": {"acc": 0.0, "conf": 0.0}, "6": {"acc": 0.5, "conf": 0.5529999732971191}, "7": {"acc": 0.624, "conf": 0.652999997138977}, "8": {"acc": 0.669, "conf": 0.7540000081062317}, "9": {"acc": 0.778, "conf": 0.859000027179718}, "10": {"acc": 0.957, "conf": 0.972000002861023}}}, "entropy": {"mean": 0.34599998593330383, "var": 0.09000000357627869}, "var_ratio": {"mean": 0.0949999988079071, "var": 0.014999999664723873}, "std": {"mean": 0.4050000011920929, "var": 0.014999999664723873}, "nll": {"mean": 0.28999999165534973, "var": 0.4050000011920929}, "brier": {"mean": 0.09000000357627869, "var": 0.04500000178813934}, "margin": {"mean": 0.8100000023841858, "var": 0.061000000685453415}, "temperature": 1.000091791152954}, "test_results": {"acc": 0.88256, "f1": 0.8825569213001578, "acc_and_f1": 0.8825584606500789, "ece": {"ece": 0.023071630282402014, "refinement": 0.08559162174592452, "bins": {"1": {"acc": 0.0, "conf": 0.0}, "2": {"acc": 0.0, "conf": 0.0}, "3": {"acc": 0.0, "conf": 0.0}, "4": {"acc": 0.0, "conf": 0.0}, "5": {"acc": 0.0, "conf": 0.0}, "6": {"acc": 0.539, "conf": 0.550000011920929}, "7": {"acc": 0.593, "conf": 0.6510000228881836}, "8": {"acc": 0.683, "conf": 0.7519999742507935}, "9": {"acc": 0.797, "conf": 0.8550000190734863}, "10": {"acc": 0.96, "conf": 0.9710000157356262}}}, "entropy": {"mean": 0.3449999988079071, "var": 0.09000000357627869}, "var_ratio": {"mean": 0.09399999678134918, "var": 0.014999999664723873}, "std": {"mean": 0.4059999883174896, "var": 0.014999999664723873}, "nll": {"mean": 0.27900001406669617, "var": 0.3930000066757202}, "brier": {"mean": 0.08500000089406967, "var": 0.0430000014603138}, "margin": {"mean": 0.8109999895095825, "var": 0.061000000685453415}, "temperature": 1.000091791152954}}