{"val_results": {"acc": 0.5620730620730621, "ece": {"ece": 0.02488977695063732, "refinement": 0.24312698269611685, "bins": {"1": {"acc": 0.0, "conf": 0.0}, "2": {"acc": 0.0, "conf": 0.0}, "3": {"acc": 0.0, "conf": 0.0}, "4": {"acc": 0.0, "conf": 0.0}, "5": {"acc": 0.0, "conf": 0.0}, "6": {"acc": 0.529, "conf": 0.550000011920929}, "7": {"acc": 0.653, "conf": 0.6179999709129333}, "8": {"acc": 0.0, "conf": 0.0}, "9": {"acc": 0.0, "conf": 0.0}, "10": {"acc": 0.0, "conf": 0.0}}}, "entropy": {"mean": 0.9819999933242798, "var": 0.0}, "var_ratio": {"mean": 0.4320000112056732, "var": 0.0020000000949949026}, "std": {"mean": 0.06800000369548798, "var": 0.0020000000949949026}, "nll": {"mean": 0.6800000071525574, "var": 0.02500000037252903}, "brier": {"mean": 0.24300000071525574, "var": 0.006000000052154064}, "margin": {"mean": 0.13699999451637268, "var": 0.007000000216066837}, "temperature": 1.4999892711639404}, "test_results": {"acc": 0.5109070034443168, "ece": {"ece": 0.0911361262390452, "refinement": 0.2460847679323545, "bins": {"1": {"acc": 0.0, "conf": 0.0}, "2": {"acc": 0.0, "conf": 0.0}, "3": {"acc": 0.0, "conf": 0.0}, "4": {"acc": 0.0, "conf": 0.0}, "5": {"acc": 0.0, "conf": 0.0}, "6": {"acc": 0.437, "conf": 0.5799999833106995}, "7": {"acc": 0.562, "conf": 0.6179999709129333}, "8": {"acc": 0.0, "conf": 0.0}, "9": {"acc": 0.0, "conf": 0.0}, "10": {"acc": 0.0, "conf": 0.0}}}, "entropy": {"mean": 0.9679999947547913, "var": 0.0}, "var_ratio": {"mean": 0.39800000190734863, "var": 0.0010000000474974513}, "std": {"mean": 0.10199999809265137, "var": 0.0010000000474974513}, "nll": {"mean": 0.703000009059906, "var": 0.04500000178813934}, "brier": {"mean": 0.2549999952316284, "var": 0.010999999940395355}, "margin": {"mean": 0.20399999618530273, "var": 0.0020000000949949026}, "temperature": 1.4999892711639404}}