{"val_results": {"acc": 0.632, "ece": {"ece": 0.05791257762908936, "refinement": 0.2266535294117647, "bins": {"1": {"acc": 0.0, "conf": 0.0}, "2": {"acc": 0.0, "conf": 0.0}, "3": {"acc": 0.0, "conf": 0.0}, "4": {"acc": 0.0, "conf": 0.0}, "5": {"acc": 0.0, "conf": 0.0}, "6": {"acc": 0.588, "conf": 0.5559999942779541}, "7": {"acc": 0.656, "conf": 0.6399999856948853}, "8": {"acc": 0.64, "conf": 0.7440000176429749}, "9": {"acc": 0.75, "conf": 0.8450000286102295}, "10": {"acc": 0.0, "conf": 0.9739999771118164}}}, "entropy": {"mean": 0.8889999985694885, "var": 0.019999999552965164}, "var_ratio": {"mean": 0.3449999988079071, "var": 0.012000000104308128}, "std": {"mean": 0.1550000011920929, "var": 0.012000000104308128}, "nll": {"mean": 0.6809999942779541, "var": 0.22100000083446503}, "brier": {"mean": 0.2370000034570694, "var": 0.032999999821186066}, "margin": {"mean": 0.3109999895095825, "var": 0.04699999839067459}, "bert_output": null, "gold_labels": [0, 0, 1, 0, 0, 1, 1, 0, 0, 0, 0, 1, 0, 1, 0, 0, 0, 0, 0, 1, 1, 0, 0, 0, 1, 1, 1, 0, 0, 1, 0, 1, 0, 0, 1, 1, 0, 1, 1, 1, 1, 1, 0, 0, 0, 1, 0, 0, 0, 0, 0, 1, 0, 0, 1, 1, 1, 0, 1, 1, 0, 1, 0, 1, 0, 0, 0, 1, 0, 1, 1, 1, 1, 0, 1, 1, 0, 0, 0, 1, 1, 0, 1, 1, 0, 0, 1, 1, 0, 0, 1, 1, 1, 0, 1, 0, 0, 1, 1, 1, 1, 1, 1, 1, 1, 1, 0, 1, 0, 0, 1, 0, 0, 0, 1, 1, 1, 0, 0, 0, 1, 1, 0, 0, 1]}, "test_results": {"acc": 0.6245487364620939, "ece": {"ece": 0.06178102639608004, "refinement": 0.23048540209831003, "bins": {"1": {"acc": 0.0, "conf": 0.0}, "2": {"acc": 0.0, "conf": 0.0}, "3": {"acc": 0.0, "conf": 0.0}, "4": {"acc": 0.0, "conf": 0.0}, "5": {"acc": 0.0, "conf": 0.0}, "6": {"acc": 0.585, "conf": 0.5509999990463257}, "7": {"acc": 0.66, "conf": 0.6489999890327454}, "8": {"acc": 0.655, "conf": 0.7459999918937683}, "9": {"acc": 0.542, "conf": 0.8379999995231628}, "10": {"acc": 0.857, "conf": 0.925000011920929}}}, "entropy": {"mean": 0.8870000243186951, "var": 0.01899999938905239}, "var_ratio": {"mean": 0.3409999907016754, "var": 0.010999999940395355}, "std": {"mean": 0.1589999943971634, "var": 0.010999999940395355}, "nll": {"mean": 0.6859999895095825, "var": 0.20900000631809235}, "brier": {"mean": 0.2409999966621399, "var": 0.032999999821186066}, "margin": {"mean": 0.3179999887943268, "var": 0.04399999976158142}, "bert_output": null, "gold_labels": [1, 0, 1, 1, 0, 0, 0, 0, 0, 0, 0, 1, 1, 0, 0, 1, 1, 0, 0, 1, 0, 0, 0, 0, 1, 1, 1, 0, 1, 1, 1, 0, 1, 1, 0, 1, 1, 0, 1, 1, 0, 1, 0, 0, 0, 1, 0, 1, 1, 1, 1, 0, 1, 0, 0, 1, 0, 1, 1, 0, 0, 1, 1, 0, 1, 1, 0, 0, 0, 0, 0, 0, 1, 0, 0, 1, 0, 1, 1, 0, 1, 0, 1, 1, 1, 0, 0, 1, 0, 1, 0, 1, 0, 0, 1, 1, 1, 0, 0, 0, 0, 0, 0, 0, 0, 0, 0, 1, 0, 0, 0, 0, 0, 1, 1, 0, 0, 1, 1, 1, 1, 1, 1, 0, 1, 1, 1, 1, 0, 0, 1, 0, 0, 1, 0, 0, 1, 0, 1, 1, 1, 0, 1, 0, 1, 0, 0, 1, 0, 0, 1, 1, 0, 0, 0, 0, 1, 0, 1, 1, 0, 0, 1, 1, 0, 0, 1, 1, 1, 1, 0, 0, 1, 0, 0, 0, 0, 0, 1, 1, 0, 0, 1, 1, 0, 0, 0, 0, 0, 0, 1, 0, 1, 0, 1, 0, 1, 0, 1, 1, 0, 0, 0, 1, 0, 1, 1, 1, 1, 1, 0, 0, 0, 1, 0, 1, 0, 1, 1, 0, 0, 0, 1, 1, 0, 1, 0, 0, 1, 0, 1, 0, 1, 1, 0, 0, 1, 0, 1, 1, 0, 0, 1, 1, 1, 1, 1, 0, 1, 1, 1, 0, 1, 0, 1, 0, 0, 0, 1, 0, 0, 1, 0, 0, 1, 1, 0, 1, 0, 1, 1, 1, 0, 0, 0, 0, 1]}}