{"val_results": {"acc": 0.632, "ece": {"ece": 0.04706075286865234, "refinement": 0.23237118437118437, "bins": {"1": {"acc": 0.0, "conf": 0.0}, "2": {"acc": 0.0, "conf": 0.0}, "3": {"acc": 0.0, "conf": 0.0}, "4": {"acc": 0.0, "conf": 0.0}, "5": {"acc": 0.0, "conf": 0.0}, "6": {"acc": 0.556, "conf": 0.5600000023841858}, "7": {"acc": 0.654, "conf": 0.6460000276565552}, "8": {"acc": 0.619, "conf": 0.7390000224113464}, "9": {"acc": 0.692, "conf": 0.8489999771118164}, "10": {"acc": 0.667, "conf": 0.9200000166893005}}}, "entropy": {"mean": 0.8840000033378601, "var": 0.019999999552965164}, "var_ratio": {"mean": 0.33500000834465027, "var": 0.009999999776482582}, "std": {"mean": 0.16500000655651093, "var": 0.009999999776482582}, "nll": {"mean": 0.6769999861717224, "var": 0.18299999833106995}, "brier": {"mean": 0.23899999260902405, "var": 0.032999999821186066}, "margin": {"mean": 0.32899999618530273, "var": 0.04100000113248825}, "bert_output": null, "gold_labels": [0, 0, 1, 0, 0, 1, 1, 0, 0, 0, 0, 1, 0, 1, 0, 0, 0, 0, 0, 1, 1, 0, 0, 0, 1, 1, 1, 0, 0, 1, 0, 1, 0, 0, 1, 1, 0, 1, 1, 1, 1, 1, 0, 0, 0, 1, 0, 0, 0, 0, 0, 1, 0, 0, 1, 1, 1, 0, 1, 1, 0, 1, 0, 1, 0, 0, 0, 1, 0, 1, 1, 1, 1, 0, 1, 1, 0, 0, 0, 1, 1, 0, 1, 1, 0, 0, 1, 1, 0, 0, 1, 1, 1, 0, 1, 0, 0, 1, 1, 1, 1, 1, 1, 1, 1, 1, 0, 1, 0, 0, 1, 0, 0, 0, 1, 1, 1, 0, 0, 0, 1, 1, 0, 0, 1]}, "test_results": {"acc": 0.6209386281588448, "ece": {"ece": 0.05414200216424161, "refinement": 0.23163692367412742, "bins": {"1": {"acc": 0.0, "conf": 0.0}, "2": {"acc": 0.0, "conf": 0.0}, "3": {"acc": 0.0, "conf": 0.0}, "4": {"acc": 0.0, "conf": 0.0}, "5": {"acc": 0.0, "conf": 0.0}, "6": {"acc": 0.516, "conf": 0.5540000200271606}, "7": {"acc": 0.659, "conf": 0.6470000147819519}, "8": {"acc": 0.689, "conf": 0.7379999756813049}, "9": {"acc": 0.615, "conf": 0.8410000205039978}, "10": {"acc": 0.714, "conf": 0.921999990940094}}}, "entropy": {"mean": 0.8870000243186951, "var": 0.01899999938905239}, "var_ratio": {"mean": 0.3400000035762787, "var": 0.010999999940395355}, "std": {"mean": 0.1599999964237213, "var": 0.010999999940395355}, "nll": {"mean": 0.6769999861717224, "var": 0.18700000643730164}, "brier": {"mean": 0.23800000548362732, "var": 0.032999999821186066}, "margin": {"mean": 0.3199999928474426, "var": 0.0430000014603138}, "bert_output": null, "gold_labels": [1, 0, 1, 1, 0, 0, 0, 0, 0, 0, 0, 1, 1, 0, 0, 1, 1, 0, 0, 1, 0, 0, 0, 0, 1, 1, 1, 0, 1, 1, 1, 0, 1, 1, 0, 1, 1, 0, 1, 1, 0, 1, 0, 0, 0, 1, 0, 1, 1, 1, 1, 0, 1, 0, 0, 1, 0, 1, 1, 0, 0, 1, 1, 0, 1, 1, 0, 0, 0, 0, 0, 0, 1, 0, 0, 1, 0, 1, 1, 0, 1, 0, 1, 1, 1, 0, 0, 1, 0, 1, 0, 1, 0, 0, 1, 1, 1, 0, 0, 0, 0, 0, 0, 0, 0, 0, 0, 1, 0, 0, 0, 0, 0, 1, 1, 0, 0, 1, 1, 1, 1, 1, 1, 0, 1, 1, 1, 1, 0, 0, 1, 0, 0, 1, 0, 0, 1, 0, 1, 1, 1, 0, 1, 0, 1, 0, 0, 1, 0, 0, 1, 1, 0, 0, 0, 0, 1, 0, 1, 1, 0, 0, 1, 1, 0, 0, 1, 1, 1, 1, 0, 0, 1, 0, 0, 0, 0, 0, 1, 1, 0, 0, 1, 1, 0, 0, 0, 0, 0, 0, 1, 0, 1, 0, 1, 0, 1, 0, 1, 1, 0, 0, 0, 1, 0, 1, 1, 1, 1, 1, 0, 0, 0, 1, 0, 1, 0, 1, 1, 0, 0, 0, 1, 1, 0, 1, 0, 0, 1, 0, 1, 0, 1, 1, 0, 0, 1, 0, 1, 1, 0, 0, 1, 1, 1, 1, 1, 0, 1, 1, 1, 0, 1, 0, 1, 0, 0, 0, 1, 0, 0, 1, 0, 0, 1, 1, 0, 1, 0, 1, 1, 1, 0, 0, 0, 0, 1]}}