{"val_results": {"acc": 0.8953799159984727, "ece": {"ece": 0.019786410918441542, "refinement": 0.08096752641824467, "bins": {"1": {"acc": 0.0, "conf": 0.0}, "2": {"acc": 0.0, "conf": 0.0}, "3": {"acc": 0.0, "conf": 0.0}, "4": {"acc": 0.0, "conf": 0.0}, "5": {"acc": 0.0, "conf": 0.0}, "6": {"acc": 0.6, "conf": 0.5509999990463257}, "7": {"acc": 0.615, "conf": 0.6499999761581421}, "8": {"acc": 0.711, "conf": 0.7519999742507935}, "9": {"acc": 0.805, "conf": 0.8560000061988831}, "10": {"acc": 0.957, "conf": 0.9679999947547913}}}, "entropy": {"mean": 0.3400000035762787, "var": 0.07800000160932541}, "var_ratio": {"mean": 0.08799999952316284, "var": 0.013000000268220901}, "std": {"mean": 0.41200000047683716, "var": 0.013000000268220901}, "nll": {"mean": 0.2759999930858612, "var": 0.4339999854564667}, "brier": {"mean": 0.08100000023841858, "var": 0.0430000014603138}, "margin": {"mean": 0.8230000138282776, "var": 0.050999999046325684}, "temperature": 1.1393697261810303}, "test_results": {"acc": 0.9145158337909574, "ece": {"ece": 0.009663392669133741, "refinement": 0.06583444929206093, "bins": {"1": {"acc": 0.0, "conf": 0.0}, "2": {"acc": 0.0, "conf": 0.0}, "3": {"acc": 0.0, "conf": 0.0}, "4": {"acc": 0.0, "conf": 0.0}, "5": {"acc": 0.0, "conf": 0.0}, "6": {"acc": 0.57, "conf": 0.5509999990463257}, "7": {"acc": 0.696, "conf": 0.6510000228881836}, "8": {"acc": 0.72, "conf": 0.7509999871253967}, "9": {"acc": 0.844, "conf": 0.8579999804496765}, "10": {"acc": 0.973, "conf": 0.9679999947547913}}}, "entropy": {"mean": 0.33799999952316284, "var": 0.07900000363588333}, "var_ratio": {"mean": 0.08799999952316284, "var": 0.013000000268220901}, "std": {"mean": 0.41200000047683716, "var": 0.013000000268220901}, "nll": {"mean": 0.22300000488758087, "var": 0.28700000047683716}, "brier": {"mean": 0.06499999761581421, "var": 0.03200000151991844}, "margin": {"mean": 0.8230000138282776, "var": 0.05299999937415123}, "temperature": 1.1393697261810303}}