{"val_results": {"acc": 0.664, "ece": {"ece": 0.05754546880722049, "refinement": 0.20536217750089697, "bins": {"1": {"acc": 0.0, "conf": 0.0}, "2": {"acc": 0.0, "conf": 0.0}, "3": {"acc": 0.0, "conf": 0.0}, "4": {"acc": 0.0, "conf": 0.0}, "5": {"acc": 0.0, "conf": 0.0}, "6": {"acc": 0.516, "conf": 0.550000011920929}, "7": {"acc": 0.565, "conf": 0.6610000133514404}, "8": {"acc": 0.721, "conf": 0.7570000290870667}, "9": {"acc": 0.875, "conf": 0.8460000157356262}, "10": {"acc": 0.5, "conf": 0.9179999828338623}}}, "entropy": {"mean": 0.8199999928474426, "var": 0.02500000037252903}, "var_ratio": {"mean": 0.289000004529953, "var": 0.013000000268220901}, "std": {"mean": 0.210999995470047, "var": 0.013000000268220901}, "nll": {"mean": 0.6230000257492065, "var": 0.25699999928474426}, "brier": {"mean": 0.21400000154972076, "var": 0.04399999976158142}, "margin": {"mean": 0.42100000381469727, "var": 0.05299999937415123}, "bert_output": null, "gold_labels": [0, 0, 1, 0, 0, 1, 1, 0, 0, 0, 0, 1, 0, 1, 0, 0, 0, 0, 0, 1, 1, 0, 0, 0, 1, 1, 1, 0, 0, 1, 0, 1, 0, 0, 1, 1, 0, 1, 1, 1, 1, 1, 0, 0, 0, 1, 0, 0, 0, 0, 0, 1, 0, 0, 1, 1, 1, 0, 1, 1, 0, 1, 0, 1, 0, 0, 0, 1, 0, 1, 1, 1, 1, 0, 1, 1, 0, 0, 0, 1, 1, 0, 1, 1, 0, 0, 1, 1, 0, 0, 1, 1, 1, 0, 1, 0, 0, 1, 1, 1, 1, 1, 1, 1, 1, 1, 0, 1, 0, 0, 1, 0, 0, 0, 1, 1, 1, 0, 0, 0, 1, 1, 0, 0, 1]}, "test_results": {"acc": 0.6173285198555957, "ece": {"ece": 0.10509972559415906, "refinement": 0.22160844151183465, "bins": {"1": {"acc": 0.0, "conf": 0.0}, "2": {"acc": 0.0, "conf": 0.0}, "3": {"acc": 0.0, "conf": 0.0}, "4": {"acc": 0.0, "conf": 0.0}, "5": {"acc": 0.0, "conf": 0.0}, "6": {"acc": 0.569, "conf": 0.550000011920929}, "7": {"acc": 0.448, "conf": 0.6539999842643738}, "8": {"acc": 0.676, "conf": 0.753000020980835}, "9": {"acc": 0.721, "conf": 0.8460000157356262}, "10": {"acc": 1.0, "conf": 0.9169999957084656}}}, "entropy": {"mean": 0.8270000219345093, "var": 0.02199999988079071}, "var_ratio": {"mean": 0.289000004529953, "var": 0.010999999940395355}, "std": {"mean": 0.210999995470047, "var": 0.010999999940395355}, "nll": {"mean": 0.6700000166893005, "var": 0.24799999594688416}, "brier": {"mean": 0.2370000034570694, "var": 0.04600000008940697}, "margin": {"mean": 0.42100000381469727, "var": 0.04500000178813934}, "bert_output": null, "gold_labels": [1, 0, 1, 1, 0, 0, 0, 0, 0, 0, 0, 1, 1, 0, 0, 1, 1, 0, 0, 1, 0, 0, 0, 0, 1, 1, 1, 0, 1, 1, 1, 0, 1, 1, 0, 1, 1, 0, 1, 1, 0, 1, 0, 0, 0, 1, 0, 1, 1, 1, 1, 0, 1, 0, 0, 1, 0, 1, 1, 0, 0, 1, 1, 0, 1, 1, 0, 0, 0, 0, 0, 0, 1, 0, 0, 1, 0, 1, 1, 0, 1, 0, 1, 1, 1, 0, 0, 1, 0, 1, 0, 1, 0, 0, 1, 1, 1, 0, 0, 0, 0, 0, 0, 0, 0, 0, 0, 1, 0, 0, 0, 0, 0, 1, 1, 0, 0, 1, 1, 1, 1, 1, 1, 0, 1, 1, 1, 1, 0, 0, 1, 0, 0, 1, 0, 0, 1, 0, 1, 1, 1, 0, 1, 0, 1, 0, 0, 1, 0, 0, 1, 1, 0, 0, 0, 0, 1, 0, 1, 1, 0, 0, 1, 1, 0, 0, 1, 1, 1, 1, 0, 0, 1, 0, 0, 0, 0, 0, 1, 1, 0, 0, 1, 1, 0, 0, 0, 0, 0, 0, 1, 0, 1, 0, 1, 0, 1, 0, 1, 1, 0, 0, 0, 1, 0, 1, 1, 1, 1, 1, 0, 0, 0, 1, 0, 1, 0, 1, 1, 0, 0, 0, 1, 1, 0, 1, 0, 0, 1, 0, 1, 0, 1, 1, 0, 0, 1, 0, 1, 1, 0, 0, 1, 1, 1, 1, 1, 0, 1, 1, 1, 0, 1, 0, 1, 0, 0, 0, 1, 0, 0, 1, 0, 0, 1, 1, 0, 1, 0, 1, 1, 1, 0, 0, 0, 0, 1]}}