{"val_results": {"acc": 0.624, "ece": {"ece": 0.04089138460159303, "refinement": 0.22194405594405592, "bins": {"1": {"acc": 0.0, "conf": 0.0}, "2": {"acc": 0.0, "conf": 0.0}, "3": {"acc": 0.0, "conf": 0.0}, "4": {"acc": 0.0, "conf": 0.0}, "5": {"acc": 0.0, "conf": 0.0}, "6": {"acc": 0.523, "conf": 0.5519999861717224}, "7": {"acc": 0.636, "conf": 0.640999972820282}, "8": {"acc": 0.808, "conf": 0.7490000128746033}, "9": {"acc": 0.636, "conf": 0.828000009059906}, "10": {"acc": 0.0, "conf": 0.0}}}, "entropy": {"mean": 0.906000018119812, "var": 0.010999999940395355}, "var_ratio": {"mean": 0.35100001096725464, "var": 0.008999999612569809}, "std": {"mean": 0.14900000393390656, "var": 0.008999999612569809}, "nll": {"mean": 0.6470000147819519, "var": 0.12600000202655792}, "brier": {"mean": 0.22699999809265137, "var": 0.026000000536441803}, "margin": {"mean": 0.296999990940094, "var": 0.035999998450279236}, "bert_output": null, "gold_labels": [0, 0, 1, 0, 0, 1, 1, 0, 0, 0, 0, 1, 0, 1, 0, 0, 0, 0, 0, 1, 1, 0, 0, 0, 1, 1, 1, 0, 0, 1, 0, 1, 0, 0, 1, 1, 0, 1, 1, 1, 1, 1, 0, 0, 0, 1, 0, 0, 0, 0, 0, 1, 0, 0, 1, 1, 1, 0, 1, 1, 0, 1, 0, 1, 0, 0, 0, 1, 0, 1, 1, 1, 1, 0, 1, 1, 0, 0, 0, 1, 1, 0, 1, 1, 0, 0, 1, 1, 0, 0, 1, 1, 1, 0, 1, 0, 0, 1, 1, 1, 1, 1, 1, 1, 1, 1, 0, 1, 0, 0, 1, 0, 0, 0, 1, 1, 1, 0, 0, 0, 1, 1, 0, 0, 1]}, "test_results": {"acc": 0.6245487364620939, "ece": {"ece": 0.03261110649212171, "refinement": 0.22585571582509115, "bins": {"1": {"acc": 0.0, "conf": 0.0}, "2": {"acc": 0.0, "conf": 0.0}, "3": {"acc": 0.0, "conf": 0.0}, "4": {"acc": 0.0, "conf": 0.0}, "5": {"acc": 0.0, "conf": 0.0}, "6": {"acc": 0.532, "conf": 0.5550000071525574}, "7": {"acc": 0.667, "conf": 0.6439999938011169}, "8": {"acc": 0.767, "conf": 0.7480000257492065}, "9": {"acc": 0.625, "conf": 0.824999988079071}, "10": {"acc": 1.0, "conf": 0.9049999713897705}}}, "entropy": {"mean": 0.9200000166893005, "var": 0.008999999612569809}, "var_ratio": {"mean": 0.36399999260902405, "var": 0.00800000037997961}, "std": {"mean": 0.13600000739097595, "var": 0.00800000037997961}, "nll": {"mean": 0.6520000100135803, "var": 0.11100000143051147}, "brier": {"mean": 0.2290000021457672, "var": 0.023000000044703484}, "margin": {"mean": 0.27300000190734863, "var": 0.03099999949336052}, "bert_output": null, "gold_labels": [1, 0, 1, 1, 0, 0, 0, 0, 0, 0, 0, 1, 1, 0, 0, 1, 1, 0, 0, 1, 0, 0, 0, 0, 1, 1, 1, 0, 1, 1, 1, 0, 1, 1, 0, 1, 1, 0, 1, 1, 0, 1, 0, 0, 0, 1, 0, 1, 1, 1, 1, 0, 1, 0, 0, 1, 0, 1, 1, 0, 0, 1, 1, 0, 1, 1, 0, 0, 0, 0, 0, 0, 1, 0, 0, 1, 0, 1, 1, 0, 1, 0, 1, 1, 1, 0, 0, 1, 0, 1, 0, 1, 0, 0, 1, 1, 1, 0, 0, 0, 0, 0, 0, 0, 0, 0, 0, 1, 0, 0, 0, 0, 0, 1, 1, 0, 0, 1, 1, 1, 1, 1, 1, 0, 1, 1, 1, 1, 0, 0, 1, 0, 0, 1, 0, 0, 1, 0, 1, 1, 1, 0, 1, 0, 1, 0, 0, 1, 0, 0, 1, 1, 0, 0, 0, 0, 1, 0, 1, 1, 0, 0, 1, 1, 0, 0, 1, 1, 1, 1, 0, 0, 1, 0, 0, 0, 0, 0, 1, 1, 0, 0, 1, 1, 0, 0, 0, 0, 0, 0, 1, 0, 1, 0, 1, 0, 1, 0, 1, 1, 0, 0, 0, 1, 0, 1, 1, 1, 1, 1, 0, 0, 0, 1, 0, 1, 0, 1, 1, 0, 0, 0, 1, 1, 0, 1, 0, 0, 1, 0, 1, 0, 1, 1, 0, 0, 1, 0, 1, 1, 0, 0, 1, 1, 1, 1, 1, 0, 1, 1, 1, 0, 1, 0, 1, 0, 0, 0, 1, 0, 0, 1, 0, 0, 1, 1, 0, 1, 0, 1, 1, 1, 0, 0, 0, 0, 1]}}