{"val_results": {"acc": 0.672, "ece": {"ece": 0.07862706089019778, "refinement": 0.20532454212454213, "bins": {"1": {"acc": 0.0, "conf": 0.0}, "2": {"acc": 0.0, "conf": 0.0}, "3": {"acc": 0.0, "conf": 0.0}, "4": {"acc": 0.0, "conf": 0.0}, "5": {"acc": 0.0, "conf": 0.0}, "6": {"acc": 0.6, "conf": 0.5600000023841858}, "7": {"acc": 0.567, "conf": 0.6470000147819519}, "8": {"acc": 0.6, "conf": 0.7620000243186951}, "9": {"acc": 0.846, "conf": 0.8429999947547913}, "10": {"acc": 0.857, "conf": 0.9190000295639038}}}, "entropy": {"mean": 0.777999997138977, "var": 0.035999998450279236}, "var_ratio": {"mean": 0.2630000114440918, "var": 0.014000000432133675}, "std": {"mean": 0.2370000034570694, "var": 0.014000000432133675}, "nll": {"mean": 0.625, "var": 0.296999990940094}, "brier": {"mean": 0.21699999272823334, "var": 0.050999999046325684}, "margin": {"mean": 0.4729999899864197, "var": 0.0560000017285347}, "bert_output": null, "gold_labels": [0, 0, 1, 0, 0, 1, 1, 0, 0, 0, 0, 1, 0, 1, 0, 0, 0, 0, 0, 1, 1, 0, 0, 0, 1, 1, 1, 0, 0, 1, 0, 1, 0, 0, 1, 1, 0, 1, 1, 1, 1, 1, 0, 0, 0, 1, 0, 0, 0, 0, 0, 1, 0, 0, 1, 1, 1, 0, 1, 1, 0, 1, 0, 1, 0, 0, 0, 1, 0, 1, 1, 1, 1, 0, 1, 1, 0, 0, 0, 1, 1, 0, 1, 1, 0, 0, 1, 1, 0, 0, 1, 1, 1, 0, 1, 0, 0, 1, 1, 1, 1, 1, 1, 1, 1, 1, 0, 1, 0, 0, 1, 0, 0, 0, 1, 1, 1, 0, 0, 0, 1, 1, 0, 0, 1]}, "test_results": {"acc": 0.6425992779783394, "ece": {"ece": 0.08818590511914194, "refinement": 0.2243229706279186, "bins": {"1": {"acc": 0.0, "conf": 0.0}, "2": {"acc": 0.0, "conf": 0.0}, "3": {"acc": 0.0, "conf": 0.0}, "4": {"acc": 0.0, "conf": 0.0}, "5": {"acc": 0.0, "conf": 0.0}, "6": {"acc": 0.489, "conf": 0.5509999990463257}, "7": {"acc": 0.65, "conf": 0.6510000228881836}, "8": {"acc": 0.657, "conf": 0.7509999871253967}, "9": {"acc": 0.647, "conf": 0.8399999737739563}, "10": {"acc": 0.818, "conf": 0.9269999861717224}}}, "entropy": {"mean": 0.796999990940094, "var": 0.03099999949336052}, "var_ratio": {"mean": 0.27300000190734863, "var": 0.013000000268220901}, "std": {"mean": 0.22699999809265137, "var": 0.013000000268220901}, "nll": {"mean": 0.6779999732971191, "var": 0.33000001311302185}, "brier": {"mean": 0.2370000034570694, "var": 0.054999999701976776}, "margin": {"mean": 0.45399999618530273, "var": 0.050999999046325684}, "bert_output": null, "gold_labels": [1, 0, 1, 1, 0, 0, 0, 0, 0, 0, 0, 1, 1, 0, 0, 1, 1, 0, 0, 1, 0, 0, 0, 0, 1, 1, 1, 0, 1, 1, 1, 0, 1, 1, 0, 1, 1, 0, 1, 1, 0, 1, 0, 0, 0, 1, 0, 1, 1, 1, 1, 0, 1, 0, 0, 1, 0, 1, 1, 0, 0, 1, 1, 0, 1, 1, 0, 0, 0, 0, 0, 0, 1, 0, 0, 1, 0, 1, 1, 0, 1, 0, 1, 1, 1, 0, 0, 1, 0, 1, 0, 1, 0, 0, 1, 1, 1, 0, 0, 0, 0, 0, 0, 0, 0, 0, 0, 1, 0, 0, 0, 0, 0, 1, 1, 0, 0, 1, 1, 1, 1, 1, 1, 0, 1, 1, 1, 1, 0, 0, 1, 0, 0, 1, 0, 0, 1, 0, 1, 1, 1, 0, 1, 0, 1, 0, 0, 1, 0, 0, 1, 1, 0, 0, 0, 0, 1, 0, 1, 1, 0, 0, 1, 1, 0, 0, 1, 1, 1, 1, 0, 0, 1, 0, 0, 0, 0, 0, 1, 1, 0, 0, 1, 1, 0, 0, 0, 0, 0, 0, 1, 0, 1, 0, 1, 0, 1, 0, 1, 1, 0, 0, 0, 1, 0, 1, 1, 1, 1, 1, 0, 0, 0, 1, 0, 1, 0, 1, 1, 0, 0, 0, 1, 1, 0, 1, 0, 0, 1, 0, 1, 0, 1, 1, 0, 0, 1, 0, 1, 1, 0, 0, 1, 1, 1, 1, 1, 0, 1, 1, 1, 0, 1, 0, 1, 0, 0, 0, 1, 0, 0, 1, 0, 0, 1, 1, 0, 1, 0, 1, 1, 1, 0, 0, 0, 0, 1]}}