{"val_results": {"acc": 0.8363210429822775, "ece": {"ece": 0.10168232646444272, "refinement": 0.11536727114383459, "bins": {"1": {"acc": 0.0, "conf": 0.0}, "2": {"acc": 0.0, "conf": 0.0}, "3": {"acc": 0.0, "conf": 0.0}, "4": {"acc": 0.333, "conf": 0.382999986410141}, "5": {"acc": 0.323, "conf": 0.4650000035762787}, "6": {"acc": 0.483, "conf": 0.550000011920929}, "7": {"acc": 0.486, "conf": 0.652999997138977}, "8": {"acc": 0.544, "conf": 0.75}, "9": {"acc": 0.626, "conf": 0.8539999723434448}, "10": {"acc": 0.906, "conf": 0.9900000095367432}}}, "entropy": {"mean": 0.22499999403953552, "var": 0.12600000202655792}, "var_ratio": {"mean": 0.06199999898672104, "var": 0.014999999664723873}, "std": {"mean": 0.4320000112056732, "var": 0.004999999888241291}, "nll": {"mean": 0.593999981880188, "var": 2.4579999446868896}, "brier": {"mean": 0.08699999749660492, "var": 0.03799999877810478}, "margin": {"mean": 0.8820000290870667, "var": 0.05299999937415123}, "temperature": 0.508282482624054}, "test_results": {"acc": 0.8392256749872644, "ece": {"ece": 0.0975567706130441, "refinement": 0.11412748692125271, "bins": {"1": {"acc": 0.0, "conf": 0.0}, "2": {"acc": 0.0, "conf": 0.0}, "3": {"acc": 0.0, "conf": 0.0}, "4": {"acc": 0.25, "conf": 0.37599998712539673}, "5": {"acc": 0.493, "conf": 0.4580000042915344}, "6": {"acc": 0.46, "conf": 0.550000011920929}, "7": {"acc": 0.51, "conf": 0.6539999842643738}, "8": {"acc": 0.556, "conf": 0.7540000081062317}, "9": {"acc": 0.638, "conf": 0.8560000061988831}, "10": {"acc": 0.909, "conf": 0.9890000224113464}}}, "entropy": {"mean": 0.2290000021457672, "var": 0.12700000405311584}, "var_ratio": {"mean": 0.06400000303983688, "var": 0.014999999664723873}, "std": {"mean": 0.4309999942779541, "var": 0.004999999888241291}, "nll": {"mean": 0.5860000252723694, "var": 2.492000102996826}, "brier": {"mean": 0.08500000089406967, "var": 0.035999998450279236}, "margin": {"mean": 0.8790000081062317, "var": 0.05400000140070915}, "temperature": 0.508282482624054}}