{"val_results": {"acc": 0.8341821144836016, "ece": {"ece": 0.03365382247384927, "refinement": 0.11020248152706856, "bins": {"1": {"acc": 0.0, "conf": 0.0}, "2": {"acc": 0.0, "conf": 0.0}, "3": {"acc": 0.0, "conf": 0.0}, "4": {"acc": 0.375, "conf": 0.3779999911785126}, "5": {"acc": 0.419, "conf": 0.46299999952316284}, "6": {"acc": 0.519, "conf": 0.550000011920929}, "7": {"acc": 0.563, "conf": 0.6510000228881836}, "8": {"acc": 0.681, "conf": 0.753000020980835}, "9": {"acc": 0.793, "conf": 0.8560000061988831}, "10": {"acc": 0.951, "conf": 0.9670000076293945}}}, "entropy": {"mean": 0.5109999775886536, "var": 0.17900000512599945}, "var_ratio": {"mean": 0.13199999928474426, "var": 0.024000000208616257}, "std": {"mean": 0.38499999046325684, "var": 0.008999999612569809}, "nll": {"mean": 0.4259999990463257, "var": 0.6769999861717224}, "brier": {"mean": 0.07900000363588333, "var": 0.02500000037252903}, "margin": {"mean": 0.7630000114440918, "var": 0.07599999755620956}, "temperature": 1.0669986009597778}, "test_results": {"acc": 0.8383087111563933, "ece": {"ece": 0.030153663281087522, "refinement": 0.11210797017272894, "bins": {"1": {"acc": 0.0, "conf": 0.0}, "2": {"acc": 0.0, "conf": 0.0}, "3": {"acc": 0.0, "conf": 0.0}, "4": {"acc": 0.444, "conf": 0.38100001215934753}, "5": {"acc": 0.435, "conf": 0.460999995470047}, "6": {"acc": 0.546, "conf": 0.5509999990463257}, "7": {"acc": 0.619, "conf": 0.6499999761581421}, "8": {"acc": 0.69, "conf": 0.753000020980835}, "9": {"acc": 0.783, "conf": 0.8560000061988831}, "10": {"acc": 0.949, "conf": 0.9670000076293945}}}, "entropy": {"mean": 0.5130000114440918, "var": 0.17599999904632568}, "var_ratio": {"mean": 0.13199999928474426, "var": 0.023000000044703484}, "std": {"mean": 0.38499999046325684, "var": 0.008999999612569809}, "nll": {"mean": 0.4339999854564667, "var": 0.722000002861023}, "brier": {"mean": 0.07999999821186066, "var": 0.02500000037252903}, "margin": {"mean": 0.7630000114440918, "var": 0.07400000095367432}, "temperature": 1.0669986009597778}}