{"val_results": {"acc": 0.68, "ece": {"ece": 0.06474475145339968, "refinement": 0.20584338624338627, "bins": {"1": {"acc": 0.0, "conf": 0.0}, "2": {"acc": 0.0, "conf": 0.0}, "3": {"acc": 0.0, "conf": 0.0}, "4": {"acc": 0.0, "conf": 0.0}, "5": {"acc": 0.0, "conf": 0.0}, "6": {"acc": 0.63, "conf": 0.5600000023841858}, "7": {"acc": 0.567, "conf": 0.6549999713897705}, "8": {"acc": 0.694, "conf": 0.7450000047683716}, "9": {"acc": 0.857, "conf": 0.8600000143051147}, "10": {"acc": 0.5, "conf": 0.9070000052452087}}}, "entropy": {"mean": 0.8149999976158142, "var": 0.02800000086426735}, "var_ratio": {"mean": 0.28600001335144043, "var": 0.013000000268220901}, "std": {"mean": 0.21400000154972076, "var": 0.013000000268220901}, "nll": {"mean": 0.6190000176429749, "var": 0.2590000033378601}, "brier": {"mean": 0.21299999952316284, "var": 0.04399999976158142}, "margin": {"mean": 0.42899999022483826, "var": 0.052000001072883606}, "bert_output": null, "gold_labels": [0, 0, 1, 0, 0, 1, 1, 0, 0, 0, 0, 1, 0, 1, 0, 0, 0, 0, 0, 1, 1, 0, 0, 0, 1, 1, 1, 0, 0, 1, 0, 1, 0, 0, 1, 1, 0, 1, 1, 1, 1, 1, 0, 0, 0, 1, 0, 0, 0, 0, 0, 1, 0, 0, 1, 1, 1, 0, 1, 1, 0, 1, 0, 1, 0, 0, 0, 1, 0, 1, 1, 1, 1, 0, 1, 1, 0, 0, 0, 1, 1, 0, 1, 1, 0, 0, 1, 1, 0, 0, 1, 1, 1, 0, 1, 0, 0, 1, 1, 1, 1, 1, 1, 1, 1, 1, 0, 1, 0, 0, 1, 0, 0, 0, 1, 1, 1, 0, 0, 0, 1, 1, 0, 0, 1], "loss": 0.6342786088425763}, "test_results": {"acc": 0.6606498194945848, "ece": {"ece": 0.06334732392204369, "refinement": 0.21333931777565196, "bins": {"1": {"acc": 0.0, "conf": 0.0}, "2": {"acc": 0.0, "conf": 0.0}, "3": {"acc": 0.0, "conf": 0.0}, "4": {"acc": 0.0, "conf": 0.0}, "5": {"acc": 0.0, "conf": 0.0}, "6": {"acc": 0.444, "conf": 0.5509999990463257}, "7": {"acc": 0.649, "conf": 0.6489999890327454}, "8": {"acc": 0.674, "conf": 0.7480000257492065}, "9": {"acc": 0.765, "conf": 0.8519999980926514}, "10": {"acc": 1.0, "conf": 0.9020000100135803}}}, "entropy": {"mean": 0.8149999976158142, "var": 0.02500000037252903}, "var_ratio": {"mean": 0.28200000524520874, "var": 0.012000000104308128}, "std": {"mean": 0.21799999475479126, "var": 0.012000000104308128}, "nll": {"mean": 0.6320000290870667, "var": 0.26600000262260437}, "brier": {"mean": 0.21799999475479126, "var": 0.04699999839067459}, "margin": {"mean": 0.4350000023841858, "var": 0.04800000041723251}, "bert_output": null, "gold_labels": [1, 0, 1, 1, 0, 0, 0, 0, 0, 0, 0, 1, 1, 0, 0, 1, 1, 0, 0, 1, 0, 0, 0, 0, 1, 1, 1, 0, 1, 1, 1, 0, 1, 1, 0, 1, 1, 0, 1, 1, 0, 1, 0, 0, 0, 1, 0, 1, 1, 1, 1, 0, 1, 0, 0, 1, 0, 1, 1, 0, 0, 1, 1, 0, 1, 1, 0, 0, 0, 0, 0, 0, 1, 0, 0, 1, 0, 1, 1, 0, 1, 0, 1, 1, 1, 0, 0, 1, 0, 1, 0, 1, 0, 0, 1, 1, 1, 0, 0, 0, 0, 0, 0, 0, 0, 0, 0, 1, 0, 0, 0, 0, 0, 1, 1, 0, 0, 1, 1, 1, 1, 1, 1, 0, 1, 1, 1, 1, 0, 0, 1, 0, 0, 1, 0, 0, 1, 0, 1, 1, 1, 0, 1, 0, 1, 0, 0, 1, 0, 0, 1, 1, 0, 0, 0, 0, 1, 0, 1, 1, 0, 0, 1, 1, 0, 0, 1, 1, 1, 1, 0, 0, 1, 0, 0, 0, 0, 0, 1, 1, 0, 0, 1, 1, 0, 0, 0, 0, 0, 0, 1, 0, 1, 0, 1, 0, 1, 0, 1, 1, 0, 0, 0, 1, 0, 1, 1, 1, 1, 1, 0, 0, 0, 1, 0, 1, 0, 1, 1, 0, 0, 0, 1, 1, 0, 1, 0, 0, 1, 0, 1, 0, 1, 1, 0, 0, 1, 0, 1, 1, 0, 0, 1, 1, 1, 1, 1, 0, 1, 1, 1, 0, 1, 0, 1, 0, 0, 0, 1, 0, 0, 1, 0, 0, 1, 1, 0, 1, 0, 1, 1, 1, 0, 0, 0, 0, 1], "loss": 0.6504919742111792}}