{"val_results": {"acc": 0.68, "ece": {"ece": 0.03524782180786135, "refinement": 0.2104758620689655, "bins": {"1": {"acc": 0.0, "conf": 0.0}, "2": {"acc": 0.0, "conf": 0.0}, "3": {"acc": 0.0, "conf": 0.0}, "4": {"acc": 0.0, "conf": 0.0}, "5": {"acc": 0.0, "conf": 0.0}, "6": {"acc": 0.583, "conf": 0.5529999732971191}, "7": {"acc": 0.586, "conf": 0.656000018119812}, "8": {"acc": 0.725, "conf": 0.75}, "9": {"acc": 0.85, "conf": 0.8360000252723694}, "10": {"acc": 0.0, "conf": 0.0}}}, "entropy": {"mean": 0.8610000014305115, "var": 0.01600000075995922}, "var_ratio": {"mean": 0.3149999976158142, "var": 0.010999999940395355}, "std": {"mean": 0.1850000023841858, "var": 0.010999999940395355}, "nll": {"mean": 0.6069999933242798, "var": 0.16200000047683716}, "brier": {"mean": 0.20999999344348907, "var": 0.032999999821186066}, "margin": {"mean": 0.3700000047683716, "var": 0.04399999976158142}, "bert_output": null, "gold_labels": [0, 0, 1, 0, 0, 1, 1, 0, 0, 0, 0, 1, 0, 1, 0, 0, 0, 0, 0, 1, 1, 0, 0, 0, 1, 1, 1, 0, 0, 1, 0, 1, 0, 0, 1, 1, 0, 1, 1, 1, 1, 1, 0, 0, 0, 1, 0, 0, 0, 0, 0, 1, 0, 0, 1, 1, 1, 0, 1, 1, 0, 1, 0, 1, 0, 0, 0, 1, 0, 1, 1, 1, 1, 0, 1, 1, 0, 0, 0, 1, 1, 0, 1, 1, 0, 0, 1, 1, 0, 0, 1, 1, 1, 0, 1, 0, 0, 1, 1, 1, 1, 1, 1, 1, 1, 1, 0, 1, 0, 0, 1, 0, 0, 0, 1, 1, 1, 0, 0, 0, 1, 1, 0, 0, 1], "loss": 0.640319867266549}, "test_results": {"acc": 0.6389891696750902, "ece": {"ece": 0.036271135944752037, "refinement": 0.21774927510548892, "bins": {"1": {"acc": 0.0, "conf": 0.0}, "2": {"acc": 0.0, "conf": 0.0}, "3": {"acc": 0.0, "conf": 0.0}, "4": {"acc": 0.0, "conf": 0.0}, "5": {"acc": 0.0, "conf": 0.0}, "6": {"acc": 0.481, "conf": 0.5490000247955322}, "7": {"acc": 0.644, "conf": 0.6499999761581421}, "8": {"acc": 0.736, "conf": 0.7459999918937683}, "9": {"acc": 0.743, "conf": 0.8389999866485596}, "10": {"acc": 1.0, "conf": 0.9340000152587891}}}, "entropy": {"mean": 0.8700000047683716, "var": 0.014999999664723873}, "var_ratio": {"mean": 0.32199999690055847, "var": 0.010999999940395355}, "std": {"mean": 0.17800000309944153, "var": 0.010999999940395355}, "nll": {"mean": 0.6299999952316284, "var": 0.17000000178813934}, "brier": {"mean": 0.2199999988079071, "var": 0.032999999821186066}, "margin": {"mean": 0.3569999933242798, "var": 0.0430000014603138}, "bert_output": null, "gold_labels": [1, 0, 1, 1, 0, 0, 0, 0, 0, 0, 0, 1, 1, 0, 0, 1, 1, 0, 0, 1, 0, 0, 0, 0, 1, 1, 1, 0, 1, 1, 1, 0, 1, 1, 0, 1, 1, 0, 1, 1, 0, 1, 0, 0, 0, 1, 0, 1, 1, 1, 1, 0, 1, 0, 0, 1, 0, 1, 1, 0, 0, 1, 1, 0, 1, 1, 0, 0, 0, 0, 0, 0, 1, 0, 0, 1, 0, 1, 1, 0, 1, 0, 1, 1, 1, 0, 0, 1, 0, 1, 0, 1, 0, 0, 1, 1, 1, 0, 0, 0, 0, 0, 0, 0, 0, 0, 0, 1, 0, 0, 0, 0, 0, 1, 1, 0, 0, 1, 1, 1, 1, 1, 1, 0, 1, 1, 1, 1, 0, 0, 1, 0, 0, 1, 0, 0, 1, 0, 1, 1, 1, 0, 1, 0, 1, 0, 0, 1, 0, 0, 1, 1, 0, 0, 0, 0, 1, 0, 1, 1, 0, 0, 1, 1, 0, 0, 1, 1, 1, 1, 0, 0, 1, 0, 0, 0, 0, 0, 1, 1, 0, 0, 1, 1, 0, 0, 0, 0, 0, 0, 1, 0, 1, 0, 1, 0, 1, 0, 1, 1, 0, 0, 0, 1, 0, 1, 1, 1, 1, 1, 0, 0, 0, 1, 0, 1, 0, 1, 1, 0, 0, 0, 1, 1, 0, 1, 0, 0, 1, 0, 1, 0, 1, 1, 0, 0, 1, 0, 1, 1, 0, 0, 1, 1, 1, 1, 1, 0, 1, 1, 1, 0, 1, 0, 1, 0, 0, 0, 1, 0, 0, 1, 0, 0, 1, 1, 0, 1, 0, 1, 1, 1, 0, 0, 0, 0, 1], "loss": 0.648531867398156}}