{"val_results": {"acc": 0.664, "ece": {"ece": 0.04937289571762084, "refinement": 0.20237072372904458, "bins": {"1": {"acc": 0.0, "conf": 0.0}, "2": {"acc": 0.0, "conf": 0.0}, "3": {"acc": 0.0, "conf": 0.0}, "4": {"acc": 0.0, "conf": 0.0}, "5": {"acc": 0.0, "conf": 0.0}, "6": {"acc": 0.414, "conf": 0.5509999990463257}, "7": {"acc": 0.696, "conf": 0.652999997138977}, "8": {"acc": 0.75, "conf": 0.7459999918937683}, "9": {"acc": 0.818, "conf": 0.8240000009536743}, "10": {"acc": 0.0, "conf": 0.0}}}, "entropy": {"mean": 0.8709999918937683, "var": 0.013000000268220901}, "var_ratio": {"mean": 0.3190000057220459, "var": 0.008999999612569809}, "std": {"mean": 0.1809999942779541, "var": 0.008999999612569809}, "nll": {"mean": 0.6039999723434448, "var": 0.15800000727176666}, "brier": {"mean": 0.2070000022649765, "var": 0.03099999949336052}, "margin": {"mean": 0.3610000014305115, "var": 0.03799999877810478}, "temperature": 1.39}, "test_result": {"acc": 0.6678700361010831, "ece": {"ece": 0.03561215280195438, "refinement": 0.21249111634053833, "bins": {"1": {"acc": 0.0, "conf": 0.0}, "2": {"acc": 0.0, "conf": 0.0}, "3": {"acc": 0.0, "conf": 0.0}, "4": {"acc": 0.0, "conf": 0.0}, "5": {"acc": 0.0, "conf": 0.0}, "6": {"acc": 0.508, "conf": 0.5479999780654907}, "7": {"acc": 0.649, "conf": 0.6579999923706055}, "8": {"acc": 0.771, "conf": 0.7360000014305115}, "9": {"acc": 0.732, "conf": 0.8240000009536743}, "10": {"acc": 0.0, "conf": 0.0}}}, "entropy": {"mean": 0.8730000257492065, "var": 0.010999999940395355}, "var_ratio": {"mean": 0.3179999887943268, "var": 0.008999999612569809}, "std": {"mean": 0.18199999630451202, "var": 0.008999999612569809}, "nll": {"mean": 0.6179999709129333, "var": 0.16599999368190765}, "brier": {"mean": 0.21299999952316284, "var": 0.032999999821186066}, "margin": {"mean": 0.36500000953674316, "var": 0.03400000184774399}, "temperature": 1.39}}