{"val_results": {"acc": 0.632, "ece": {"ece": 0.06961722087860106, "refinement": 0.2094059136059136, "bins": {"1": {"acc": 0.0, "conf": 0.0}, "2": {"acc": 0.0, "conf": 0.0}, "3": {"acc": 0.0, "conf": 0.0}, "4": {"acc": 0.0, "conf": 0.0}, "5": {"acc": 0.0, "conf": 0.0}, "6": {"acc": 0.432, "conf": 0.5630000233650208}, "7": {"acc": 0.615, "conf": 0.6579999923706055}, "8": {"acc": 0.775, "conf": 0.7379999756813049}, "9": {"acc": 0.889, "conf": 0.8090000152587891}, "10": {"acc": 0.0, "conf": 0.0}}}, "entropy": {"mean": 0.8949999809265137, "var": 0.00800000037997961}, "var_ratio": {"mean": 0.33399999141693115, "var": 0.007000000216066837}, "std": {"mean": 0.16599999368190765, "var": 0.007000000216066837}, "nll": {"mean": 0.6129999756813049, "var": 0.12099999934434891}, "brier": {"mean": 0.21299999952316284, "var": 0.026000000536441803}, "margin": {"mean": 0.3330000042915344, "var": 0.02800000086426735}, "temperature": 1.3656463623046875}, "test_results": {"acc": 0.631768953068592, "ece": {"ece": 0.03308153776485569, "refinement": 0.21842908727828866, "bins": {"1": {"acc": 0.0, "conf": 0.0}, "2": {"acc": 0.0, "conf": 0.0}, "3": {"acc": 0.0, "conf": 0.0}, "4": {"acc": 0.0, "conf": 0.0}, "5": {"acc": 0.0, "conf": 0.0}, "6": {"acc": 0.446, "conf": 0.5490000247955322}, "7": {"acc": 0.649, "conf": 0.6510000228881836}, "8": {"acc": 0.742, "conf": 0.7400000095367432}, "9": {"acc": 0.75, "conf": 0.8140000104904175}, "10": {"acc": 0.0, "conf": 0.0}}}, "entropy": {"mean": 0.8949999809265137, "var": 0.00800000037997961}, "var_ratio": {"mean": 0.335999995470047, "var": 0.00800000037997961}, "std": {"mean": 0.164000004529953, "var": 0.00800000037997961}, "nll": {"mean": 0.6380000114440918, "var": 0.1379999965429306}, "brier": {"mean": 0.22300000488758087, "var": 0.028999999165534973}, "margin": {"mean": 0.328000009059906, "var": 0.03200000151991844}, "temperature": 1.3656463623046875}}