{"val_results": {"acc": 0.819617029944999, "ece": {"ece": 0.00643141219234194, "refinement": 0.12146398568642926, "bins": {"1": {"acc": 0.0, "conf": 0.0}, "2": {"acc": 0.0, "conf": 0.0}, "3": {"acc": 0.0, "conf": 0.0}, "4": {"acc": 0.367, "conf": 0.3779999911785126}, "5": {"acc": 0.451, "conf": 0.46299999952316284}, "6": {"acc": 0.559, "conf": 0.550000011920929}, "7": {"acc": 0.639, "conf": 0.6510000228881836}, "8": {"acc": 0.752, "conf": 0.7519999742507935}, "9": {"acc": 0.839, "conf": 0.8560000061988831}, "10": {"acc": 0.957, "conf": 0.9549999833106995}}}, "entropy": {"mean": 0.6679999828338623, "var": 0.18000000715255737}, "var_ratio": {"mean": 0.17800000309944153, "var": 0.027000000700354576}, "std": {"mean": 0.35499998927116394, "var": 0.010999999940395355}, "nll": {"mean": 0.4650000035762787, "var": 0.5529999732971191}, "brier": {"mean": 0.08699999749660492, "var": 0.023000000044703484}, "margin": {"mean": 0.6859999895095825, "var": 0.08299999684095383}, "temperature": 1.18}, "test_result": {"acc": 0.8145695364238411, "ece": {"ece": 0.010276486314320793, "refinement": 0.12236311550055734, "bins": {"1": {"acc": 0.0, "conf": 0.0}, "2": {"acc": 0.0, "conf": 0.0}, "3": {"acc": 0.0, "conf": 0.0}, "4": {"acc": 0.356, "conf": 0.375}, "5": {"acc": 0.467, "conf": 0.46000000834465027}, "6": {"acc": 0.52, "conf": 0.5509999990463257}, "7": {"acc": 0.642, "conf": 0.6499999761581421}, "8": {"acc": 0.735, "conf": 0.7540000081062317}, "9": {"acc": 0.842, "conf": 0.8550000190734863}, "10": {"acc": 0.959, "conf": 0.9549999833106995}}}, "entropy": {"mean": 0.6729999780654907, "var": 0.1809999942779541}, "var_ratio": {"mean": 0.18000000715255737, "var": 0.027000000700354576}, "std": {"mean": 0.3529999852180481, "var": 0.010999999940395355}, "nll": {"mean": 0.4690000116825104, "var": 0.5569999814033508}, "brier": {"mean": 0.08799999952316284, "var": 0.023000000044703484}, "margin": {"mean": 0.6819999814033508, "var": 0.08399999886751175}, "temperature": 1.18}}