{"val_results": {"acc": 0.8189549806477898, "ece": {"ece": 0.025209362199918917, "refinement": 0.12193353986725453, "bins": {"1": {"acc": 0.0, "conf": 0.0}, "2": {"acc": 0.0, "conf": 0.0}, "3": {"acc": 0.0, "conf": 0.0}, "4": {"acc": 0.359, "conf": 0.3779999911785126}, "5": {"acc": 0.443, "conf": 0.46399998664855957}, "6": {"acc": 0.532, "conf": 0.5490000247955322}, "7": {"acc": 0.605, "conf": 0.6499999761581421}, "8": {"acc": 0.723, "conf": 0.753000020980835}, "9": {"acc": 0.816, "conf": 0.8560000061988831}, "10": {"acc": 0.944, "conf": 0.9629999995231628}}}, "entropy": {"mean": 0.5870000123977661, "var": 0.18400000035762787}, "var_ratio": {"mean": 0.15600000321865082, "var": 0.026000000536441803}, "std": {"mean": 0.3700000047683716, "var": 0.009999999776482582}, "nll": {"mean": 0.4690000116825104, "var": 0.6850000023841858}, "brier": {"mean": 0.08699999749660492, "var": 0.02500000037252903}, "margin": {"mean": 0.7210000157356262, "var": 0.08299999684095383}, "temperature": 1.0609707832336426}, "test_results": {"acc": 0.8163015792154865, "ece": {"ece": 0.025196448413316426, "refinement": 0.12235934145690675, "bins": {"1": {"acc": 0.0, "conf": 0.0}, "2": {"acc": 0.0, "conf": 0.0}, "3": {"acc": 0.0, "conf": 0.0}, "4": {"acc": 0.339, "conf": 0.3790000081062317}, "5": {"acc": 0.434, "conf": 0.46299999952316284}, "6": {"acc": 0.521, "conf": 0.550000011920929}, "7": {"acc": 0.633, "conf": 0.6499999761581421}, "8": {"acc": 0.713, "conf": 0.753000020980835}, "9": {"acc": 0.804, "conf": 0.8550000190734863}, "10": {"acc": 0.948, "conf": 0.9629999995231628}}}, "entropy": {"mean": 0.5920000076293945, "var": 0.18700000643730164}, "var_ratio": {"mean": 0.1589999943971634, "var": 0.027000000700354576}, "std": {"mean": 0.36800000071525574, "var": 0.009999999776482582}, "nll": {"mean": 0.4729999899864197, "var": 0.6840000152587891}, "brier": {"mean": 0.08799999952316284, "var": 0.02500000037252903}, "margin": {"mean": 0.7160000205039978, "var": 0.08500000089406967}, "temperature": 1.0609707832336426}}