{"val_results": {"acc": 0.64, "ece": {"ece": 0.010698573112487791, "refinement": 0.2241773995271868, "bins": {"1": {"acc": 0.0, "conf": 0.0}, "2": {"acc": 0.0, "conf": 0.0}, "3": {"acc": 0.0, "conf": 0.0}, "4": {"acc": 0.0, "conf": 0.0}, "5": {"acc": 0.0, "conf": 0.0}, "6": {"acc": 0.556, "conf": 0.5509999990463257}, "7": {"acc": 0.638, "conf": 0.6449999809265137}, "8": {"acc": 0.76, "conf": 0.7549999952316284}, "9": {"acc": 0.75, "conf": 0.8379999995231628}, "10": {"acc": 0.0, "conf": 0.0}}}, "entropy": {"mean": 0.9089999794960022, "var": 0.010999999940395355}, "var_ratio": {"mean": 0.3540000021457672, "var": 0.008999999612569809}, "std": {"mean": 0.1459999978542328, "var": 0.008999999612569809}, "nll": {"mean": 0.6330000162124634, "var": 0.11500000208616257}, "brier": {"mean": 0.22100000083446503, "var": 0.024000000208616257}, "margin": {"mean": 0.29100000858306885, "var": 0.03500000014901161}, "bert_output": null, "gold_labels": [0, 0, 1, 0, 0, 1, 1, 0, 0, 0, 0, 1, 0, 1, 0, 0, 0, 0, 0, 1, 1, 0, 0, 0, 1, 1, 1, 0, 0, 1, 0, 1, 0, 0, 1, 1, 0, 1, 1, 1, 1, 1, 0, 0, 0, 1, 0, 0, 0, 0, 0, 1, 0, 0, 1, 1, 1, 0, 1, 1, 0, 1, 0, 1, 0, 0, 0, 1, 0, 1, 1, 1, 1, 0, 1, 1, 0, 0, 0, 1, 1, 0, 1, 1, 0, 0, 1, 1, 0, 0, 1, 1, 1, 0, 1, 0, 0, 1, 1, 1, 1, 1, 1, 1, 1, 1, 0, 1, 0, 0, 1, 0, 0, 0, 1, 1, 1, 0, 0, 0, 1, 1, 0, 0, 1]}, "test_results": {"acc": 0.6425992779783394, "ece": {"ece": 0.02558810164351754, "refinement": 0.22597358454228278, "bins": {"1": {"acc": 0.0, "conf": 0.0}, "2": {"acc": 0.0, "conf": 0.0}, "3": {"acc": 0.0, "conf": 0.0}, "4": {"acc": 0.0, "conf": 0.0}, "5": {"acc": 0.0, "conf": 0.0}, "6": {"acc": 0.569, "conf": 0.550000011920929}, "7": {"acc": 0.667, "conf": 0.6470000147819519}, "8": {"acc": 0.73, "conf": 0.75}, "9": {"acc": 0.722, "conf": 0.8349999785423279}, "10": {"acc": 0.0, "conf": 0.0}}}, "entropy": {"mean": 0.9190000295639038, "var": 0.008999999612569809}, "var_ratio": {"mean": 0.3630000054836273, "var": 0.00800000037997961}, "std": {"mean": 0.13699999451637268, "var": 0.00800000037997961}, "nll": {"mean": 0.6439999938011169, "var": 0.10499999672174454}, "brier": {"mean": 0.22599999606609344, "var": 0.02199999988079071}, "margin": {"mean": 0.27399998903274536, "var": 0.03200000151991844}, "bert_output": null, "gold_labels": [1, 0, 1, 1, 0, 0, 0, 0, 0, 0, 0, 1, 1, 0, 0, 1, 1, 0, 0, 1, 0, 0, 0, 0, 1, 1, 1, 0, 1, 1, 1, 0, 1, 1, 0, 1, 1, 0, 1, 1, 0, 1, 0, 0, 0, 1, 0, 1, 1, 1, 1, 0, 1, 0, 0, 1, 0, 1, 1, 0, 0, 1, 1, 0, 1, 1, 0, 0, 0, 0, 0, 0, 1, 0, 0, 1, 0, 1, 1, 0, 1, 0, 1, 1, 1, 0, 0, 1, 0, 1, 0, 1, 0, 0, 1, 1, 1, 0, 0, 0, 0, 0, 0, 0, 0, 0, 0, 1, 0, 0, 0, 0, 0, 1, 1, 0, 0, 1, 1, 1, 1, 1, 1, 0, 1, 1, 1, 1, 0, 0, 1, 0, 0, 1, 0, 0, 1, 0, 1, 1, 1, 0, 1, 0, 1, 0, 0, 1, 0, 0, 1, 1, 0, 0, 0, 0, 1, 0, 1, 1, 0, 0, 1, 1, 0, 0, 1, 1, 1, 1, 0, 0, 1, 0, 0, 0, 0, 0, 1, 1, 0, 0, 1, 1, 0, 0, 0, 0, 0, 0, 1, 0, 1, 0, 1, 0, 1, 0, 1, 1, 0, 0, 0, 1, 0, 1, 1, 1, 1, 1, 0, 0, 0, 1, 0, 1, 0, 1, 1, 0, 0, 0, 1, 1, 0, 1, 0, 0, 1, 0, 1, 0, 1, 1, 0, 0, 1, 0, 1, 1, 0, 0, 1, 1, 1, 1, 1, 0, 1, 1, 1, 0, 1, 0, 1, 0, 0, 0, 1, 0, 0, 1, 0, 0, 1, 1, 0, 1, 0, 1, 1, 1, 0, 0, 0, 0, 1]}}