{"val_results": {"acc": 0.64, "ece": {"ece": 0.04474056673049931, "refinement": 0.22694670846394982, "bins": {"1": {"acc": 0.0, "conf": 0.0}, "2": {"acc": 0.0, "conf": 0.0}, "3": {"acc": 0.0, "conf": 0.0}, "4": {"acc": 0.0, "conf": 0.0}, "5": {"acc": 0.0, "conf": 0.0}, "6": {"acc": 0.591, "conf": 0.5550000071525574}, "7": {"acc": 0.69, "conf": 0.6389999985694885}, "8": {"acc": 1.0, "conf": 0.7229999899864197}, "9": {"acc": 0.0, "conf": 0.0}, "10": {"acc": 0.0, "conf": 0.0}}}, "entropy": {"mean": 0.9660000205039978, "var": 0.0010000000474974513}, "var_ratio": {"mean": 0.4050000011920929, "var": 0.003000000026077032}, "std": {"mean": 0.0949999988079071, "var": 0.003000000026077032}, "nll": {"mean": 0.6470000147819519, "var": 0.041999999433755875}, "brier": {"mean": 0.22699999809265137, "var": 0.009999999776482582}, "margin": {"mean": 0.19099999964237213, "var": 0.009999999776482582}, "temperature": 1.409010410308838}, "test_results": {"acc": 0.6064981949458483, "ece": {"ece": 0.031552618806542886, "refinement": 0.22877438345177548, "bins": {"1": {"acc": 0.0, "conf": 0.0}, "2": {"acc": 0.0, "conf": 0.0}, "3": {"acc": 0.0, "conf": 0.0}, "4": {"acc": 0.0, "conf": 0.0}, "5": {"acc": 0.0, "conf": 0.0}, "6": {"acc": 0.53, "conf": 0.5529999732971191}, "7": {"acc": 0.667, "conf": 0.6439999938011169}, "8": {"acc": 0.923, "conf": 0.722000002861023}, "9": {"acc": 1.0, "conf": 0.8180000185966492}, "10": {"acc": 0.0, "conf": 0.0}}}, "entropy": {"mean": 0.9599999785423279, "var": 0.0020000000949949026}, "var_ratio": {"mean": 0.4009999930858612, "var": 0.004000000189989805}, "std": {"mean": 0.0989999994635582, "var": 0.004000000189989805}, "nll": {"mean": 0.6449999809265137, "var": 0.04699999839067459}, "brier": {"mean": 0.22699999809265137, "var": 0.010999999940395355}, "margin": {"mean": 0.1979999989271164, "var": 0.014999999664723873}, "temperature": 1.409010410308838}}