{"val_results": {"acc": 0.8944070358664284, "f1": 0.8629032258064515, "acc_and_f1": 0.87865513083644, "ece": {"ece": 0.007965491038193133, "refinement": 0.07708591258042498, "bins": {"1": {"acc": 0.0, "conf": 0.0}, "2": {"acc": 0.0, "conf": 0.0}, "3": {"acc": 0.0, "conf": 0.0}, "4": {"acc": 0.0, "conf": 0.0}, "5": {"acc": 0.0, "conf": 0.0}, "6": {"acc": 0.534, "conf": 0.550000011920929}, "7": {"acc": 0.626, "conf": 0.652999997138977}, "8": {"acc": 0.738, "conf": 0.753000020980835}, "9": {"acc": 0.838, "conf": 0.8560000061988831}, "10": {"acc": 0.975, "conf": 0.9729999899864197}}}, "entropy": {"mean": 0.3569999933242798, "var": 0.10499999672174454}, "var_ratio": {"mean": 0.10100000351667404, "var": 0.01600000075995922}, "std": {"mean": 0.39899998903274536, "var": 0.01600000075995922}, "nll": {"mean": 0.24699999392032623, "var": 0.2720000147819519}, "brier": {"mean": 0.07599999755620956, "var": 0.03400000184774399}, "margin": {"mean": 0.7979999780654907, "var": 0.06400000303983688}, "temperature": 1.18}, "test_result": {"acc": 0.890972050457581, "f1": 0.8573462783171522, "acc_and_f1": 0.8741591643873665, "ece": {"ece": 0.008713510188023226, "refinement": 0.07927406742586565, "bins": {"1": {"acc": 0.0, "conf": 0.0}, "2": {"acc": 0.0, "conf": 0.0}, "3": {"acc": 0.0, "conf": 0.0}, "4": {"acc": 0.0, "conf": 0.0}, "5": {"acc": 0.0, "conf": 0.0}, "6": {"acc": 0.536, "conf": 0.5509999990463257}, "7": {"acc": 0.617, "conf": 0.6520000100135803}, "8": {"acc": 0.727, "conf": 0.7540000081062317}, "9": {"acc": 0.838, "conf": 0.8569999933242798}, "10": {"acc": 0.974, "conf": 0.9729999899864197}}}, "entropy": {"mean": 0.36000001430511475, "var": 0.10499999672174454}, "var_ratio": {"mean": 0.10199999809265137, "var": 0.01600000075995922}, "std": {"mean": 0.39800000190734863, "var": 0.01600000075995922}, "nll": {"mean": 0.2529999911785126, "var": 0.2800000011920929}, "brier": {"mean": 0.07900000363588333, "var": 0.03500000014901161}, "margin": {"mean": 0.7960000038146973, "var": 0.06400000303983688}, "temperature": 1.18}}