{"test_ood_results": {"acc": 0.81396, "ece": {"ece": 0.1192073442006111, "refinement": 0.13465331444876272, "bins": {"1": {"acc": 0.0, "conf": 0.0}, "2": {"acc": 0.0, "conf": 0.0}, "3": {"acc": 0.0, "conf": 0.0}, "4": {"acc": 0.0, "conf": 0.0}, "5": {"acc": 0.0, "conf": 0.0}, "6": {"acc": 0.531, "conf": 0.550000011920929}, "7": {"acc": 0.527, "conf": 0.6520000100135803}, "8": {"acc": 0.554, "conf": 0.7519999742507935}, "9": {"acc": 0.593, "conf": 0.8560000061988831}, "10": {"acc": 0.88, "conf": 0.9829999804496765}}}, "entropy": {"mean": 0.24500000476837158, "var": 0.08799999952316284}, "var_ratio": {"mean": 0.06700000166893005, "var": 0.013000000268220901}, "std": {"mean": 0.43299999833106995, "var": 0.013000000268220901}, "nll": {"mean": 0.5370000004768372, "var": 1.4149999618530273}, "brier": {"mean": 0.14800000190734863, "var": 0.09300000220537186}, "margin": {"mean": 0.8659999966621399, "var": 0.050999999046325684}, "temperature": 2.372114419937134}}