{"acc": 0.8181448331977217, "ece": {"ece": 0.005742408353395801, "refinement": 0.12141783351623903, "bins": {"1": {"acc": 0.0, "conf": 0.0}, "2": {"acc": 0.0, "conf": 0.0}, "3": {"acc": 0.0, "conf": 0.0}, "4": {"acc": 0.375, "conf": 0.37700000405311584}, "5": {"acc": 0.461, "conf": 0.46299999952316284}, "6": {"acc": 0.539, "conf": 0.5490000247955322}, "7": {"acc": 0.648, "conf": 0.6520000100135803}, "8": {"acc": 0.757, "conf": 0.753000020980835}, "9": {"acc": 0.844, "conf": 0.8550000190734863}, "10": {"acc": 0.958, "conf": 0.9539999961853027}}}, "entropy": {"mean": 0.6790000200271606, "var": 0.17900000512599945}, "var_ratio": {"mean": 0.1809999942779541, "var": 0.027000000700354576}, "std": {"mean": 0.35199999809265137, "var": 0.010999999940395355}, "nll": {"mean": 0.4620000123977661, "var": 0.5360000133514404}, "brier": {"mean": 0.08699999749660492, "var": 0.02199999988079071}, "margin": {"mean": 0.6800000071525574, "var": 0.08399999886751175}, "temperature": 1.23}