{"val_results": {"acc": 0.8164086371969851, "ece": {"ece": 0.00839640288622271, "refinement": 0.12123908032944328, "bins": {"1": {"acc": 0.0, "conf": 0.0}, "2": {"acc": 0.0, "conf": 0.0}, "3": {"acc": 0.0, "conf": 0.0}, "4": {"acc": 0.372, "conf": 0.3779999911785126}, "5": {"acc": 0.447, "conf": 0.4620000123977661}, "6": {"acc": 0.517, "conf": 0.5509999990463257}, "7": {"acc": 0.648, "conf": 0.6499999761581421}, "8": {"acc": 0.742, "conf": 0.7519999742507935}, "9": {"acc": 0.845, "conf": 0.8550000190734863}, "10": {"acc": 0.957, "conf": 0.9539999961853027}}}, "entropy": {"mean": 0.6710000038146973, "var": 0.17599999904632568}, "var_ratio": {"mean": 0.17800000309944153, "var": 0.027000000700354576}, "std": {"mean": 0.3540000021457672, "var": 0.010999999940395355}, "nll": {"mean": 0.4650000035762787, "var": 0.5479999780654907}, "brier": {"mean": 0.08699999749660492, "var": 0.023000000044703484}, "margin": {"mean": 0.6850000023841858, "var": 0.08299999684095383}, "temperature": 1.23}, "test_result": {"acc": 0.8127356087620988, "ece": {"ece": 0.008992833284717176, "refinement": 0.12421028821985974, "bins": {"1": {"acc": 0.0, "conf": 0.0}, "2": {"acc": 0.0, "conf": 0.0}, "3": {"acc": 0.0, "conf": 0.0}, "4": {"acc": 0.312, "conf": 0.37400001287460327}, "5": {"acc": 0.438, "conf": 0.46000000834465027}, "6": {"acc": 0.548, "conf": 0.5490000247955322}, "7": {"acc": 0.645, "conf": 0.6510000228881836}, "8": {"acc": 0.729, "conf": 0.7519999742507935}, "9": {"acc": 0.836, "conf": 0.8539999723434448}, "10": {"acc": 0.956, "conf": 0.9539999961853027}}}, "entropy": {"mean": 0.6769999861717224, "var": 0.17800000309944153}, "var_ratio": {"mean": 0.18000000715255737, "var": 0.027000000700354576}, "std": {"mean": 0.3529999852180481, "var": 0.010999999940395355}, "nll": {"mean": 0.47600001096725464, "var": 0.5680000185966492}, "brier": {"mean": 0.08900000154972076, "var": 0.023000000044703484}, "margin": {"mean": 0.6809999942779541, "var": 0.08399999886751175}, "temperature": 1.23}}