{"val_results": {"acc": 0.7083333333333334, "f1": 0.8143525741029641, "acc_and_f1": 0.7613429537181488, "ece": {"ece": 0.036187651694989664, "refinement": 0.18683757420324237, "bins": {"1": {"acc": 0.0, "conf": 0.0}, "2": {"acc": 0.0, "conf": 0.0}, "3": {"acc": 0.0, "conf": 0.0}, "4": {"acc": 0.0, "conf": 0.0}, "5": {"acc": 0.0, "conf": 0.0}, "6": {"acc": 0.505, "conf": 0.550000011920929}, "7": {"acc": 0.67, "conf": 0.6489999890327454}, "8": {"acc": 0.772, "conf": 0.7559999823570251}, "9": {"acc": 0.898, "conf": 0.8270000219345093}, "10": {"acc": 0.0, "conf": 0.0}}}, "entropy": {"mean": 0.8479999899864197, "var": 0.01600000075995922}, "var_ratio": {"mean": 0.3050000071525574, "var": 0.010999999940395355}, "std": {"mean": 0.19499999284744263, "var": 0.010999999940395355}, "nll": {"mean": 0.5619999766349792, "var": 0.15800000727176666}, "brier": {"mean": 0.1899999976158142, "var": 0.03099999949336052}, "margin": {"mean": 0.38999998569488525, "var": 0.04600000008940697}, "temperature": 0.9835094809532166}, "test_results": {"acc": 0.7084057971014492, "f1": 0.8126629422718807, "acc_and_f1": 0.760534369686665, "ece": {"ece": 0.01886763417202494, "refinement": 0.19260826176366264, "bins": {"1": {"acc": 0.0, "conf": 0.0}, "2": {"acc": 0.0, "conf": 0.0}, "3": {"acc": 0.0, "conf": 0.0}, "4": {"acc": 0.0, "conf": 0.0}, "5": {"acc": 0.0, "conf": 0.0}, "6": {"acc": 0.556, "conf": 0.550000011920929}, "7": {"acc": 0.66, "conf": 0.6520000100135803}, "8": {"acc": 0.764, "conf": 0.7540000081062317}, "9": {"acc": 0.889, "conf": 0.8270000219345093}, "10": {"acc": 0.0, "conf": 0.0}}}, "entropy": {"mean": 0.8560000061988831, "var": 0.014999999664723873}, "var_ratio": {"mean": 0.3100000023841858, "var": 0.010999999940395355}, "std": {"mean": 0.1899999976158142, "var": 0.010999999940395355}, "nll": {"mean": 0.5659999847412109, "var": 0.15000000596046448}, "brier": {"mean": 0.19099999964237213, "var": 0.029999999329447746}, "margin": {"mean": 0.3790000081062317, "var": 0.04399999976158142}, "temperature": 0.9835094809532166}}