{"test_ood_results": {"acc": 0.80924, "ece": {"ece": 0.10240989487886429, "refinement": 0.1347855380109782, "bins": {"1": {"acc": 0.0, "conf": 0.0}, "2": {"acc": 0.0, "conf": 0.0}, "3": {"acc": 0.0, "conf": 0.0}, "4": {"acc": 0.0, "conf": 0.0}, "5": {"acc": 0.0, "conf": 0.0}, "6": {"acc": 0.516, "conf": 0.5519999861717224}, "7": {"acc": 0.52, "conf": 0.6510000228881836}, "8": {"acc": 0.588, "conf": 0.753000020980835}, "9": {"acc": 0.634, "conf": 0.8569999933242798}, "10": {"acc": 0.892, "conf": 0.9739999771118164}}}, "entropy": {"mean": 0.32499998807907104, "var": 0.09000000357627869}, "var_ratio": {"mean": 0.08799999952316284, "var": 0.014999999664723873}, "std": {"mean": 0.41200000047683716, "var": 0.014999999664723873}, "nll": {"mean": 0.4790000021457672, "var": 0.925000011920929}, "brier": {"mean": 0.14499999582767487, "var": 0.0820000022649765}, "margin": {"mean": 0.8230000138282776, "var": 0.05900000035762787}, "temperature": 2.718031167984009}}