{"acc": 0.5614131429617426, "ece": {"ece": 0.01951259551370358, "refinement": 0.24548978722162473, "bins": {"1": {"acc": 0.0, "conf": 0.0}, "2": {"acc": 0.0, "conf": 0.0}, "3": {"acc": 0.0, "conf": 0.0}, "4": {"acc": 0.0, "conf": 0.0}, "5": {"acc": 0.0, "conf": 0.0}, "6": {"acc": 0.555, "conf": 0.5379999876022339}, "7": {"acc": 0.685, "conf": 0.6150000095367432}, "8": {"acc": 0.0, "conf": 0.0}, "9": {"acc": 0.0, "conf": 0.0}, "10": {"acc": 0.0, "conf": 0.0}}}, "entropy": {"mean": 0.9919999837875366, "var": 0.0}, "var_ratio": {"mean": 0.4580000042915344, "var": 0.0010000000474974513}, "std": {"mean": 0.041999999433755875, "var": 0.0010000000474974513}, "nll": {"mean": 0.6830000281333923, "var": 0.009999999776482582}, "brier": {"mean": 0.24500000476837158, "var": 0.003000000026077032}, "margin": {"mean": 0.08399999886751175, "var": 0.004000000189989805}, "temperature": 1.16}