{"val_results": {"acc": 0.7058823529411765, "f1": 0.8130841121495327, "acc_and_f1": 0.7594832325453547, "ece": {"ece": 0.03825884619179891, "refinement": 0.20398267764817368, "bins": {"1": {"acc": 0.0, "conf": 0.0}, "2": {"acc": 0.0, "conf": 0.0}, "3": {"acc": 0.0, "conf": 0.0}, "4": {"acc": 0.0, "conf": 0.0}, "5": {"acc": 0.0, "conf": 0.0}, "6": {"acc": 0.638, "conf": 0.5460000038146973}, "7": {"acc": 0.66, "conf": 0.6629999876022339}, "8": {"acc": 0.761, "conf": 0.7350000143051147}, "9": {"acc": 1.0, "conf": 0.8009999990463257}, "10": {"acc": 0.0, "conf": 0.0}}}, "entropy": {"mean": 0.8939999938011169, "var": 0.004999999888241291}, "var_ratio": {"mean": 0.3310000002384186, "var": 0.007000000216066837}, "std": {"mean": 0.16899999976158142, "var": 0.007000000216066837}, "nll": {"mean": 0.6010000109672546, "var": 0.12600000202655792}, "brier": {"mean": 0.20600000023841858, "var": 0.027000000700354576}, "margin": {"mean": 0.33799999952316284, "var": 0.027000000700354576}, "temperature": 1.169430136680603}, "test_results": {"acc": 0.6805797101449276, "f1": 0.7976496511200881, "acc_and_f1": 0.7391146806325078, "ece": {"ece": 0.013333454443060864, "refinement": 0.21132587843986514, "bins": {"1": {"acc": 0.0, "conf": 0.0}, "2": {"acc": 0.0, "conf": 0.0}, "3": {"acc": 0.0, "conf": 0.0}, "4": {"acc": 0.0, "conf": 0.0}, "5": {"acc": 0.0, "conf": 0.0}, "6": {"acc": 0.531, "conf": 0.5490000247955322}, "7": {"acc": 0.686, "conf": 0.6600000262260437}, "8": {"acc": 0.737, "conf": 0.7329999804496765}, "9": {"acc": 0.667, "conf": 0.8080000281333923}, "10": {"acc": 0.0, "conf": 0.0}}}, "entropy": {"mean": 0.8920000195503235, "var": 0.004999999888241291}, "var_ratio": {"mean": 0.32499998807907104, "var": 0.006000000052154064}, "std": {"mean": 0.17499999701976776, "var": 0.006000000052154064}, "nll": {"mean": 0.6110000014305115, "var": 0.1340000033378601}, "brier": {"mean": 0.20999999344348907, "var": 0.028999999165534973}, "margin": {"mean": 0.3499999940395355, "var": 0.02199999988079071}, "temperature": 1.169430136680603}}