{"val_results": {"acc": 0.6666666666666666, "f1": 0.7988165680473374, "acc_and_f1": 0.732741617357002, "ece": {"ece": 0.04332202512259577, "refinement": 0.22083574874610878, "bins": {"1": {"acc": 0.0, "conf": 0.0}, "2": {"acc": 0.0, "conf": 0.0}, "3": {"acc": 0.0, "conf": 0.0}, "4": {"acc": 0.0, "conf": 0.0}, "5": {"acc": 0.0, "conf": 0.0}, "6": {"acc": 0.694, "conf": 0.5630000233650208}, "7": {"acc": 0.638, "conf": 0.6489999890327454}, "8": {"acc": 0.737, "conf": 0.7250000238418579}, "9": {"acc": 0.0, "conf": 0.0}, "10": {"acc": 0.0, "conf": 0.0}}}, "entropy": {"mean": 0.9350000023841858, "var": 0.0020000000949949026}, "var_ratio": {"mean": 0.3630000054836273, "var": 0.003000000026077032}, "std": {"mean": 0.13699999451637268, "var": 0.003000000026077032}, "nll": {"mean": 0.6439999938011169, "var": 0.08500000089406967}, "brier": {"mean": 0.22599999606609344, "var": 0.01899999938905239}, "margin": {"mean": 0.27399998903274536, "var": 0.013000000268220901}, "temperature": 1.3961048126220703}, "test_results": {"acc": 0.6573913043478261, "f1": 0.7909444640962151, "acc_and_f1": 0.7241678842220206, "ece": {"ece": 0.043326041111047695, "refinement": 0.2250324283426624, "bins": {"1": {"acc": 0.0, "conf": 0.0}, "2": {"acc": 0.0, "conf": 0.0}, "3": {"acc": 0.0, "conf": 0.0}, "4": {"acc": 0.0, "conf": 0.0}, "5": {"acc": 0.0, "conf": 0.0}, "6": {"acc": 0.64, "conf": 0.5630000233650208}, "7": {"acc": 0.668, "conf": 0.6480000019073486}, "8": {"acc": 0.644, "conf": 0.7269999980926514}, "9": {"acc": 0.5, "conf": 0.8019999861717224}, "10": {"acc": 0.0, "conf": 0.0}}}, "entropy": {"mean": 0.9350000023841858, "var": 0.0020000000949949026}, "var_ratio": {"mean": 0.3630000054836273, "var": 0.003000000026077032}, "std": {"mean": 0.13699999451637268, "var": 0.003000000026077032}, "nll": {"mean": 0.6480000019073486, "var": 0.08799999952316284}, "brier": {"mean": 0.2280000001192093, "var": 0.019999999552965164}, "margin": {"mean": 0.2750000059604645, "var": 0.013000000268220901}, "temperature": 1.3961048126220703}}