{"val_results": {"acc": 0.19362745098039216, "f1": 0.15424164524421594, "acc_and_f1": 0.17393454811230405, "ece": {"ece": 0.3216789621932834, "refinement": 0.156135861207228, "bins": {"1": {"acc": 0.0, "conf": 0.0}, "2": {"acc": 0.0, "conf": 0.0}, "3": {"acc": 0.0, "conf": 0.0}, "4": {"acc": 0.0, "conf": 0.0}, "5": {"acc": 0.0, "conf": 0.0}, "6": {"acc": 0.194, "conf": 0.5149999856948853}, "7": {"acc": 0.0, "conf": 0.0}, "8": {"acc": 0.0, "conf": 0.0}, "9": {"acc": 0.0, "conf": 0.0}, "10": {"acc": 0.0, "conf": 0.0}}}, "entropy": {"mean": 0.9990000128746033, "var": 0.0}, "var_ratio": {"mean": 0.48500001430511475, "var": 0.0}, "std": {"mean": 0.014999999664723873, "var": 0.0}, "nll": {"mean": 0.7170000076293945, "var": 0.0010000000474974513}, "brier": {"mean": 0.2619999945163727, "var": 0.0}, "margin": {"mean": 0.03099999949336052, "var": 0.0}, "temperature": -32.148555755615234}, "test_results": {"acc": 0.18608695652173912, "f1": 0.11919698870765369, "acc_and_f1": 0.15264197261469642, "ece": {"ece": 0.32918017719102943, "refinement": 0.1514586011342155, "bins": {"1": {"acc": 0.0, "conf": 0.0}, "2": {"acc": 0.0, "conf": 0.0}, "3": {"acc": 0.0, "conf": 0.0}, "4": {"acc": 0.0, "conf": 0.0}, "5": {"acc": 0.0, "conf": 0.0}, "6": {"acc": 0.186, "conf": 0.5149999856948853}, "7": {"acc": 0.0, "conf": 0.0}, "8": {"acc": 0.0, "conf": 0.0}, "9": {"acc": 0.0, "conf": 0.0}, "10": {"acc": 0.0, "conf": 0.0}}}, "entropy": {"mean": 0.9990000128746033, "var": 0.0}, "var_ratio": {"mean": 0.48500001430511475, "var": 0.0}, "std": {"mean": 0.014999999664723873, "var": 0.0}, "nll": {"mean": 0.7170000076293945, "var": 0.0010000000474974513}, "brier": {"mean": 0.2619999945163727, "var": 0.0}, "margin": {"mean": 0.03099999949336052, "var": 0.0}, "temperature": -32.148555755615234}}