{"val_results": {"acc": 0.9481734481734482, "ece": {"ece": 0.011806453428531878, "refinement": 0.0420813901615074, "bins": {"1": {"acc": 0.0, "conf": 0.0}, "2": {"acc": 0.0, "conf": 0.0}, "3": {"acc": 0.0, "conf": 0.0}, "4": {"acc": 0.0, "conf": 0.0}, "5": {"acc": 0.0, "conf": 0.0}, "6": {"acc": 0.543, "conf": 0.5519999861717224}, "7": {"acc": 0.57, "conf": 0.656000018119812}, "8": {"acc": 0.642, "conf": 0.7509999871253967}, "9": {"acc": 0.831, "conf": 0.8629999756813049}, "10": {"acc": 0.973, "conf": 0.9800000190734863}}}, "entropy": {"mean": 0.18299999833106995, "var": 0.04500000178813934}, "var_ratio": {"mean": 0.03999999910593033, "var": 0.006000000052154064}, "std": {"mean": 0.46000000834465027, "var": 0.006000000052154064}, "nll": {"mean": 0.1550000011920929, "var": 0.3330000042915344}, "brier": {"mean": 0.041999999433755875, "var": 0.02800000086426735}, "margin": {"mean": 0.9200000166893005, "var": 0.02199999988079071}, "temperature": 1.1921133995056152}, "test_results": {"acc": 0.9242250287026407, "ece": {"ece": 0.026296925941646877, "refinement": 0.058879827371925736, "bins": {"1": {"acc": 0.0, "conf": 0.0}, "2": {"acc": 0.0, "conf": 0.0}, "3": {"acc": 0.0, "conf": 0.0}, "4": {"acc": 0.0, "conf": 0.0}, "5": {"acc": 0.0, "conf": 0.0}, "6": {"acc": 0.438, "conf": 0.5550000071525574}, "7": {"acc": 0.625, "conf": 0.6549999713897705}, "8": {"acc": 0.786, "conf": 0.746999979019165}, "9": {"acc": 0.714, "conf": 0.8600000143051147}, "10": {"acc": 0.964, "conf": 0.9779999852180481}}}, "entropy": {"mean": 0.22200000286102295, "var": 0.057999998331069946}, "var_ratio": {"mean": 0.052000001072883606, "var": 0.00800000037997961}, "std": {"mean": 0.4480000138282776, "var": 0.00800000037997961}, "nll": {"mean": 0.21299999952316284, "var": 0.4449999928474426}, "brier": {"mean": 0.05999999865889549, "var": 0.039000000804662704}, "margin": {"mean": 0.8960000276565552, "var": 0.029999999329447746}, "temperature": 1.1921133995056152}}