{"val_results": {"acc": 0.9481734481734482, "ece": {"ece": 0.0038727826204007915, "refinement": 0.04219715448451905, "bins": {"1": {"acc": 0.0, "conf": 0.0}, "2": {"acc": 0.0, "conf": 0.0}, "3": {"acc": 0.0, "conf": 0.0}, "4": {"acc": 0.0, "conf": 0.0}, "5": {"acc": 0.0, "conf": 0.0}, "6": {"acc": 0.557, "conf": 0.550000011920929}, "7": {"acc": 0.584, "conf": 0.6520000100135803}, "8": {"acc": 0.69, "conf": 0.7490000128746033}, "9": {"acc": 0.842, "conf": 0.8610000014305115}, "10": {"acc": 0.975, "conf": 0.9750000238418579}}}, "entropy": {"mean": 0.22100000083446503, "var": 0.04800000041723251}, "var_ratio": {"mean": 0.04800000041723251, "var": 0.006000000052154064}, "std": {"mean": 0.4519999921321869, "var": 0.006000000052154064}, "nll": {"mean": 0.15299999713897705, "var": 0.2759999930858612}, "brier": {"mean": 0.04100000113248825, "var": 0.026000000536441803}, "margin": {"mean": 0.902999997138977, "var": 0.024000000208616257}, "temperature": 1.32}, "test_result": {"acc": 0.9242250287026407, "ece": {"ece": 0.017284872748137323, "refinement": 0.05878930815604598, "bins": {"1": {"acc": 0.0, "conf": 0.0}, "2": {"acc": 0.0, "conf": 0.0}, "3": {"acc": 0.0, "conf": 0.0}, "4": {"acc": 0.0, "conf": 0.0}, "5": {"acc": 0.0, "conf": 0.0}, "6": {"acc": 0.438, "conf": 0.550000011920929}, "7": {"acc": 0.682, "conf": 0.6549999713897705}, "8": {"acc": 0.774, "conf": 0.7509999871253967}, "9": {"acc": 0.75, "conf": 0.8619999885559082}, "10": {"acc": 0.969, "conf": 0.9729999899864197}}}, "entropy": {"mean": 0.2619999945163727, "var": 0.05999999865889549}, "var_ratio": {"mean": 0.061000000685453415, "var": 0.00800000037997961}, "std": {"mean": 0.4390000104904175, "var": 0.00800000037997961}, "nll": {"mean": 0.20900000631809235, "var": 0.36899998784065247}, "brier": {"mean": 0.05900000035762787, "var": 0.035999998450279236}, "margin": {"mean": 0.8769999742507935, "var": 0.032999999821186066}, "temperature": 1.32}}