{"val_results": {"acc": 0.7990196078431373, "f1": 0.8535714285714285, "acc_and_f1": 0.8262955182072829, "ece": {"ece": 0.052638150459411094, "refinement": 0.12996122321033005, "bins": {"1": {"acc": 0.0, "conf": 0.0}, "2": {"acc": 0.0, "conf": 0.0}, "3": {"acc": 0.0, "conf": 0.0}, "4": {"acc": 0.0, "conf": 0.0}, "5": {"acc": 0.0, "conf": 0.0}, "6": {"acc": 0.484, "conf": 0.5569999814033508}, "7": {"acc": 0.489, "conf": 0.6510000228881836}, "8": {"acc": 0.628, "conf": 0.7609999775886536}, "9": {"acc": 0.88, "conf": 0.8560000061988831}, "10": {"acc": 0.927, "conf": 0.9459999799728394}}}, "entropy": {"mean": 0.5519999861717224, "var": 0.07100000232458115}, "var_ratio": {"mean": 0.16099999845027924, "var": 0.01600000075995922}, "std": {"mean": 0.33899998664855957, "var": 0.01600000075995922}, "nll": {"mean": 0.4230000078678131, "var": 0.39399999380111694}, "brier": {"mean": 0.13600000739097595, "var": 0.05400000140070915}, "margin": {"mean": 0.6790000200271606, "var": 0.06599999964237213}, "temperature": 1.031794548034668}, "test_results": {"acc": 0.8197101449275362, "f1": 0.8702544847726325, "acc_and_f1": 0.8449823148500843, "ece": {"ece": 0.023005611481873887, "refinement": 0.12372990382101887, "bins": {"1": {"acc": 0.0, "conf": 0.0}, "2": {"acc": 0.0, "conf": 0.0}, "3": {"acc": 0.0, "conf": 0.0}, "4": {"acc": 0.0, "conf": 0.0}, "5": {"acc": 0.0, "conf": 0.0}, "6": {"acc": 0.473, "conf": 0.550000011920929}, "7": {"acc": 0.595, "conf": 0.6499999761581421}, "8": {"acc": 0.753, "conf": 0.753000020980835}, "9": {"acc": 0.817, "conf": 0.8510000109672546}, "10": {"acc": 0.953, "conf": 0.9449999928474426}}}, "entropy": {"mean": 0.5569999814033508, "var": 0.0729999989271164}, "var_ratio": {"mean": 0.16500000655651093, "var": 0.017999999225139618}, "std": {"mean": 0.33500000834465027, "var": 0.017999999225139618}, "nll": {"mean": 0.3959999978542328, "var": 0.3499999940395355}, "brier": {"mean": 0.125, "var": 0.04800000041723251}, "margin": {"mean": 0.6710000038146973, "var": 0.07000000029802322}, "temperature": 1.031794548034668}}