,imdb,sst-2,ag_news,trec-6,qqp,mrpc,qnli,mnli,rte,avg
bert_acc,91.7,91.9,94.19999999999999,76.9,90.3,82.3,90.60000000000001,83.7,63.3,84.989
distilbert_acc,90.4,90.2,94.3,82.1,89.3,81.0,88.3,81.5,57.3,83.822
bert_ece,0.023,0.041,0.018,0.132,0.025,0.028,0.023,0.037,0.06,0.043
distilbert_ece,0.016,0.053,0.016,0.085,0.023,0.026,0.016,0.031,0.037,0.034
