{"val_results": {"acc": 0.9434214434214434, "ece": {"ece": 0.02071567104129718, "refinement": 0.04635042383496684, "bins": {"1": {"acc": 0.0, "conf": 0.0}, "2": {"acc": 0.0, "conf": 0.0}, "3": {"acc": 0.0, "conf": 0.0}, "4": {"acc": 0.0, "conf": 0.0}, "5": {"acc": 0.0, "conf": 0.0}, "6": {"acc": 0.63, "conf": 0.5460000038146973}, "7": {"acc": 0.608, "conf": 0.6510000228881836}, "8": {"acc": 0.677, "conf": 0.7509999871253967}, "9": {"acc": 0.787, "conf": 0.8569999933242798}, "10": {"acc": 0.971, "conf": 0.9860000014305115}}}, "entropy": {"mean": 0.16200000047683716, "var": 0.05299999937415123}, "var_ratio": {"mean": 0.03799999877810478, "var": 0.007000000216066837}, "std": {"mean": 0.4620000123977661, "var": 0.007000000216066837}, "nll": {"mean": 0.17000000178813934, "var": 0.4180000126361847}, "brier": {"mean": 0.04600000008940697, "var": 0.03099999949336052}, "margin": {"mean": 0.9229999780654907, "var": 0.027000000700354576}, "temperature": 0.9939947724342346}, "test_results": {"acc": 0.8978185993111366, "ece": {"ece": 0.05192717530012951, "refinement": 0.07821679838633636, "bins": {"1": {"acc": 0.0, "conf": 0.0}, "2": {"acc": 0.0, "conf": 0.0}, "3": {"acc": 0.0, "conf": 0.0}, "4": {"acc": 0.0, "conf": 0.0}, "5": {"acc": 0.0, "conf": 0.0}, "6": {"acc": 0.522, "conf": 0.5550000071525574}, "7": {"acc": 0.667, "conf": 0.6480000019073486}, "8": {"acc": 0.514, "conf": 0.7519999742507935}, "9": {"acc": 0.772, "conf": 0.8539999723434448}, "10": {"acc": 0.943, "conf": 0.9850000143051147}}}, "entropy": {"mean": 0.1979999989271164, "var": 0.07100000232458115}, "var_ratio": {"mean": 0.050999999046325684, "var": 0.009999999776482582}, "std": {"mean": 0.4490000009536743, "var": 0.009999999776482582}, "nll": {"mean": 0.28999999165534973, "var": 0.7400000095367432}, "brier": {"mean": 0.08100000023841858, "var": 0.05299999937415123}, "margin": {"mean": 0.8980000019073486, "var": 0.039000000804662704}, "temperature": 0.9939947724342346}}