{"acc": 0.83308, "ece": {"ece": 0.06871899819374089, "refinement": 0.1208386563992051, "bins": {"1": {"acc": 0.0, "conf": 0.0}, "2": {"acc": 0.0, "conf": 0.0}, "3": {"acc": 0.0, "conf": 0.0}, "4": {"acc": 0.0, "conf": 0.0}, "5": {"acc": 0.0, "conf": 0.0}, "6": {"acc": 0.524, "conf": 0.550000011920929}, "7": {"acc": 0.565, "conf": 0.6520000100135803}, "8": {"acc": 0.64, "conf": 0.753000020980835}, "9": {"acc": 0.705, "conf": 0.8569999933242798}, "10": {"acc": 0.918, "conf": 0.968999981880188}}}, "entropy": {"mean": 0.3619999885559082, "var": 0.08699999749660492}, "var_ratio": {"mean": 0.09799999743700027, "var": 0.014999999664723873}, "std": {"mean": 0.4020000100135803, "var": 0.014999999664723873}, "nll": {"mean": 0.4090000092983246, "var": 0.6940000057220459}, "brier": {"mean": 0.125, "var": 0.06800000369548798}, "margin": {"mean": 0.8040000200271606, "var": 0.05999999865889549}, "temperature": 1.32}