{"val_results": {"acc": 0.632, "ece": {"ece": 0.08366022634506222, "refinement": 0.20141982155775257, "bins": {"1": {"acc": 0.0, "conf": 0.0}, "2": {"acc": 0.0, "conf": 0.0}, "3": {"acc": 0.0, "conf": 0.0}, "4": {"acc": 0.0, "conf": 0.0}, "5": {"acc": 0.0, "conf": 0.0}, "6": {"acc": 0.409, "conf": 0.550000011920929}, "7": {"acc": 0.615, "conf": 0.6570000052452087}, "8": {"acc": 0.759, "conf": 0.7450000047683716}, "9": {"acc": 1.0, "conf": 0.8259999752044678}, "10": {"acc": 0.0, "conf": 0.0}}}, "entropy": {"mean": 0.8960000276565552, "var": 0.010999999940395355}, "var_ratio": {"mean": 0.34299999475479126, "var": 0.009999999776482582}, "std": {"mean": 0.15700000524520874, "var": 0.009999999776482582}, "nll": {"mean": 0.6050000190734863, "var": 0.11100000143051147}, "brier": {"mean": 0.20999999344348907, "var": 0.023000000044703484}, "margin": {"mean": 0.3140000104904175, "var": 0.039000000804662704}, "bert_output": null, "gold_labels": [0, 0, 1, 0, 0, 1, 1, 0, 0, 0, 0, 1, 0, 1, 0, 0, 0, 0, 0, 1, 1, 0, 0, 0, 1, 1, 1, 0, 0, 1, 0, 1, 0, 0, 1, 1, 0, 1, 1, 1, 1, 1, 0, 0, 0, 1, 0, 0, 0, 0, 0, 1, 0, 0, 1, 1, 1, 0, 1, 1, 0, 1, 0, 1, 0, 0, 0, 1, 0, 1, 1, 1, 1, 0, 1, 1, 0, 0, 0, 1, 1, 0, 1, 1, 0, 0, 1, 1, 0, 0, 1, 1, 1, 0, 1, 0, 0, 1, 1, 1, 1, 1, 1, 1, 1, 1, 0, 1, 0, 0, 1, 0, 0, 0, 1, 1, 1, 0, 0, 0, 1, 1, 0, 0, 1], "loss": 0.6260726184102278}, "test_results": {"acc": 0.631768953068592, "ece": {"ece": 0.0458291775483087, "refinement": 0.2251032915665626, "bins": {"1": {"acc": 0.0, "conf": 0.0}, "2": {"acc": 0.0, "conf": 0.0}, "3": {"acc": 0.0, "conf": 0.0}, "4": {"acc": 0.0, "conf": 0.0}, "5": {"acc": 0.0, "conf": 0.0}, "6": {"acc": 0.519, "conf": 0.550000011920929}, "7": {"acc": 0.658, "conf": 0.652999997138977}, "8": {"acc": 0.623, "conf": 0.7379999756813049}, "9": {"acc": 0.938, "conf": 0.8309999704360962}, "10": {"acc": 0.0, "conf": 0.0}}}, "entropy": {"mean": 0.906000018119812, "var": 0.00800000037997961}, "var_ratio": {"mean": 0.34599998593330383, "var": 0.00800000037997961}, "std": {"mean": 0.15399999916553497, "var": 0.00800000037997961}, "nll": {"mean": 0.652999997138977, "var": 0.12700000405311584}, "brier": {"mean": 0.23000000417232513, "var": 0.027000000700354576}, "margin": {"mean": 0.30799999833106995, "var": 0.029999999329447746}, "bert_output": null, "gold_labels": [1, 0, 1, 1, 0, 0, 0, 0, 0, 0, 0, 1, 1, 0, 0, 1, 1, 0, 0, 1, 0, 0, 0, 0, 1, 1, 1, 0, 1, 1, 1, 0, 1, 1, 0, 1, 1, 0, 1, 1, 0, 1, 0, 0, 0, 1, 0, 1, 1, 1, 1, 0, 1, 0, 0, 1, 0, 1, 1, 0, 0, 1, 1, 0, 1, 1, 0, 0, 0, 0, 0, 0, 1, 0, 0, 1, 0, 1, 1, 0, 1, 0, 1, 1, 1, 0, 0, 1, 0, 1, 0, 1, 0, 0, 1, 1, 1, 0, 0, 0, 0, 0, 0, 0, 0, 0, 0, 1, 0, 0, 0, 0, 0, 1, 1, 0, 0, 1, 1, 1, 1, 1, 1, 0, 1, 1, 1, 1, 0, 0, 1, 0, 0, 1, 0, 0, 1, 0, 1, 1, 1, 0, 1, 0, 1, 0, 0, 1, 0, 0, 1, 1, 0, 0, 0, 0, 1, 0, 1, 1, 0, 0, 1, 1, 0, 0, 1, 1, 1, 1, 0, 0, 1, 0, 0, 0, 0, 0, 1, 1, 0, 0, 1, 1, 0, 0, 0, 0, 0, 0, 1, 0, 1, 0, 1, 0, 1, 0, 1, 1, 0, 0, 0, 1, 0, 1, 1, 1, 1, 1, 0, 0, 0, 1, 0, 1, 0, 1, 1, 0, 0, 0, 1, 1, 0, 1, 0, 0, 1, 0, 1, 0, 1, 1, 0, 0, 1, 0, 1, 1, 0, 0, 1, 1, 1, 1, 1, 0, 1, 1, 1, 0, 1, 0, 1, 0, 0, 0, 1, 0, 0, 1, 0, 0, 1, 1, 0, 1, 0, 1, 1, 1, 0, 0, 0, 0, 1], "loss": 0.6753723541588065}}