{"val_results": {"acc": 0.64, "ece": {"ece": 0.024751377582550044, "refinement": 0.21785281385281388, "bins": {"1": {"acc": 0.0, "conf": 0.0}, "2": {"acc": 0.0, "conf": 0.0}, "3": {"acc": 0.0, "conf": 0.0}, "4": {"acc": 0.0, "conf": 0.0}, "5": {"acc": 0.0, "conf": 0.0}, "6": {"acc": 0.536, "conf": 0.5559999942779541}, "7": {"acc": 0.667, "conf": 0.6449999809265137}, "8": {"acc": 0.818, "conf": 0.7409999966621399}, "9": {"acc": 0.833, "conf": 0.8410000205039978}, "10": {"acc": 1.0, "conf": 0.9240000247955322}}}, "entropy": {"mean": 0.9160000085830688, "var": 0.014000000432133675}, "var_ratio": {"mean": 0.36500000953674316, "var": 0.008999999612569809}, "std": {"mean": 0.13500000536441803, "var": 0.008999999612569809}, "nll": {"mean": 0.6240000128746033, "var": 0.0949999988079071}, "brier": {"mean": 0.21799999475479126, "var": 0.01899999938905239}, "margin": {"mean": 0.26899999380111694, "var": 0.03700000047683716}, "bert_output": null, "gold_labels": [0, 0, 1, 0, 0, 1, 1, 0, 0, 0, 0, 1, 0, 1, 0, 0, 0, 0, 0, 1, 1, 0, 0, 0, 1, 1, 1, 0, 0, 1, 0, 1, 0, 0, 1, 1, 0, 1, 1, 1, 1, 1, 0, 0, 0, 1, 0, 0, 0, 0, 0, 1, 0, 0, 1, 1, 1, 0, 1, 1, 0, 1, 0, 1, 0, 0, 0, 1, 0, 1, 1, 1, 1, 0, 1, 1, 0, 0, 0, 1, 1, 0, 1, 1, 0, 0, 1, 1, 0, 0, 1, 1, 1, 0, 1, 0, 0, 1, 1, 1, 1, 1, 1, 1, 1, 1, 0, 1, 0, 0, 1, 0, 0, 0, 1, 1, 1, 0, 0, 0, 1, 1, 0, 0, 1], "loss": 0.6305413477950625}, "test_results": {"acc": 0.5956678700361011, "ece": {"ece": 0.026104302828062323, "refinement": 0.23248907879800146, "bins": {"1": {"acc": 0.0, "conf": 0.0}, "2": {"acc": 0.0, "conf": 0.0}, "3": {"acc": 0.0, "conf": 0.0}, "4": {"acc": 0.0, "conf": 0.0}, "5": {"acc": 0.0, "conf": 0.0}, "6": {"acc": 0.528, "conf": 0.5529999732971191}, "7": {"acc": 0.617, "conf": 0.6399999856948853}, "8": {"acc": 0.696, "conf": 0.7509999871253967}, "9": {"acc": 0.857, "conf": 0.8529999852180481}, "10": {"acc": 1.0, "conf": 0.906000018119812}}}, "entropy": {"mean": 0.9300000071525574, "var": 0.010999999940395355}, "var_ratio": {"mean": 0.37599998712539673, "var": 0.00800000037997961}, "std": {"mean": 0.12399999797344208, "var": 0.00800000037997961}, "nll": {"mean": 0.6549999713897705, "var": 0.08399999886751175}, "brier": {"mean": 0.23199999332427979, "var": 0.017999999225139618}, "margin": {"mean": 0.24699999392032623, "var": 0.03099999949336052}, "bert_output": null, "gold_labels": [1, 0, 1, 1, 0, 0, 0, 0, 0, 0, 0, 1, 1, 0, 0, 1, 1, 0, 0, 1, 0, 0, 0, 0, 1, 1, 1, 0, 1, 1, 1, 0, 1, 1, 0, 1, 1, 0, 1, 1, 0, 1, 0, 0, 0, 1, 0, 1, 1, 1, 1, 0, 1, 0, 0, 1, 0, 1, 1, 0, 0, 1, 1, 0, 1, 1, 0, 0, 0, 0, 0, 0, 1, 0, 0, 1, 0, 1, 1, 0, 1, 0, 1, 1, 1, 0, 0, 1, 0, 1, 0, 1, 0, 0, 1, 1, 1, 0, 0, 0, 0, 0, 0, 0, 0, 0, 0, 1, 0, 0, 0, 0, 0, 1, 1, 0, 0, 1, 1, 1, 1, 1, 1, 0, 1, 1, 1, 1, 0, 0, 1, 0, 0, 1, 0, 0, 1, 0, 1, 1, 1, 0, 1, 0, 1, 0, 0, 1, 0, 0, 1, 1, 0, 0, 0, 0, 1, 0, 1, 1, 0, 0, 1, 1, 0, 0, 1, 1, 1, 1, 0, 0, 1, 0, 0, 0, 0, 0, 1, 1, 0, 0, 1, 1, 0, 0, 0, 0, 0, 0, 1, 0, 1, 0, 1, 0, 1, 0, 1, 1, 0, 0, 0, 1, 0, 1, 1, 1, 1, 1, 0, 0, 0, 1, 0, 1, 0, 1, 1, 0, 0, 0, 1, 1, 0, 1, 0, 0, 1, 0, 1, 0, 1, 1, 0, 0, 1, 0, 1, 1, 0, 0, 1, 1, 1, 1, 1, 0, 1, 1, 1, 0, 1, 0, 1, 0, 0, 0, 1, 0, 0, 1, 0, 0, 1, 1, 0, 1, 0, 1, 1, 1, 0, 0, 0, 0, 1], "loss": 0.6689915127224393}}