{"test_ood_results": {"acc": 0.82696, "ece": {"ece": 0.09492874135971067, "refinement": 0.12638514540771065, "bins": {"1": {"acc": 0.0, "conf": 0.0}, "2": {"acc": 0.0, "conf": 0.0}, "3": {"acc": 0.0, "conf": 0.0}, "4": {"acc": 0.0, "conf": 0.0}, "5": {"acc": 0.0, "conf": 0.0}, "6": {"acc": 0.553, "conf": 0.5509999990463257}, "7": {"acc": 0.546, "conf": 0.6499999761581421}, "8": {"acc": 0.57, "conf": 0.7519999742507935}, "9": {"acc": 0.655, "conf": 0.8560000061988831}, "10": {"acc": 0.897, "conf": 0.9779999852180481}}}, "entropy": {"mean": 0.2879999876022339, "var": 0.08900000154972076}, "var_ratio": {"mean": 0.07800000160932541, "var": 0.014000000432133675}, "std": {"mean": 0.421999990940094, "var": 0.014000000432133675}, "nll": {"mean": 0.4650000035762787, "var": 1.0369999408721924}, "brier": {"mean": 0.13500000536441803, "var": 0.08100000023841858}, "margin": {"mean": 0.8429999947547913, "var": 0.0560000017285347}, "temperature": 2.8508381843566895}}