{"val_results": {"acc": 0.616, "ece": {"ece": 0.14715420627593995, "refinement": 0.18946048126048126, "bins": {"1": {"acc": 0.0, "conf": 0.0}, "2": {"acc": 0.0, "conf": 0.0}, "3": {"acc": 0.0, "conf": 0.0}, "4": {"acc": 0.0, "conf": 0.0}, "5": {"acc": 0.0, "conf": 0.0}, "6": {"acc": 0.458, "conf": 0.5509999990463257}, "7": {"acc": 0.432, "conf": 0.6539999842643738}, "8": {"acc": 0.829, "conf": 0.7350000143051147}, "9": {"acc": 0.455, "conf": 0.8389999866485596}, "10": {"acc": 0.944, "conf": 0.9190000295639038}}}, "entropy": {"mean": 0.8109999895095825, "var": 0.039000000804662704}, "var_ratio": {"mean": 0.289000004529953, "var": 0.014000000432133675}, "std": {"mean": 0.210999995470047, "var": 0.014000000432133675}, "nll": {"mean": 0.6309999823570251, "var": 0.24500000476837158}, "brier": {"mean": 0.22100000083446503, "var": 0.041999999433755875}, "margin": {"mean": 0.4230000078678131, "var": 0.057999998331069946}, "bert_output": null, "gold_labels": [0, 0, 1, 0, 0, 1, 1, 0, 0, 0, 0, 1, 0, 1, 0, 0, 0, 0, 0, 1, 1, 0, 0, 0, 1, 1, 1, 0, 0, 1, 0, 1, 0, 0, 1, 1, 0, 1, 1, 1, 1, 1, 0, 0, 0, 1, 0, 0, 0, 0, 0, 1, 0, 0, 1, 1, 1, 0, 1, 1, 0, 1, 0, 1, 0, 0, 0, 1, 0, 1, 1, 1, 1, 0, 1, 1, 0, 0, 0, 1, 1, 0, 1, 1, 0, 0, 1, 1, 0, 0, 1, 1, 1, 0, 1, 0, 0, 1, 1, 1, 1, 1, 1, 1, 1, 1, 0, 1, 0, 0, 1, 0, 0, 0, 1, 1, 1, 0, 0, 0, 1, 1, 0, 0, 1]}, "test_results": {"acc": 0.6570397111913358, "ece": {"ece": 0.05576741458706904, "refinement": 0.22156046894965992, "bins": {"1": {"acc": 0.0, "conf": 0.0}, "2": {"acc": 0.0, "conf": 0.0}, "3": {"acc": 0.0, "conf": 0.0}, "4": {"acc": 0.0, "conf": 0.0}, "5": {"acc": 0.0, "conf": 0.0}, "6": {"acc": 0.549, "conf": 0.5590000152587891}, "7": {"acc": 0.638, "conf": 0.6589999794960022}, "8": {"acc": 0.701, "conf": 0.7269999980926514}, "9": {"acc": 0.641, "conf": 0.8569999933242798}, "10": {"acc": 0.808, "conf": 0.9169999957084656}}}, "entropy": {"mean": 0.8199999928474426, "var": 0.03400000184774399}, "var_ratio": {"mean": 0.29100000858306885, "var": 0.013000000268220901}, "std": {"mean": 0.20900000631809235, "var": 0.013000000268220901}, "nll": {"mean": 0.6679999828338623, "var": 0.2919999957084656}, "brier": {"mean": 0.23199999332427979, "var": 0.04800000041723251}, "margin": {"mean": 0.4180000126361847, "var": 0.052000001072883606}, "bert_output": null, "gold_labels": [1, 0, 1, 1, 0, 0, 0, 0, 0, 0, 0, 1, 1, 0, 0, 1, 1, 0, 0, 1, 0, 0, 0, 0, 1, 1, 1, 0, 1, 1, 1, 0, 1, 1, 0, 1, 1, 0, 1, 1, 0, 1, 0, 0, 0, 1, 0, 1, 1, 1, 1, 0, 1, 0, 0, 1, 0, 1, 1, 0, 0, 1, 1, 0, 1, 1, 0, 0, 0, 0, 0, 0, 1, 0, 0, 1, 0, 1, 1, 0, 1, 0, 1, 1, 1, 0, 0, 1, 0, 1, 0, 1, 0, 0, 1, 1, 1, 0, 0, 0, 0, 0, 0, 0, 0, 0, 0, 1, 0, 0, 0, 0, 0, 1, 1, 0, 0, 1, 1, 1, 1, 1, 1, 0, 1, 1, 1, 1, 0, 0, 1, 0, 0, 1, 0, 0, 1, 0, 1, 1, 1, 0, 1, 0, 1, 0, 0, 1, 0, 0, 1, 1, 0, 0, 0, 0, 1, 0, 1, 1, 0, 0, 1, 1, 0, 0, 1, 1, 1, 1, 0, 0, 1, 0, 0, 0, 0, 0, 1, 1, 0, 0, 1, 1, 0, 0, 0, 0, 0, 0, 1, 0, 1, 0, 1, 0, 1, 0, 1, 1, 0, 0, 0, 1, 0, 1, 1, 1, 1, 1, 0, 0, 0, 1, 0, 1, 0, 1, 1, 0, 0, 0, 1, 1, 0, 1, 0, 0, 1, 0, 1, 0, 1, 1, 0, 0, 1, 0, 1, 1, 0, 0, 1, 1, 1, 1, 1, 0, 1, 1, 1, 0, 1, 0, 1, 0, 0, 0, 1, 0, 0, 1, 0, 0, 1, 1, 0, 1, 0, 1, 1, 1, 0, 0, 0, 0, 1]}}