{"val_results": {"acc": 0.656, "ece": {"ece": 0.058739068031311036, "refinement": 0.22307474709433092, "bins": {"1": {"acc": 0.0, "conf": 0.0}, "2": {"acc": 0.0, "conf": 0.0}, "3": {"acc": 0.0, "conf": 0.0}, "4": {"acc": 0.0, "conf": 0.0}, "5": {"acc": 0.0, "conf": 0.0}, "6": {"acc": 0.628, "conf": 0.5529999732971191}, "7": {"acc": 0.632, "conf": 0.6570000052452087}, "8": {"acc": 0.654, "conf": 0.7419999837875366}, "9": {"acc": 0.778, "conf": 0.8270000219345093}, "10": {"acc": 0.0, "conf": 0.0}}}, "entropy": {"mean": 0.8880000114440918, "var": 0.013000000268220901}, "var_ratio": {"mean": 0.3370000123977661, "var": 0.009999999776482582}, "std": {"mean": 0.16300000250339508, "var": 0.009999999776482582}, "nll": {"mean": 0.6430000066757202, "var": 0.14900000393390656}, "brier": {"mean": 0.22599999606609344, "var": 0.029999999329447746}, "margin": {"mean": 0.32600000500679016, "var": 0.04100000113248825}, "bert_output": null, "gold_labels": [0, 0, 1, 0, 0, 1, 1, 0, 0, 0, 0, 1, 0, 1, 0, 0, 0, 0, 0, 1, 1, 0, 0, 0, 1, 1, 1, 0, 0, 1, 0, 1, 0, 0, 1, 1, 0, 1, 1, 1, 1, 1, 0, 0, 0, 1, 0, 0, 0, 0, 0, 1, 0, 0, 1, 1, 1, 0, 1, 1, 0, 1, 0, 1, 0, 0, 0, 1, 0, 1, 1, 1, 1, 0, 1, 1, 0, 0, 0, 1, 1, 0, 1, 1, 0, 0, 1, 1, 0, 0, 1, 1, 1, 0, 1, 0, 0, 1, 1, 1, 1, 1, 1, 1, 1, 1, 0, 1, 0, 0, 1, 0, 0, 0, 1, 1, 1, 0, 0, 0, 1, 1, 0, 0, 1]}, "test_results": {"acc": 0.6498194945848376, "ece": {"ece": 0.06417037455183504, "refinement": 0.22401516177067823, "bins": {"1": {"acc": 0.0, "conf": 0.0}, "2": {"acc": 0.0, "conf": 0.0}, "3": {"acc": 0.0, "conf": 0.0}, "4": {"acc": 0.0, "conf": 0.0}, "5": {"acc": 0.0, "conf": 0.0}, "6": {"acc": 0.578, "conf": 0.546999990940094}, "7": {"acc": 0.7, "conf": 0.6600000262260437}, "8": {"acc": 0.618, "conf": 0.7440000176429749}, "9": {"acc": 0.8, "conf": 0.8299999833106995}, "10": {"acc": 0.0, "conf": 0.0}}}, "entropy": {"mean": 0.8849999904632568, "var": 0.010999999940395355}, "var_ratio": {"mean": 0.3319999873638153, "var": 0.008999999612569809}, "std": {"mean": 0.1679999977350235, "var": 0.008999999612569809}, "nll": {"mean": 0.6510000228881836, "var": 0.15700000524520874}, "brier": {"mean": 0.2290000021457672, "var": 0.03200000151991844}, "margin": {"mean": 0.3370000123977661, "var": 0.03799999877810478}, "bert_output": null, "gold_labels": [1, 0, 1, 1, 0, 0, 0, 0, 0, 0, 0, 1, 1, 0, 0, 1, 1, 0, 0, 1, 0, 0, 0, 0, 1, 1, 1, 0, 1, 1, 1, 0, 1, 1, 0, 1, 1, 0, 1, 1, 0, 1, 0, 0, 0, 1, 0, 1, 1, 1, 1, 0, 1, 0, 0, 1, 0, 1, 1, 0, 0, 1, 1, 0, 1, 1, 0, 0, 0, 0, 0, 0, 1, 0, 0, 1, 0, 1, 1, 0, 1, 0, 1, 1, 1, 0, 0, 1, 0, 1, 0, 1, 0, 0, 1, 1, 1, 0, 0, 0, 0, 0, 0, 0, 0, 0, 0, 1, 0, 0, 0, 0, 0, 1, 1, 0, 0, 1, 1, 1, 1, 1, 1, 0, 1, 1, 1, 1, 0, 0, 1, 0, 0, 1, 0, 0, 1, 0, 1, 1, 1, 0, 1, 0, 1, 0, 0, 1, 0, 0, 1, 1, 0, 0, 0, 0, 1, 0, 1, 1, 0, 0, 1, 1, 0, 0, 1, 1, 1, 1, 0, 0, 1, 0, 0, 0, 0, 0, 1, 1, 0, 0, 1, 1, 0, 0, 0, 0, 0, 0, 1, 0, 1, 0, 1, 0, 1, 0, 1, 1, 0, 0, 0, 1, 0, 1, 1, 1, 1, 1, 0, 0, 0, 1, 0, 1, 0, 1, 1, 0, 0, 0, 1, 1, 0, 1, 0, 0, 1, 0, 1, 0, 1, 1, 0, 0, 1, 0, 1, 1, 0, 0, 1, 1, 1, 1, 1, 0, 1, 1, 1, 0, 1, 0, 1, 0, 0, 0, 1, 0, 0, 1, 0, 0, 1, 1, 0, 1, 0, 1, 1, 1, 0, 0, 0, 0, 1]}}