{"val_results": {"acc": 0.632, "ece": {"ece": 0.060399011135101294, "refinement": 0.210403080872914, "bins": {"1": {"acc": 0.0, "conf": 0.0}, "2": {"acc": 0.0, "conf": 0.0}, "3": {"acc": 0.0, "conf": 0.0}, "4": {"acc": 0.0, "conf": 0.0}, "5": {"acc": 0.0, "conf": 0.0}, "6": {"acc": 0.463, "conf": 0.5509999990463257}, "7": {"acc": 0.667, "conf": 0.652999997138977}, "8": {"acc": 0.684, "conf": 0.7540000081062317}, "9": {"acc": 1.0, "conf": 0.8289999961853027}, "10": {"acc": 0.0, "conf": 0.0}}}, "entropy": {"mean": 0.906000018119812, "var": 0.010999999940395355}, "var_ratio": {"mean": 0.3499999940395355, "var": 0.00800000037997961}, "std": {"mean": 0.15000000596046448, "var": 0.00800000037997961}, "nll": {"mean": 0.6169999837875366, "var": 0.10599999874830246}, "brier": {"mean": 0.2150000035762787, "var": 0.02199999988079071}, "margin": {"mean": 0.3009999990463257, "var": 0.03400000184774399}, "temperature": 1.2642756700515747}, "test_results": {"acc": 0.6462093862815884, "ece": {"ece": 0.031471642346158346, "refinement": 0.22209177567106597, "bins": {"1": {"acc": 0.0, "conf": 0.0}, "2": {"acc": 0.0, "conf": 0.0}, "3": {"acc": 0.0, "conf": 0.0}, "4": {"acc": 0.0, "conf": 0.0}, "5": {"acc": 0.0, "conf": 0.0}, "6": {"acc": 0.533, "conf": 0.550000011920929}, "7": {"acc": 0.691, "conf": 0.6520000100135803}, "8": {"acc": 0.704, "conf": 0.7440000176429749}, "9": {"acc": 0.8, "conf": 0.8190000057220459}, "10": {"acc": 0.0, "conf": 0.0}}}, "entropy": {"mean": 0.9179999828338623, "var": 0.006000000052154064}, "var_ratio": {"mean": 0.3569999933242798, "var": 0.007000000216066837}, "std": {"mean": 0.14300000667572021, "var": 0.007000000216066837}, "nll": {"mean": 0.6370000243186951, "var": 0.10599999874830246}, "brier": {"mean": 0.22300000488758087, "var": 0.023000000044703484}, "margin": {"mean": 0.28600001335144043, "var": 0.027000000700354576}, "temperature": 1.2642756700515747}}