{"test_ood_results": {"acc": 0.4981949458483754, "ece": {"ece": 0.33948024128318266, "refinement": 0.2483941491161708, "bins": {"1": {"acc": 0.0, "conf": 0.0}, "2": {"acc": 0.0, "conf": 0.0}, "3": {"acc": 0.0, "conf": 0.0}, "4": {"acc": 0.0, "conf": 0.0}, "5": {"acc": 0.0, "conf": 0.0}, "6": {"acc": 0.615, "conf": 0.5440000295639038}, "7": {"acc": 0.515, "conf": 0.6489999890327454}, "8": {"acc": 0.472, "conf": 0.7570000290870667}, "9": {"acc": 0.473, "conf": 0.8550000190734863}, "10": {"acc": 0.491, "conf": 0.9470000267028809}}}, "entropy": {"mean": 0.5789999961853027, "var": 0.07599999755620956}, "var_ratio": {"mean": 0.17599999904632568, "var": 0.017999999225139618}, "std": {"mean": 0.3240000009536743, "var": 0.017999999225139618}, "nll": {"mean": 1.1720000505447388, "var": 1.3209999799728394}, "brier": {"mean": 0.38199999928474426, "var": 0.12999999523162842}, "margin": {"mean": 0.6480000019073486, "var": 0.07400000095367432}, "temperature": 3.345552921295166}}