{"acc": 0.5975018550581251, "f1": 0.620419397728068, "acc_and_f1": 0.6089606263930966, "ece": {"ece": 0.1357672669717707, "refinement": 0.23815093057405634, "bins": {"1": {"acc": 0.0, "conf": 0.0}, "2": {"acc": 0.0, "conf": 0.0}, "3": {"acc": 0.0, "conf": 0.0}, "4": {"acc": 0.0, "conf": 0.0}, "5": {"acc": 0.0, "conf": 0.0}, "6": {"acc": 0.524, "conf": 0.5509999990463257}, "7": {"acc": 0.604, "conf": 0.6520000100135803}, "8": {"acc": 0.649, "conf": 0.7519999742507935}, "9": {"acc": 0.61, "conf": 0.8489999771118164}, "10": {"acc": 0.499, "conf": 0.9190000295639038}}}, "entropy": {"mean": 0.7829999923706055, "var": 0.03200000151991844}, "var_ratio": {"mean": 0.2669999897480011, "var": 0.014000000432133675}, "std": {"mean": 0.2329999953508377, "var": 0.014000000432133675}, "nll": {"mean": 0.765999972820282, "var": 0.4300000071525574}, "brier": {"mean": 0.26899999380111694, "var": 0.06700000166893005}, "margin": {"mean": 0.46700000762939453, "var": 0.0560000017285347}, "temperature": 1.21}