{"val_results": {"acc": 0.656, "ece": {"ece": 0.07364658975601199, "refinement": 0.21108874643874642, "bins": {"1": {"acc": 0.0, "conf": 0.0}, "2": {"acc": 0.0, "conf": 0.0}, "3": {"acc": 0.0, "conf": 0.0}, "4": {"acc": 0.0, "conf": 0.0}, "5": {"acc": 0.0, "conf": 0.0}, "6": {"acc": 0.462, "conf": 0.5370000004768372}, "7": {"acc": 0.531, "conf": 0.652999997138977}, "8": {"acc": 0.688, "conf": 0.7490000128746033}, "9": {"acc": 0.815, "conf": 0.8429999947547913}, "10": {"acc": 0.8, "conf": 0.9229999780654907}}}, "entropy": {"mean": 0.8019999861717224, "var": 0.024000000208616257}, "var_ratio": {"mean": 0.27000001072883606, "var": 0.010999999940395355}, "std": {"mean": 0.23000000417232513, "var": 0.010999999940395355}, "nll": {"mean": 0.6209999918937683, "var": 0.2619999945163727}, "brier": {"mean": 0.2150000035762787, "var": 0.04699999839067459}, "margin": {"mean": 0.45899999141693115, "var": 0.041999999433755875}, "bert_output": null, "gold_labels": [0, 0, 1, 0, 0, 1, 1, 0, 0, 0, 0, 1, 0, 1, 0, 0, 0, 0, 0, 1, 1, 0, 0, 0, 1, 1, 1, 0, 0, 1, 0, 1, 0, 0, 1, 1, 0, 1, 1, 1, 1, 1, 0, 0, 0, 1, 0, 0, 0, 0, 0, 1, 0, 0, 1, 1, 1, 0, 1, 1, 0, 1, 0, 1, 0, 0, 0, 1, 0, 1, 1, 1, 1, 0, 1, 1, 0, 0, 0, 1, 1, 0, 1, 1, 0, 0, 1, 1, 0, 0, 1, 1, 1, 0, 1, 0, 0, 1, 1, 1, 1, 1, 1, 1, 1, 1, 0, 1, 0, 0, 1, 0, 0, 0, 1, 1, 1, 0, 0, 0, 1, 1, 0, 0, 1]}, "test_results": {"acc": 0.5992779783393501, "ece": {"ece": 0.13819330199100477, "refinement": 0.23436300217217015, "bins": {"1": {"acc": 0.0, "conf": 0.0}, "2": {"acc": 0.0, "conf": 0.0}, "3": {"acc": 0.0, "conf": 0.0}, "4": {"acc": 0.0, "conf": 0.0}, "5": {"acc": 0.0, "conf": 0.0}, "6": {"acc": 0.442, "conf": 0.5559999942779541}, "7": {"acc": 0.59, "conf": 0.6520000100135803}, "8": {"acc": 0.604, "conf": 0.7559999823570251}, "9": {"acc": 0.681, "conf": 0.8330000042915344}, "10": {"acc": 0.667, "conf": 0.9200000166893005}}}, "entropy": {"mean": 0.7900000214576721, "var": 0.023000000044703484}, "var_ratio": {"mean": 0.2630000114440918, "var": 0.010999999940395355}, "std": {"mean": 0.2370000034570694, "var": 0.010999999940395355}, "nll": {"mean": 0.7170000076293945, "var": 0.3529999852180481}, "brier": {"mean": 0.2540000081062317, "var": 0.061000000685453415}, "margin": {"mean": 0.4749999940395355, "var": 0.0430000014603138}, "bert_output": null, "gold_labels": [1, 0, 1, 1, 0, 0, 0, 0, 0, 0, 0, 1, 1, 0, 0, 1, 1, 0, 0, 1, 0, 0, 0, 0, 1, 1, 1, 0, 1, 1, 1, 0, 1, 1, 0, 1, 1, 0, 1, 1, 0, 1, 0, 0, 0, 1, 0, 1, 1, 1, 1, 0, 1, 0, 0, 1, 0, 1, 1, 0, 0, 1, 1, 0, 1, 1, 0, 0, 0, 0, 0, 0, 1, 0, 0, 1, 0, 1, 1, 0, 1, 0, 1, 1, 1, 0, 0, 1, 0, 1, 0, 1, 0, 0, 1, 1, 1, 0, 0, 0, 0, 0, 0, 0, 0, 0, 0, 1, 0, 0, 0, 0, 0, 1, 1, 0, 0, 1, 1, 1, 1, 1, 1, 0, 1, 1, 1, 1, 0, 0, 1, 0, 0, 1, 0, 0, 1, 0, 1, 1, 1, 0, 1, 0, 1, 0, 0, 1, 0, 0, 1, 1, 0, 0, 0, 0, 1, 0, 1, 1, 0, 0, 1, 1, 0, 0, 1, 1, 1, 1, 0, 0, 1, 0, 0, 0, 0, 0, 1, 1, 0, 0, 1, 1, 0, 0, 0, 0, 0, 0, 1, 0, 1, 0, 1, 0, 1, 0, 1, 1, 0, 0, 0, 1, 0, 1, 1, 1, 1, 1, 0, 0, 0, 1, 0, 1, 0, 1, 1, 0, 0, 0, 1, 1, 0, 1, 0, 0, 1, 0, 1, 0, 1, 1, 0, 0, 1, 0, 1, 1, 0, 0, 1, 1, 1, 1, 1, 0, 1, 1, 1, 0, 1, 0, 1, 0, 0, 0, 1, 0, 0, 1, 0, 0, 1, 1, 0, 1, 0, 1, 1, 1, 0, 0, 0, 0, 1]}}