{"val_results": {"acc": 0.584, "ece": {"ece": 0.05256314659118652, "refinement": 0.23829110512129378, "bins": {"1": {"acc": 0.0, "conf": 0.0}, "2": {"acc": 0.0, "conf": 0.0}, "3": {"acc": 0.0, "conf": 0.0}, "4": {"acc": 0.0, "conf": 0.0}, "5": {"acc": 0.0, "conf": 0.0}, "6": {"acc": 0.5, "conf": 0.546999990940094}, "7": {"acc": 0.604, "conf": 0.6480000019073486}, "8": {"acc": 0.679, "conf": 0.7369999885559082}, "9": {"acc": 0.5, "conf": 0.8080000281333923}, "10": {"acc": 0.0, "conf": 0.0}}}, "entropy": {"mean": 0.9259999990463257, "var": 0.004999999888241291}, "var_ratio": {"mean": 0.3630000054836273, "var": 0.006000000052154064}, "std": {"mean": 0.13699999451637268, "var": 0.006000000052154064}, "nll": {"mean": 0.6700000166893005, "var": 0.10300000011920929}, "brier": {"mean": 0.23800000548362732, "var": 0.02199999988079071}, "margin": {"mean": 0.27300000190734863, "var": 0.02500000037252903}, "bert_output": null, "gold_labels": [0, 0, 1, 0, 0, 1, 1, 0, 0, 0, 0, 1, 0, 1, 0, 0, 0, 0, 0, 1, 1, 0, 0, 0, 1, 1, 1, 0, 0, 1, 0, 1, 0, 0, 1, 1, 0, 1, 1, 1, 1, 1, 0, 0, 0, 1, 0, 0, 0, 0, 0, 1, 0, 0, 1, 1, 1, 0, 1, 1, 0, 1, 0, 1, 0, 0, 0, 1, 0, 1, 1, 1, 1, 0, 1, 1, 0, 0, 0, 1, 1, 0, 1, 1, 0, 0, 1, 1, 0, 0, 1, 1, 1, 0, 1, 0, 0, 1, 1, 1, 1, 1, 1, 1, 1, 1, 0, 1, 0, 0, 1, 0, 0, 0, 1, 1, 1, 0, 0, 0, 1, 1, 0, 0, 1], "loss": 0.672287033200264}, "test_results": {"acc": 0.5884476534296029, "ece": {"ece": 0.056463393063321446, "refinement": 0.23834601438372405, "bins": {"1": {"acc": 0.0, "conf": 0.0}, "2": {"acc": 0.0, "conf": 0.0}, "3": {"acc": 0.0, "conf": 0.0}, "4": {"acc": 0.0, "conf": 0.0}, "5": {"acc": 0.0, "conf": 0.0}, "6": {"acc": 0.57, "conf": 0.5490000247955322}, "7": {"acc": 0.574, "conf": 0.6510000228881836}, "8": {"acc": 0.657, "conf": 0.7350000143051147}, "9": {"acc": 1.0, "conf": 0.8159999847412109}, "10": {"acc": 0.0, "conf": 0.0}}}, "entropy": {"mean": 0.9279999732971191, "var": 0.004999999888241291}, "var_ratio": {"mean": 0.367000013589859, "var": 0.006000000052154064}, "std": {"mean": 0.13300000131130219, "var": 0.006000000052154064}, "nll": {"mean": 0.6759999990463257, "var": 0.0989999994635582}, "brier": {"mean": 0.2409999966621399, "var": 0.02199999988079071}, "margin": {"mean": 0.26600000262260437, "var": 0.02500000037252903}, "bert_output": null, "gold_labels": [1, 0, 1, 1, 0, 0, 0, 0, 0, 0, 0, 1, 1, 0, 0, 1, 1, 0, 0, 1, 0, 0, 0, 0, 1, 1, 1, 0, 1, 1, 1, 0, 1, 1, 0, 1, 1, 0, 1, 1, 0, 1, 0, 0, 0, 1, 0, 1, 1, 1, 1, 0, 1, 0, 0, 1, 0, 1, 1, 0, 0, 1, 1, 0, 1, 1, 0, 0, 0, 0, 0, 0, 1, 0, 0, 1, 0, 1, 1, 0, 1, 0, 1, 1, 1, 0, 0, 1, 0, 1, 0, 1, 0, 0, 1, 1, 1, 0, 0, 0, 0, 0, 0, 0, 0, 0, 0, 1, 0, 0, 0, 0, 0, 1, 1, 0, 0, 1, 1, 1, 1, 1, 1, 0, 1, 1, 1, 1, 0, 0, 1, 0, 0, 1, 0, 0, 1, 0, 1, 1, 1, 0, 1, 0, 1, 0, 0, 1, 0, 0, 1, 1, 0, 0, 0, 0, 1, 0, 1, 1, 0, 0, 1, 1, 0, 0, 1, 1, 1, 1, 0, 0, 1, 0, 0, 0, 0, 0, 1, 1, 0, 0, 1, 1, 0, 0, 0, 0, 0, 0, 1, 0, 1, 0, 1, 0, 1, 0, 1, 1, 0, 0, 0, 1, 0, 1, 1, 1, 1, 1, 0, 0, 0, 1, 0, 1, 0, 1, 1, 0, 0, 0, 1, 1, 0, 1, 0, 0, 1, 0, 1, 0, 1, 1, 0, 0, 1, 0, 1, 1, 0, 0, 1, 1, 1, 1, 1, 0, 1, 1, 1, 0, 1, 0, 1, 0, 0, 0, 1, 0, 0, 1, 0, 0, 1, 1, 0, 1, 0, 1, 1, 1, 0, 0, 0, 0, 1], "loss": 0.6844284802675247}}