{"val_results": {"acc": 0.672, "ece": {"ece": 0.0636332812309265, "refinement": 0.21388796569284377, "bins": {"1": {"acc": 0.0, "conf": 0.0}, "2": {"acc": 0.0, "conf": 0.0}, "3": {"acc": 0.0, "conf": 0.0}, "4": {"acc": 0.0, "conf": 0.0}, "5": {"acc": 0.0, "conf": 0.0}, "6": {"acc": 0.607, "conf": 0.5460000038146973}, "7": {"acc": 0.659, "conf": 0.6430000066757202}, "8": {"acc": 0.538, "conf": 0.7559999823570251}, "9": {"acc": 0.929, "conf": 0.8560000061988831}, "10": {"acc": 1.0, "conf": 0.9049999713897705}}}, "entropy": {"mean": 0.9049999713897705, "var": 0.01899999938905239}, "var_ratio": {"mean": 0.3619999885559082, "var": 0.012000000104308128}, "std": {"mean": 0.1379999965429306, "var": 0.012000000104308128}, "nll": {"mean": 0.6359999775886536, "var": 0.1120000034570694}, "brier": {"mean": 0.2240000069141388, "var": 0.02199999988079071}, "margin": {"mean": 0.2750000059604645, "var": 0.04699999839067459}, "bert_output": null, "gold_labels": [0, 0, 1, 0, 0, 1, 1, 0, 0, 0, 0, 1, 0, 1, 0, 0, 0, 0, 0, 1, 1, 0, 0, 0, 1, 1, 1, 0, 0, 1, 0, 1, 0, 0, 1, 1, 0, 1, 1, 1, 1, 1, 0, 0, 0, 1, 0, 0, 0, 0, 0, 1, 0, 0, 1, 1, 1, 0, 1, 1, 0, 1, 0, 1, 0, 0, 0, 1, 0, 1, 1, 1, 1, 0, 1, 1, 0, 0, 0, 1, 1, 0, 1, 1, 0, 0, 1, 1, 0, 0, 1, 1, 1, 0, 1, 0, 0, 1, 1, 1, 1, 1, 1, 1, 1, 1, 0, 1, 0, 0, 1, 0, 0, 0, 1, 1, 1, 0, 0, 0, 1, 1, 0, 0, 1]}, "test_results": {"acc": 0.6245487364620939, "ece": {"ece": 0.04941709248167514, "refinement": 0.22522554836170575, "bins": {"1": {"acc": 0.0, "conf": 0.0}, "2": {"acc": 0.0, "conf": 0.0}, "3": {"acc": 0.0, "conf": 0.0}, "4": {"acc": 0.0, "conf": 0.0}, "5": {"acc": 0.0, "conf": 0.0}, "6": {"acc": 0.59, "conf": 0.5540000200271606}, "7": {"acc": 0.56, "conf": 0.6449999809265137}, "8": {"acc": 0.75, "conf": 0.7419999837875366}, "9": {"acc": 0.846, "conf": 0.8379999995231628}, "10": {"acc": 1.0, "conf": 0.9020000100135803}}}, "entropy": {"mean": 0.9110000133514404, "var": 0.012000000104308128}, "var_ratio": {"mean": 0.3580000102519989, "var": 0.008999999612569809}, "std": {"mean": 0.1420000046491623, "var": 0.008999999612569809}, "nll": {"mean": 0.6460000276565552, "var": 0.1080000028014183}, "brier": {"mean": 0.2280000001192093, "var": 0.02199999988079071}, "margin": {"mean": 0.2840000092983246, "var": 0.03500000014901161}, "bert_output": null, "gold_labels": [1, 0, 1, 1, 0, 0, 0, 0, 0, 0, 0, 1, 1, 0, 0, 1, 1, 0, 0, 1, 0, 0, 0, 0, 1, 1, 1, 0, 1, 1, 1, 0, 1, 1, 0, 1, 1, 0, 1, 1, 0, 1, 0, 0, 0, 1, 0, 1, 1, 1, 1, 0, 1, 0, 0, 1, 0, 1, 1, 0, 0, 1, 1, 0, 1, 1, 0, 0, 0, 0, 0, 0, 1, 0, 0, 1, 0, 1, 1, 0, 1, 0, 1, 1, 1, 0, 0, 1, 0, 1, 0, 1, 0, 0, 1, 1, 1, 0, 0, 0, 0, 0, 0, 0, 0, 0, 0, 1, 0, 0, 0, 0, 0, 1, 1, 0, 0, 1, 1, 1, 1, 1, 1, 0, 1, 1, 1, 1, 0, 0, 1, 0, 0, 1, 0, 0, 1, 0, 1, 1, 1, 0, 1, 0, 1, 0, 0, 1, 0, 0, 1, 1, 0, 0, 0, 0, 1, 0, 1, 1, 0, 0, 1, 1, 0, 0, 1, 1, 1, 1, 0, 0, 1, 0, 0, 0, 0, 0, 1, 1, 0, 0, 1, 1, 0, 0, 0, 0, 0, 0, 1, 0, 1, 0, 1, 0, 1, 0, 1, 1, 0, 0, 0, 1, 0, 1, 1, 1, 1, 1, 0, 0, 0, 1, 0, 1, 0, 1, 1, 0, 0, 0, 1, 1, 0, 1, 0, 0, 1, 0, 1, 0, 1, 1, 0, 0, 1, 0, 1, 1, 0, 0, 1, 1, 1, 1, 1, 0, 1, 1, 1, 0, 1, 0, 1, 0, 0, 0, 1, 0, 0, 1, 0, 0, 1, 1, 0, 1, 0, 1, 1, 1, 0, 0, 0, 0, 1]}}