{"val_results": {"acc": 0.56, "ece": {"ece": 0.05598765373229986, "refinement": 0.24639999999999998, "bins": {"1": {"acc": 0.0, "conf": 0.0}, "2": {"acc": 0.0, "conf": 0.0}, "3": {"acc": 0.0, "conf": 0.0}, "4": {"acc": 0.0, "conf": 0.0}, "5": {"acc": 0.0, "conf": 0.0}, "6": {"acc": 0.56, "conf": 0.5040000081062317}, "7": {"acc": 0.0, "conf": 0.0}, "8": {"acc": 0.0, "conf": 0.0}, "9": {"acc": 0.0, "conf": 0.0}, "10": {"acc": 0.0, "conf": 0.0}}}, "entropy": {"mean": 1.0, "var": 0.0}, "var_ratio": {"mean": 0.4959999918937683, "var": 0.0}, "std": {"mean": 0.004000000189989805, "var": 0.0}, "nll": {"mean": 0.6919999718666077, "var": 0.0}, "brier": {"mean": 0.25, "var": 0.0}, "margin": {"mean": 0.00800000037997961, "var": 0.0}, "temperature": 1.4999874830245972}, "test_results": {"acc": 0.5487364620938628, "ece": {"ece": 0.04513824889806206, "refinement": 0.24762475726257346, "bins": {"1": {"acc": 0.0, "conf": 0.0}, "2": {"acc": 0.0, "conf": 0.0}, "3": {"acc": 0.0, "conf": 0.0}, "4": {"acc": 0.0, "conf": 0.0}, "5": {"acc": 0.0, "conf": 0.0}, "6": {"acc": 0.549, "conf": 0.5040000081062317}, "7": {"acc": 0.0, "conf": 0.0}, "8": {"acc": 0.0, "conf": 0.0}, "9": {"acc": 0.0, "conf": 0.0}, "10": {"acc": 0.0, "conf": 0.0}}}, "entropy": {"mean": 1.0, "var": 0.0}, "var_ratio": {"mean": 0.4959999918937683, "var": 0.0}, "std": {"mean": 0.004000000189989805, "var": 0.0}, "nll": {"mean": 0.6930000185966492, "var": 0.0}, "brier": {"mean": 0.25, "var": 0.0}, "margin": {"mean": 0.007000000216066837, "var": 0.0}, "temperature": 1.4999874830245972}}