{"val_results": {"acc": 0.576, "ece": {"ece": 0.133217547416687, "refinement": 0.239475, "bins": {"1": {"acc": 0.0, "conf": 0.0}, "2": {"acc": 0.0, "conf": 0.0}, "3": {"acc": 0.0, "conf": 0.0}, "4": {"acc": 0.0, "conf": 0.0}, "5": {"acc": 0.0, "conf": 0.0}, "6": {"acc": 0.641, "conf": 0.5460000038146973}, "7": {"acc": 0.5, "conf": 0.6489999890327454}, "8": {"acc": 0.5, "conf": 0.7400000095367432}, "9": {"acc": 0.6, "conf": 0.8320000171661377}, "10": {"acc": 0.0, "conf": 0.0}}}, "entropy": {"mean": 0.9409999847412109, "var": 0.006000000052154064}, "var_ratio": {"mean": 0.3880000114440918, "var": 0.007000000216066837}, "std": {"mean": 0.1120000034570694, "var": 0.007000000216066837}, "nll": {"mean": 0.7210000157356262, "var": 0.09600000083446503}, "brier": {"mean": 0.2619999945163727, "var": 0.019999999552965164}, "margin": {"mean": 0.2240000069141388, "var": 0.02800000086426735}, "bert_output": null, "gold_labels": [0, 0, 1, 0, 0, 1, 1, 0, 0, 0, 0, 1, 0, 1, 0, 0, 0, 0, 0, 1, 1, 0, 0, 0, 1, 1, 1, 0, 0, 1, 0, 1, 0, 0, 1, 1, 0, 1, 1, 1, 1, 1, 0, 0, 0, 1, 0, 0, 0, 0, 0, 1, 0, 0, 1, 1, 1, 0, 1, 1, 0, 1, 0, 1, 0, 0, 0, 1, 0, 1, 1, 1, 1, 0, 1, 1, 0, 0, 0, 1, 1, 0, 1, 1, 0, 0, 1, 1, 0, 0, 1, 1, 1, 0, 1, 0, 0, 1, 1, 1, 1, 1, 1, 1, 1, 1, 0, 1, 0, 0, 1, 0, 0, 0, 1, 1, 1, 0, 0, 0, 1, 1, 0, 0, 1]}, "test_results": {"acc": 0.5415162454873647, "ece": {"ece": 0.06501711899623112, "refinement": 0.24580701277806113, "bins": {"1": {"acc": 0.0, "conf": 0.0}, "2": {"acc": 0.0, "conf": 0.0}, "3": {"acc": 0.0, "conf": 0.0}, "4": {"acc": 0.0, "conf": 0.0}, "5": {"acc": 0.0, "conf": 0.0}, "6": {"acc": 0.516, "conf": 0.5490000247955322}, "7": {"acc": 0.617, "conf": 0.6430000066757202}, "8": {"acc": 0.487, "conf": 0.7369999885559082}, "9": {"acc": 0.5, "conf": 0.8130000233650208}, "10": {"acc": 0.0, "conf": 0.0}}}, "entropy": {"mean": 0.9480000138282776, "var": 0.004000000189989805}, "var_ratio": {"mean": 0.3930000066757202, "var": 0.006000000052154064}, "std": {"mean": 0.10700000077486038, "var": 0.006000000052154064}, "nll": {"mean": 0.7049999833106995, "var": 0.07900000363588333}, "brier": {"mean": 0.2549999952316284, "var": 0.017000000923871994}, "margin": {"mean": 0.21299999952316284, "var": 0.024000000208616257}, "bert_output": null, "gold_labels": [1, 0, 1, 1, 0, 0, 0, 0, 0, 0, 0, 1, 1, 0, 0, 1, 1, 0, 0, 1, 0, 0, 0, 0, 1, 1, 1, 0, 1, 1, 1, 0, 1, 1, 0, 1, 1, 0, 1, 1, 0, 1, 0, 0, 0, 1, 0, 1, 1, 1, 1, 0, 1, 0, 0, 1, 0, 1, 1, 0, 0, 1, 1, 0, 1, 1, 0, 0, 0, 0, 0, 0, 1, 0, 0, 1, 0, 1, 1, 0, 1, 0, 1, 1, 1, 0, 0, 1, 0, 1, 0, 1, 0, 0, 1, 1, 1, 0, 0, 0, 0, 0, 0, 0, 0, 0, 0, 1, 0, 0, 0, 0, 0, 1, 1, 0, 0, 1, 1, 1, 1, 1, 1, 0, 1, 1, 1, 1, 0, 0, 1, 0, 0, 1, 0, 0, 1, 0, 1, 1, 1, 0, 1, 0, 1, 0, 0, 1, 0, 0, 1, 1, 0, 0, 0, 0, 1, 0, 1, 1, 0, 0, 1, 1, 0, 0, 1, 1, 1, 1, 0, 0, 1, 0, 0, 0, 0, 0, 1, 1, 0, 0, 1, 1, 0, 0, 0, 0, 0, 0, 1, 0, 1, 0, 1, 0, 1, 0, 1, 1, 0, 0, 0, 1, 0, 1, 1, 1, 1, 1, 0, 0, 0, 1, 0, 1, 0, 1, 1, 0, 0, 0, 1, 1, 0, 1, 0, 0, 1, 0, 1, 0, 1, 1, 0, 0, 1, 0, 1, 1, 0, 0, 1, 1, 1, 1, 1, 0, 1, 1, 1, 0, 1, 0, 1, 0, 0, 0, 1, 0, 0, 1, 0, 0, 1, 1, 0, 1, 0, 1, 1, 1, 0, 0, 0, 0, 1]}}