{"val_results": {"acc": 0.504, "ece": {"ece": 0.007866347312927235, "refinement": 0.249856, "bins": {"1": {"acc": 0.0, "conf": 0.0}, "2": {"acc": 0.0, "conf": 0.0}, "3": {"acc": 0.0, "conf": 0.0}, "4": {"acc": 0.0, "conf": 0.0}, "5": {"acc": 0.0, "conf": 0.0}, "6": {"acc": 0.512, "conf": 0.5199999809265137}, "7": {"acc": 0.0, "conf": 0.0}, "8": {"acc": 0.0, "conf": 0.0}, "9": {"acc": 0.0, "conf": 0.0}, "10": {"acc": 0.0, "conf": 0.0}}}, "entropy": {"mean": 0.9980000257492065, "var": 0.0}, "var_ratio": {"mean": 0.47999998927116394, "var": 0.0}, "std": {"mean": 0.019999999552965164, "var": 0.0}, "nll": {"mean": 0.6919999718666077, "var": 0.0020000000949949026}, "brier": {"mean": 0.24899999797344208, "var": 0.0010000000474974513}, "margin": {"mean": 0.03999999910593033, "var": 0.0010000000474974513}, "bert_output": null, "gold_labels": [0, 0, 1, 0, 0, 1, 1, 0, 0, 0, 0, 1, 0, 1, 0, 0, 0, 0, 0, 1, 1, 0, 0, 0, 1, 1, 1, 0, 0, 1, 0, 1, 0, 0, 1, 1, 0, 1, 1, 1, 1, 1, 0, 0, 0, 1, 0, 0, 0, 0, 0, 1, 0, 0, 1, 1, 1, 0, 1, 1, 0, 1, 0, 1, 0, 0, 0, 1, 0, 1, 1, 1, 1, 0, 1, 1, 0, 0, 0, 1, 1, 0, 1, 1, 0, 0, 1, 1, 0, 0, 1, 1, 1, 0, 1, 0, 0, 1, 1, 1, 1, 1, 1, 1, 1, 1, 0, 1, 0, 0, 1, 0, 0, 0, 1, 1, 1, 0, 0, 0, 1, 1, 0, 0, 1]}, "test_results": {"acc": 0.5487364620938628, "ece": {"ece": 0.034386021996232974, "refinement": 0.2472598365676602, "bins": {"1": {"acc": 0.0, "conf": 0.0}, "2": {"acc": 0.0, "conf": 0.0}, "3": {"acc": 0.0, "conf": 0.0}, "4": {"acc": 0.0, "conf": 0.0}, "5": {"acc": 0.0, "conf": 0.0}, "6": {"acc": 0.552, "conf": 0.5180000066757202}, "7": {"acc": 0.0, "conf": 0.0}, "8": {"acc": 0.0, "conf": 0.0}, "9": {"acc": 0.0, "conf": 0.0}, "10": {"acc": 0.0, "conf": 0.0}}}, "entropy": {"mean": 0.9990000128746033, "var": 0.0}, "var_ratio": {"mean": 0.4819999933242798, "var": 0.0}, "std": {"mean": 0.017999999225139618, "var": 0.0}, "nll": {"mean": 0.6880000233650208, "var": 0.0020000000949949026}, "brier": {"mean": 0.24699999392032623, "var": 0.0}, "margin": {"mean": 0.035999998450279236, "var": 0.0010000000474974513}, "bert_output": null, "gold_labels": [1, 0, 1, 1, 0, 0, 0, 0, 0, 0, 0, 1, 1, 0, 0, 1, 1, 0, 0, 1, 0, 0, 0, 0, 1, 1, 1, 0, 1, 1, 1, 0, 1, 1, 0, 1, 1, 0, 1, 1, 0, 1, 0, 0, 0, 1, 0, 1, 1, 1, 1, 0, 1, 0, 0, 1, 0, 1, 1, 0, 0, 1, 1, 0, 1, 1, 0, 0, 0, 0, 0, 0, 1, 0, 0, 1, 0, 1, 1, 0, 1, 0, 1, 1, 1, 0, 0, 1, 0, 1, 0, 1, 0, 0, 1, 1, 1, 0, 0, 0, 0, 0, 0, 0, 0, 0, 0, 1, 0, 0, 0, 0, 0, 1, 1, 0, 0, 1, 1, 1, 1, 1, 1, 0, 1, 1, 1, 1, 0, 0, 1, 0, 0, 1, 0, 0, 1, 0, 1, 1, 1, 0, 1, 0, 1, 0, 0, 1, 0, 0, 1, 1, 0, 0, 0, 0, 1, 0, 1, 1, 0, 0, 1, 1, 0, 0, 1, 1, 1, 1, 0, 0, 1, 0, 0, 0, 0, 0, 1, 1, 0, 0, 1, 1, 0, 0, 0, 0, 0, 0, 1, 0, 1, 0, 1, 0, 1, 0, 1, 1, 0, 0, 0, 1, 0, 1, 1, 1, 1, 1, 0, 0, 0, 1, 0, 1, 0, 1, 1, 0, 0, 0, 1, 1, 0, 1, 0, 0, 1, 0, 1, 0, 1, 1, 0, 0, 1, 0, 1, 1, 0, 0, 1, 1, 1, 1, 1, 0, 1, 1, 1, 0, 1, 0, 1, 0, 0, 0, 1, 0, 0, 1, 0, 0, 1, 1, 0, 1, 0, 1, 1, 1, 0, 0, 0, 0, 1]}}