{"val_results": {"acc": 0.3626373626373626, "f1": 0.2522399829626555, "acc_and_f1": 0.307438672800009, "ece": {"ece": 0.09792469638389543, "refinement": 0.22949029734744017, "bins": {"1": {"acc": 0.0, "conf": 0.0}, "2": {"acc": 0.45, "conf": 0.19499999284744263}, "3": {"acc": 0.339, "conf": 0.2540000081062317}, "4": {"acc": 0.429, "conf": 0.3140000104904175}, "5": {"acc": 0.0, "conf": 0.0}, "6": {"acc": 0.0, "conf": 0.0}, "7": {"acc": 0.0, "conf": 0.0}, "8": {"acc": 0.0, "conf": 0.0}, "9": {"acc": 0.0, "conf": 0.0}, "10": {"acc": 0.0, "conf": 0.0}}}, "entropy": {"mean": 2.49399995803833, "var": 0.003000000026077032}, "var_ratio": {"mean": 0.7350000143051147, "var": 0.0010000000474974513}, "std": {"mean": 0.057999998331069946, "var": 0.0}, "nll": {"mean": 1.5989999771118164, "var": 0.08500000089406967}, "brier": {"mean": 0.12800000607967377, "var": 0.0}, "margin": {"mean": 0.054999999701976776, "var": 0.0010000000474974513}, "bert_output": null, "gold_labels": [4, 2, 2, 3, 3, 1, 2, 1, 3, 3, 5, 1, 3, 3, 2, 1, 2, 1, 2, 4, 5, 4, 2, 3, 2, 3, 2, 2, 5, 4, 3, 4, 2, 5, 3, 4, 3, 3, 1, 4, 1, 1, 1, 2, 5, 2, 2, 1, 3, 2, 2, 4, 1, 1, 2, 5, 2, 5, 4, 1, 5, 5, 3, 2, 5, 5, 2, 4, 1, 3, 2, 3, 3, 1, 3, 3, 0, 3, 1, 5, 1, 5, 1, 3, 2, 2, 5, 4, 4, 2, 2, 2, 3, 5, 2, 5, 4, 2, 3, 2, 1, 3, 3, 1, 1, 1, 5, 3, 5, 4, 3, 3, 3, 4, 5, 3, 2, 5, 2, 2, 2, 4, 4, 5, 5, 3, 5, 3, 2, 2, 4, 1, 3, 4, 3, 1, 3, 3, 5, 5, 4, 4, 1, 2, 5, 4, 3, 1, 1, 3, 4, 3, 5, 4, 1, 5, 1, 3, 2, 4, 5, 1, 4, 4, 4, 5, 4, 1, 2, 1, 3, 5, 1, 3, 5, 2, 3, 3, 4, 2, 2, 5, 4, 5, 3, 4, 1, 5, 2, 1, 3, 1, 4, 5, 2, 3, 1, 3, 1, 5, 5, 1, 3, 5, 4, 2, 4, 2, 1, 1, 3, 2, 3, 5, 5, 3, 4, 1, 2, 2, 1, 4, 3, 2, 2, 5, 3, 2, 1, 4, 1, 1, 4, 1, 1, 3, 5, 5, 3, 4, 2, 2, 3, 1, 1, 5, 3, 3, 2, 2, 1, 1, 0, 5, 4, 4, 2, 3, 2, 2, 1, 2, 4, 4, 5, 3, 3, 5, 2, 4, 4, 3, 5, 4, 1, 1, 2, 3, 2, 4, 4, 3, 1, 1, 1, 5, 1, 2, 0, 3, 3, 4, 3, 3, 3, 2, 4, 4, 2, 4, 2, 3, 5, 2, 1, 3, 2, 2, 3, 1, 4, 5, 4, 1, 1, 3, 2, 1, 2, 5, 1, 1, 2, 5, 5, 1, 5, 1, 4, 4, 1, 5, 3, 2, 1, 2, 3, 2, 3, 2, 4, 3, 4, 4, 3, 3, 1, 2, 2, 1, 2, 1, 3, 2, 3, 2, 3, 3, 2, 5, 2, 1, 4, 3, 2, 2, 1, 4, 1, 2, 4, 2, 2, 3, 1, 2, 3, 5, 4, 2, 3, 4, 0, 3, 0, 2, 0, 5, 1, 4, 2, 0, 3, 3, 3, 5, 3, 3, 2, 5, 5, 1, 3, 1, 3, 1, 2, 3, 2, 5, 1, 1, 3, 2, 1, 1, 4, 2, 2, 1, 1, 3, 3, 1, 3, 5, 5, 5, 1, 1, 3, 1, 2, 3, 0, 2, 4, 5, 4, 2, 3, 2, 4, 2, 3, 3, 5, 5, 1, 3, 2, 5, 4, 1, 3, 2, 2, 1, 2, 3, 3, 3, 0, 3, 1, 4, 2, 1, 4, 4, 4, 2, 4, 3, 1, 2, 1, 2, 5, 2, 4, 2, 5, 4, 5, 5, 2, 5, 4, 3, 2, 5, 1, 2, 1, 2, 5, 1, 2, 3, 2, 3, 1, 1, 5, 3, 1, 1, 1, 2, 4, 5, 5, 2, 3, 2, 5, 5, 1, 5, 2, 1, 2, 5, 4, 1, 1, 3, 3, 3, 5, 5, 3, 1, 1, 2, 5, 4, 4, 4, 5, 1, 5, 1, 1, 1], "loss": 1.6129495609894633}, "test_results": {"acc": 0.188, "f1": 0.12694013854396682, "acc_and_f1": 0.15747006927198343, "ece": {"ece": 0.06603471714258194, "refinement": 0.16162971857410882, "bins": {"1": {"acc": 0.0, "conf": 0.0}, "2": {"acc": 0.32, "conf": 0.19499999284744263}, "3": {"acc": 0.195, "conf": 0.2529999911785126}, "4": {"acc": 0.215, "conf": 0.31200000643730164}, "5": {"acc": 0.0, "conf": 0.0}, "6": {"acc": 0.0, "conf": 0.0}, "7": {"acc": 0.0, "conf": 0.0}, "8": {"acc": 0.0, "conf": 0.0}, "9": {"acc": 0.0, "conf": 0.0}, "10": {"acc": 0.0, "conf": 0.0}}}, "entropy": {"mean": 2.505000114440918, "var": 0.0020000000949949026}, "var_ratio": {"mean": 0.7419999837875366, "var": 0.0010000000474974513}, "std": {"mean": 0.05400000140070915, "var": 0.0}, "nll": {"mean": 1.6510000228881836, "var": 0.06300000101327896}, "brier": {"mean": 0.13199999928474426, "var": 0.0}, "margin": {"mean": 0.05000000074505806, "var": 0.0010000000474974513}, "bert_output": null, "gold_labels": [5, 4, 3, 1, 5, 5, 3, 2, 1, 1, 4, 3, 5, 3, 5, 5, 2, 3, 1, 5, 3, 1, 4, 1, 1, 3, 1, 4, 4, 4, 5, 4, 1, 5, 5, 5, 4, 5, 5, 5, 2, 1, 1, 1, 2, 2, 5, 1, 5, 3, 1, 3, 3, 1, 1, 1, 5, 4, 4, 5, 4, 3, 4, 2, 4, 3, 2, 1, 5, 4, 5, 5, 4, 3, 4, 1, 2, 5, 5, 3, 1, 5, 3, 5, 5, 1, 1, 3, 1, 4, 2, 1, 5, 5, 3, 4, 5, 1, 1, 2, 1, 3, 1, 3, 4, 1, 5, 2, 5, 4, 2, 1, 5, 3, 2, 3, 5, 2, 5, 4, 5, 5, 1, 3, 5, 3, 5, 5, 1, 5, 5, 3, 1, 2, 1, 2, 4, 3, 3, 1, 1, 2, 4, 2, 1, 2, 3, 2, 1, 1, 2, 3, 1, 5, 3, 4, 4, 1, 4, 4, 1, 1, 5, 4, 2, 4, 5, 1, 4, 3, 5, 5, 5, 1, 4, 4, 4, 5, 2, 5, 4, 1, 4, 1, 2, 3, 3, 1, 4, 2, 2, 5, 5, 5, 1, 4, 2, 3, 2, 2, 2, 4, 3, 2, 5, 4, 3, 5, 1, 1, 5, 5, 4, 4, 1, 2, 1, 2, 5, 1, 1, 5, 1, 2, 4, 2, 5, 1, 4, 3, 5, 3, 1, 5, 2, 1, 4, 1, 4, 5, 4, 1, 1, 1, 1, 4, 1, 1, 1, 2, 3, 4, 2, 2, 1, 4, 5, 2, 1, 5, 3, 3, 5, 2, 5, 1, 1, 4, 5, 1, 2, 1, 1, 3, 1, 1, 1, 5, 0, 2, 4, 3, 0, 1, 4, 1, 1, 1, 1, 1, 4, 2, 5, 2, 1, 1, 2, 5, 2, 2, 0, 5, 1, 5, 5, 4, 3, 4, 3, 5, 4, 4, 5, 1, 4, 1, 3, 4, 2, 4, 1, 5, 0, 2, 5, 0, 1, 5, 5, 1, 1, 5, 2, 2, 5, 4, 1, 2, 1, 5, 5, 2, 5, 3, 5, 3, 2, 1, 5, 1, 5, 4, 2, 2, 1, 3, 5, 5, 1, 2, 1, 1, 2, 5, 1, 5, 2, 2, 1, 4, 5, 2, 1, 1, 2, 5, 4, 1, 0, 1, 3, 3, 2, 3, 5, 5, 1, 3, 1, 1, 3, 1, 2, 5, 1, 1, 1, 5, 5, 4, 3, 2, 5, 0, 5, 4, 1, 4, 5, 1, 3, 2, 4, 0, 2, 1, 1, 1, 3, 3, 5, 4, 2, 1, 4, 2, 1, 4, 1, 3, 1, 2, 4, 3, 1, 1, 1, 5, 0, 2, 3, 2, 4, 2, 3, 2, 4, 3, 5, 2, 2, 2, 2, 5, 5, 5, 2, 4, 1, 1, 3, 2, 4, 5, 4, 2, 1, 3, 1, 1, 1, 1, 2, 5, 2, 2, 1, 4, 2, 4, 2, 2, 2, 1, 4, 1, 4, 5, 2, 2, 1, 1, 2, 5, 5, 3, 2, 5, 2, 1], "loss": 1.680569563006598}}