{"test_ood_results": {"acc": 0.6460549097205046, "f1": 0.6271884118382659, "acc_and_f1": 0.6366216607793853, "ece": {"ece": 0.17977500911576308, "refinement": 0.21753351456507464, "bins": {"1": {"acc": 0.0, "conf": 0.0}, "2": {"acc": 0.0, "conf": 0.0}, "3": {"acc": 0.0, "conf": 0.0}, "4": {"acc": 0.0, "conf": 0.0}, "5": {"acc": 0.0, "conf": 0.0}, "6": {"acc": 0.559, "conf": 0.5509999990463257}, "7": {"acc": 0.694, "conf": 0.6539999842643738}, "8": {"acc": 0.811, "conf": 0.746999979019165}, "9": {"acc": 0.519, "conf": 0.8519999980926514}, "10": {"acc": 0.575, "conf": 0.9449999928474426}}}, "entropy": {"mean": 0.6679999828338623, "var": 0.07999999821186066}, "var_ratio": {"mean": 0.22200000286102295, "var": 0.020999999716877937}, "std": {"mean": 0.27799999713897705, "var": 0.020999999716877937}, "nll": {"mean": 0.8569999933242798, "var": 0.9279999732971191}, "brier": {"mean": 0.2750000059604645, "var": 0.0989999994635582}, "margin": {"mean": 0.5559999942779541, "var": 0.08399999886751175}, "temperature": 2.941093921661377}}