{"val_results": {"acc": 0.9453333333333334, "f1": 0.9453423314022877, "acc_and_f1": 0.9453378323678105, "ece": {"ece": 0.0058211719195048195, "refinement": 0.04187410223781289, "bins": {"1": {"acc": 0.0, "conf": 0.0}, "2": {"acc": 0.0, "conf": 0.0}, "3": {"acc": 0.0, "conf": 0.0}, "4": {"acc": 0.5, "conf": 0.37299999594688416}, "5": {"acc": 0.464, "conf": 0.46799999475479126}, "6": {"acc": 0.561, "conf": 0.5519999861717224}, "7": {"acc": 0.6, "conf": 0.6510000228881836}, "8": {"acc": 0.785, "conf": 0.753000020980835}, "9": {"acc": 0.822, "conf": 0.8569999933242798}, "10": {"acc": 0.982, "conf": 0.9829999804496765}}}, "entropy": {"mean": 0.23399999737739563, "var": 0.09200000017881393}, "var_ratio": {"mean": 0.050999999046325684, "var": 0.009999999776482582}, "std": {"mean": 0.4059999883174896, "var": 0.0020000000949949026}, "nll": {"mean": 0.16300000250339508, "var": 0.34299999475479126}, "brier": {"mean": 0.020999999716877937, "var": 0.006000000052154064}, "margin": {"mean": 0.9049999713897705, "var": 0.03400000184774399}, "temperature": 1.13}, "test_result": {"acc": 0.9443421052631579, "f1": 0.9444499111550817, "acc_and_f1": 0.9443960082091198, "ece": {"ece": 0.004908577615493209, "refinement": 0.04204259243812521, "bins": {"1": {"acc": 0.0, "conf": 0.0}, "2": {"acc": 0.0, "conf": 0.0}, "3": {"acc": 0.0, "conf": 0.0}, "4": {"acc": 0.4, "conf": 0.36800000071525574}, "5": {"acc": 0.364, "conf": 0.4699999988079071}, "6": {"acc": 0.55, "conf": 0.550000011920929}, "7": {"acc": 0.601, "conf": 0.6499999761581421}, "8": {"acc": 0.707, "conf": 0.7540000081062317}, "9": {"acc": 0.843, "conf": 0.8579999804496765}, "10": {"acc": 0.981, "conf": 0.9819999933242798}}}, "entropy": {"mean": 0.2329999953508377, "var": 0.08799999952316284}, "var_ratio": {"mean": 0.050999999046325684, "var": 0.008999999612569809}, "std": {"mean": 0.40700000524520874, "var": 0.0020000000949949026}, "nll": {"mean": 0.1679999977350235, "var": 0.382999986410141}, "brier": {"mean": 0.020999999716877937, "var": 0.006000000052154064}, "margin": {"mean": 0.906000018119812, "var": 0.032999999821186066}, "temperature": 1.13}}