{"val_results": {"acc": 0.8160012222448564, "ece": {"ece": 0.004748564305337547, "refinement": 0.12216812931874768, "bins": {"1": {"acc": 0.0, "conf": 0.0}, "2": {"acc": 0.0, "conf": 0.0}, "3": {"acc": 0.0, "conf": 0.0}, "4": {"acc": 0.331, "conf": 0.3779999911785126}, "5": {"acc": 0.443, "conf": 0.4620000123977661}, "6": {"acc": 0.544, "conf": 0.550000011920929}, "7": {"acc": 0.655, "conf": 0.6510000228881836}, "8": {"acc": 0.747, "conf": 0.7519999742507935}, "9": {"acc": 0.848, "conf": 0.8550000190734863}, "10": {"acc": 0.957, "conf": 0.9559999704360962}}}, "entropy": {"mean": 0.6759999990463257, "var": 0.1860000044107437}, "var_ratio": {"mean": 0.1809999942779541, "var": 0.027000000700354576}, "std": {"mean": 0.35199999809265137, "var": 0.010999999940395355}, "nll": {"mean": 0.46799999475479126, "var": 0.5450000166893005}, "brier": {"mean": 0.08799999952316284, "var": 0.023000000044703484}, "margin": {"mean": 0.6800000071525574, "var": 0.08500000089406967}, "temperature": 1.12}, "test_result": {"acc": 0.8171166581762608, "ece": {"ece": 0.010125786822120309, "refinement": 0.12150908744767573, "bins": {"1": {"acc": 0.0, "conf": 0.0}, "2": {"acc": 0.0, "conf": 0.0}, "3": {"acc": 0.0, "conf": 0.0}, "4": {"acc": 0.439, "conf": 0.3799999952316284}, "5": {"acc": 0.411, "conf": 0.46000000834465027}, "6": {"acc": 0.573, "conf": 0.550000011920929}, "7": {"acc": 0.65, "conf": 0.6510000228881836}, "8": {"acc": 0.758, "conf": 0.7519999742507935}, "9": {"acc": 0.844, "conf": 0.8550000190734863}, "10": {"acc": 0.961, "conf": 0.9559999704360962}}}, "entropy": {"mean": 0.6790000200271606, "var": 0.18700000643730164}, "var_ratio": {"mean": 0.18400000035762787, "var": 0.02800000086426735}, "std": {"mean": 0.35100001096725464, "var": 0.010999999940395355}, "nll": {"mean": 0.47099998593330383, "var": 0.5540000200271606}, "brier": {"mean": 0.08799999952316284, "var": 0.02199999988079071}, "margin": {"mean": 0.675000011920929, "var": 0.08699999749660492}, "temperature": 1.12}}