{"val_results": {"acc": 0.9382239382239382, "ece": {"ece": 0.019895540789889365, "refinement": 0.04832449600395007, "bins": {"1": {"acc": 0.0, "conf": 0.0}, "2": {"acc": 0.0, "conf": 0.0}, "3": {"acc": 0.0, "conf": 0.0}, "4": {"acc": 0.0, "conf": 0.0}, "5": {"acc": 0.0, "conf": 0.0}, "6": {"acc": 0.487, "conf": 0.5490000247955322}, "7": {"acc": 0.592, "conf": 0.656000018119812}, "8": {"acc": 0.679, "conf": 0.7519999742507935}, "9": {"acc": 0.807, "conf": 0.859000027179718}, "10": {"acc": 0.97, "conf": 0.9850000143051147}}}, "entropy": {"mean": 0.17299999296665192, "var": 0.05700000002980232}, "var_ratio": {"mean": 0.041999999433755875, "var": 0.00800000037997961}, "std": {"mean": 0.4580000042915344, "var": 0.00800000037997961}, "nll": {"mean": 0.1770000010728836, "var": 0.42399999499320984}, "brier": {"mean": 0.04800000041723251, "var": 0.03099999949336052}, "margin": {"mean": 0.9160000085830688, "var": 0.029999999329447746}, "temperature": 0.8846847414970398}, "test_results": {"acc": 0.9265212399540758, "ece": {"ece": 0.029504971923017854, "refinement": 0.06093124609061237, "bins": {"1": {"acc": 0.0, "conf": 0.0}, "2": {"acc": 0.0, "conf": 0.0}, "3": {"acc": 0.0, "conf": 0.0}, "4": {"acc": 0.0, "conf": 0.0}, "5": {"acc": 0.0, "conf": 0.0}, "6": {"acc": 0.5, "conf": 0.5509999990463257}, "7": {"acc": 0.769, "conf": 0.6520000100135803}, "8": {"acc": 0.765, "conf": 0.75}, "9": {"acc": 0.84, "conf": 0.8569999933242798}, "10": {"acc": 0.957, "conf": 0.984000027179718}}}, "entropy": {"mean": 0.20200000703334808, "var": 0.07199999690055847}, "var_ratio": {"mean": 0.052000001072883606, "var": 0.009999999776482582}, "std": {"mean": 0.4480000138282776, "var": 0.009999999776482582}, "nll": {"mean": 0.23399999737739563, "var": 0.6290000081062317}, "brier": {"mean": 0.061000000685453415, "var": 0.039000000804662704}, "margin": {"mean": 0.8960000276565552, "var": 0.03999999910593033}, "temperature": 0.8846847414970398}}