{"test_ood_results": {"acc": 0.8615813156203128, "f1": 0.6094316807738814, "acc_and_f1": 0.7355064981970971, "ece": {"ece": 0.0902922805650142, "refinement": 0.10347087849761054, "bins": {"1": {"acc": 0.0, "conf": 0.0}, "2": {"acc": 0.0, "conf": 0.0}, "3": {"acc": 0.0, "conf": 0.0}, "4": {"acc": 0.0, "conf": 0.0}, "5": {"acc": 0.0, "conf": 0.0}, "6": {"acc": 0.476, "conf": 0.5569999814033508}, "7": {"acc": 0.574, "conf": 0.6520000100135803}, "8": {"acc": 0.552, "conf": 0.7509999871253967}, "9": {"acc": 0.636, "conf": 0.8550000190734863}, "10": {"acc": 0.915, "conf": 0.9919999837875366}}}, "entropy": {"mean": 0.16300000250339508, "var": 0.08399999886751175}, "var_ratio": {"mean": 0.04800000041723251, "var": 0.010999999940395355}, "std": {"mean": 0.4519999921321869, "var": 0.010999999940395355}, "nll": {"mean": 0.4650000035762787, "var": 1.8530000448226929}, "brier": {"mean": 0.11100000143051147, "var": 0.07400000095367432}, "margin": {"mean": 0.9039999842643738, "var": 0.04399999976158142}, "temperature": 2.4634454250335693}}