{"val_results": {"acc": 0.536, "ece": {"ece": 0.07023972797393799, "refinement": 0.23887019730010386, "bins": {"1": {"acc": 0.0, "conf": 0.0}, "2": {"acc": 0.0, "conf": 0.0}, "3": {"acc": 0.0, "conf": 0.0}, "4": {"acc": 0.0, "conf": 0.0}, "5": {"acc": 0.0, "conf": 0.0}, "6": {"acc": 0.495, "conf": 0.5509999990463257}, "7": {"acc": 0.778, "conf": 0.6230000257492065}, "8": {"acc": 0.0, "conf": 0.0}, "9": {"acc": 0.0, "conf": 0.0}, "10": {"acc": 0.0, "conf": 0.0}}}, "entropy": {"mean": 0.9850000143051147, "var": 0.0}, "var_ratio": {"mean": 0.43799999356269836, "var": 0.0010000000474974513}, "std": {"mean": 0.06199999898672104, "var": 0.0010000000474974513}, "nll": {"mean": 0.6830000281333923, "var": 0.020999999716877937}, "brier": {"mean": 0.24500000476837158, "var": 0.004999999888241291}, "margin": {"mean": 0.12300000339746475, "var": 0.006000000052154064}, "temperature": 0.69}, "test_result": {"acc": 0.5884476534296029, "ece": {"ece": 0.031086725663622403, "refinement": 0.24174344426587185, "bins": {"1": {"acc": 0.0, "conf": 0.0}, "2": {"acc": 0.0, "conf": 0.0}, "3": {"acc": 0.0, "conf": 0.0}, "4": {"acc": 0.0, "conf": 0.0}, "5": {"acc": 0.0, "conf": 0.0}, "6": {"acc": 0.579, "conf": 0.5440000295639038}, "7": {"acc": 0.636, "conf": 0.628000020980835}, "8": {"acc": 0.0, "conf": 0.0}, "9": {"acc": 0.0, "conf": 0.0}, "10": {"acc": 0.0, "conf": 0.0}}}, "entropy": {"mean": 0.9860000014305115, "var": 0.0}, "var_ratio": {"mean": 0.4429999887943268, "var": 0.0020000000949949026}, "std": {"mean": 0.05700000002980232, "var": 0.0020000000949949026}, "nll": {"mean": 0.6819999814033508, "var": 0.019999999552965164}, "brier": {"mean": 0.24400000274181366, "var": 0.004999999888241291}, "margin": {"mean": 0.11500000208616257, "var": 0.007000000216066837}, "temperature": 0.69}}