{"val_results": {"acc": 0.6862745098039216, "f1": 0.7915309446254071, "acc_and_f1": 0.7389027272146643, "ece": {"ece": 0.029333024632697, "refinement": 0.20287016091021962, "bins": {"1": {"acc": 0.0, "conf": 0.0}, "2": {"acc": 0.0, "conf": 0.0}, "3": {"acc": 0.0, "conf": 0.0}, "4": {"acc": 0.0, "conf": 0.0}, "5": {"acc": 0.0, "conf": 0.0}, "6": {"acc": 0.525, "conf": 0.5490000247955322}, "7": {"acc": 0.686, "conf": 0.6520000100135803}, "8": {"acc": 0.78, "conf": 0.7519999742507935}, "9": {"acc": 0.867, "conf": 0.8119999766349792}, "10": {"acc": 0.0, "conf": 0.0}}}, "entropy": {"mean": 0.8859999775886536, "var": 0.008999999612569809}, "var_ratio": {"mean": 0.32899999618530273, "var": 0.008999999612569809}, "std": {"mean": 0.17100000381469727, "var": 0.008999999612569809}, "nll": {"mean": 0.593999981880188, "var": 0.13099999725818634}, "brier": {"mean": 0.2029999941587448, "var": 0.027000000700354576}, "margin": {"mean": 0.3409999907016754, "var": 0.03500000014901161}, "temperature": 1.1603317260742188}, "test_results": {"acc": 0.6782608695652174, "f1": 0.787437763309077, "acc_and_f1": 0.7328493164371472, "ece": {"ece": 0.011274388562078028, "refinement": 0.21086474043447886, "bins": {"1": {"acc": 0.0, "conf": 0.0}, "2": {"acc": 0.0, "conf": 0.0}, "3": {"acc": 0.0, "conf": 0.0}, "4": {"acc": 0.0, "conf": 0.0}, "5": {"acc": 0.0, "conf": 0.0}, "6": {"acc": 0.568, "conf": 0.5479999780654907}, "7": {"acc": 0.663, "conf": 0.6520000100135803}, "8": {"acc": 0.751, "conf": 0.75}, "9": {"acc": 0.857, "conf": 0.8159999847412109}, "10": {"acc": 0.0, "conf": 0.0}}}, "entropy": {"mean": 0.8889999985694885, "var": 0.008999999612569809}, "var_ratio": {"mean": 0.3330000042915344, "var": 0.008999999612569809}, "std": {"mean": 0.16699999570846558, "var": 0.008999999612569809}, "nll": {"mean": 0.609000027179718, "var": 0.1340000033378601}, "brier": {"mean": 0.20999999344348907, "var": 0.02800000086426735}, "margin": {"mean": 0.33399999141693115, "var": 0.035999998450279236}, "temperature": 1.1603317260742188}}