{"val_results": {"mcc": 0.5002149788923371, "ece": {"ece": 0.09665857791622105, "refinement": 0.14184584464306946, "bins": {"1": {"acc": 0.0, "conf": 0.0}, "2": {"acc": 0.0, "conf": 0.0}, "3": {"acc": 0.0, "conf": 0.0}, "4": {"acc": 0.0, "conf": 0.0}, "5": {"acc": 0.0, "conf": 0.0}, "6": {"acc": 0.56, "conf": 0.5440000295639038}, "7": {"acc": 0.608, "conf": 0.6499999761581421}, "8": {"acc": 0.603, "conf": 0.7549999952316284}, "9": {"acc": 0.641, "conf": 0.8550000190734863}, "10": {"acc": 0.884, "conf": 0.968999981880188}}}, "entropy": {"mean": 0.36399999260902405, "var": 0.09099999815225601}, "var_ratio": {"mean": 0.10100000351667404, "var": 0.017000000923871994}, "std": {"mean": 0.39899998903274536, "var": 0.017000000923871994}, "nll": {"mean": 0.4909999966621399, "var": 0.8669999837875366}, "brier": {"mean": 0.15000000596046448, "var": 0.0820000022649765}, "margin": {"mean": 0.796999990940094, "var": 0.06700000166893005}, "temperature": 0.7320427298545837}, "test_results": {"mcc": 0.0, "ece": {"ece": 0.14133665348884014, "refinement": 0.21340494331766668, "bins": {"1": {"acc": 0.0, "conf": 0.0}, "2": {"acc": 0.0, "conf": 0.0}, "3": {"acc": 0.0, "conf": 0.0}, "4": {"acc": 0.0, "conf": 0.0}, "5": {"acc": 0.0, "conf": 0.0}, "6": {"acc": 0.0, "conf": 0.0}, "7": {"acc": 0.671, "conf": 0.6959999799728394}, "8": {"acc": 0.69, "conf": 0.7170000076293945}, "9": {"acc": 0.699, "conf": 0.8730000257492065}, "10": {"acc": 0.671, "conf": 0.9290000200271606}}}, "entropy": {"mean": 0.6159999966621399, "var": 0.03400000184774399}, "var_ratio": {"mean": 0.1679999977350235, "var": 0.007000000216066837}, "std": {"mean": 0.3319999873638153, "var": 0.007000000216066837}, "nll": {"mean": 0.7269999980926514, "var": 0.7350000143051147}, "brier": {"mean": 0.24199999868869781, "var": 0.10199999809265137}, "margin": {"mean": 0.6650000214576721, "var": 0.028999999165534973}, "temperature": 0.7320427298545837}}