{"test_ood_results": {"acc": 0.8731519177201629, "f1": 0.6515597410241319, "acc_and_f1": 0.7623558293721474, "ece": {"ece": 0.07914299125305607, "refinement": 0.0969004866623483, "bins": {"1": {"acc": 0.0, "conf": 0.0}, "2": {"acc": 0.0, "conf": 0.0}, "3": {"acc": 0.0, "conf": 0.0}, "4": {"acc": 0.0, "conf": 0.0}, "5": {"acc": 0.0, "conf": 0.0}, "6": {"acc": 0.514, "conf": 0.5509999990463257}, "7": {"acc": 0.539, "conf": 0.6520000100135803}, "8": {"acc": 0.606, "conf": 0.753000020980835}, "9": {"acc": 0.673, "conf": 0.8560000061988831}, "10": {"acc": 0.923, "conf": 0.9909999966621399}}}, "entropy": {"mean": 0.17100000381469727, "var": 0.07900000363588333}, "var_ratio": {"mean": 0.04800000041723251, "var": 0.009999999776482582}, "std": {"mean": 0.4519999921321869, "var": 0.009999999776482582}, "nll": {"mean": 0.4020000100135803, "var": 1.3539999723434448}, "brier": {"mean": 0.10199999809265137, "var": 0.06800000369548798}, "margin": {"mean": 0.9049999713897705, "var": 0.04100000113248825}, "temperature": 4.671730995178223}}