{"val_results": {"acc": 0.9468864468864469, "f1": 0.9384673144721868, "acc_and_f1": 0.9426768806793169, "ece": {"ece": 0.024364361723700677, "refinement": 0.04396598233807532, "bins": {"1": {"acc": 0.0, "conf": 0.0}, "2": {"acc": 0.0, "conf": 0.0}, "3": {"acc": 0.0, "conf": 0.0}, "4": {"acc": 0.0, "conf": 0.0}, "5": {"acc": 0.5, "conf": 0.4880000054836273}, "6": {"acc": 0.5, "conf": 0.5509999990463257}, "7": {"acc": 0.5, "conf": 0.6700000166893005}, "8": {"acc": 0.8, "conf": 0.7580000162124634}, "9": {"acc": 0.667, "conf": 0.8629999756813049}, "10": {"acc": 0.965, "conf": 0.9829999804496765}}}, "entropy": {"mean": 0.19699999690055847, "var": 0.04699999839067459}, "var_ratio": {"mean": 0.029999999329447746, "var": 0.004000000189989805}, "std": {"mean": 0.36000001430511475, "var": 0.0010000000474974513}, "nll": {"mean": 0.21199999749660492, "var": 0.7379999756813049}, "brier": {"mean": 0.014999999664723873, "var": 0.004000000189989805}, "margin": {"mean": 0.953000009059906, "var": 0.014000000432133675}, "temperature": 1.020931601524353}, "test_results": {"acc": 0.704, "f1": 0.7452161390155344, "acc_and_f1": 0.7246080695077672, "ece": {"ece": 0.20012931156158448, "refinement": 0.17425675181028122, "bins": {"1": {"acc": 0.0, "conf": 0.0}, "2": {"acc": 0.0, "conf": 0.0}, "3": {"acc": 0.0, "conf": 0.0}, "4": {"acc": 0.0, "conf": 0.34599998593330383}, "5": {"acc": 0.125, "conf": 0.4690000116825104}, "6": {"acc": 0.36, "conf": 0.550000011920929}, "7": {"acc": 0.444, "conf": 0.6600000262260437}, "8": {"acc": 0.485, "conf": 0.7459999918937683}, "9": {"acc": 0.431, "conf": 0.8529999852180481}, "10": {"acc": 0.813, "conf": 0.9729999899864197}}}, "entropy": {"mean": 0.44600000977516174, "var": 0.17499999701976776}, "var_ratio": {"mean": 0.09600000083446503, "var": 0.017999999225139618}, "std": {"mean": 0.33500000834465027, "var": 0.0020000000949949026}, "nll": {"mean": 0.9649999737739563, "var": 2.6059999465942383}, "brier": {"mean": 0.07699999958276749, "var": 0.014000000432133675}, "margin": {"mean": 0.8339999914169312, "var": 0.061000000685453415}, "temperature": 1.020931601524353}}