{"val_results": {"acc": 0.8930889652539137, "ece": {"ece": 0.015429714655502913, "refinement": 0.08175664095803391, "bins": {"1": {"acc": 0.0, "conf": 0.0}, "2": {"acc": 0.0, "conf": 0.0}, "3": {"acc": 0.0, "conf": 0.0}, "4": {"acc": 0.0, "conf": 0.0}, "5": {"acc": 0.0, "conf": 0.0}, "6": {"acc": 0.582, "conf": 0.5490000247955322}, "7": {"acc": 0.648, "conf": 0.6549999713897705}, "8": {"acc": 0.708, "conf": 0.7519999742507935}, "9": {"acc": 0.809, "conf": 0.8579999804496765}, "10": {"acc": 0.96, "conf": 0.9670000076293945}}}, "entropy": {"mean": 0.35499998927116394, "var": 0.08100000023841858}, "var_ratio": {"mean": 0.09399999678134918, "var": 0.014000000432133675}, "std": {"mean": 0.4059999883174896, "var": 0.014000000432133675}, "nll": {"mean": 0.2720000147819519, "var": 0.38100001215934753}, "brier": {"mean": 0.08100000023841858, "var": 0.04100000113248825}, "margin": {"mean": 0.8109999895095825, "var": 0.0560000017285347}, "temperature": 1.218061923980713}, "test_results": {"acc": 0.9075599487461102, "ece": {"ece": 0.010767617298529816, "refinement": 0.06854263732874172, "bins": {"1": {"acc": 0.0, "conf": 0.0}, "2": {"acc": 0.0, "conf": 0.0}, "3": {"acc": 0.0, "conf": 0.0}, "4": {"acc": 0.0, "conf": 0.0}, "5": {"acc": 0.0, "conf": 0.0}, "6": {"acc": 0.521, "conf": 0.5490000247955322}, "7": {"acc": 0.66, "conf": 0.6520000100135803}, "8": {"acc": 0.735, "conf": 0.7519999742507935}, "9": {"acc": 0.83, "conf": 0.8569999933242798}, "10": {"acc": 0.974, "conf": 0.9679999947547913}}}, "entropy": {"mean": 0.3479999899864197, "var": 0.07999999821186066}, "var_ratio": {"mean": 0.09200000017881393, "var": 0.014000000432133675}, "std": {"mean": 0.40799999237060547, "var": 0.014000000432133675}, "nll": {"mean": 0.23199999332427979, "var": 0.2930000126361847}, "brier": {"mean": 0.06800000369548798, "var": 0.032999999821186066}, "margin": {"mean": 0.8159999847412109, "var": 0.054999999701976776}, "temperature": 1.218061923980713}}