{"test_ood_results": {"acc": 0.6323769478110314, "f1": 0.6312002183568645, "acc_and_f1": 0.6317885830839479, "ece": {"ece": 0.16519772732225407, "refinement": 0.22690059363588783, "bins": {"1": {"acc": 0.0, "conf": 0.0}, "2": {"acc": 0.0, "conf": 0.0}, "3": {"acc": 0.0, "conf": 0.0}, "4": {"acc": 0.0, "conf": 0.0}, "5": {"acc": 0.0, "conf": 0.0}, "6": {"acc": 0.534, "conf": 0.550000011920929}, "7": {"acc": 0.614, "conf": 0.6510000228881836}, "8": {"acc": 0.721, "conf": 0.7540000081062317}, "9": {"acc": 0.719, "conf": 0.8450000286102295}, "10": {"acc": 0.572, "conf": 0.9549999833106995}}}, "entropy": {"mean": 0.628000020980835, "var": 0.0860000029206276}, "var_ratio": {"mean": 0.20200000703334808, "var": 0.020999999716877937}, "std": {"mean": 0.2980000078678131, "var": 0.020999999716877937}, "nll": {"mean": 0.9010000228881836, "var": 1.190000057220459}, "brier": {"mean": 0.27900001406669617, "var": 0.10700000077486038}, "margin": {"mean": 0.5950000286102295, "var": 0.0820000022649765}, "temperature": 2.498246192932129}}