{"val_results": {"acc": 0.472, "ece": {"ece": 0.15738423728942869, "refinement": 0.24217104377104376, "bins": {"1": {"acc": 0.0, "conf": 0.0}, "2": {"acc": 0.0, "conf": 0.0}, "3": {"acc": 0.0, "conf": 0.0}, "4": {"acc": 0.0, "conf": 0.0}, "5": {"acc": 0.0, "conf": 0.0}, "6": {"acc": 0.537, "conf": 0.5479999780654907}, "7": {"acc": 0.432, "conf": 0.6449999809265137}, "8": {"acc": 0.35, "conf": 0.7310000061988831}, "9": {"acc": 0.5, "conf": 0.8299999833106995}, "10": {"acc": 1.0, "conf": 0.9070000052452087}}}, "entropy": {"mean": 0.9259999990463257, "var": 0.008999999612569809}, "var_ratio": {"mean": 0.3720000088214874, "var": 0.00800000037997961}, "std": {"mean": 0.12800000607967377, "var": 0.00800000037997961}, "nll": {"mean": 0.7770000100135803, "var": 0.12800000607967377}, "brier": {"mean": 0.28700000047683716, "var": 0.02500000037252903}, "margin": {"mean": 0.25600001215934753, "var": 0.03200000151991844}, "bert_output": null, "gold_labels": [0, 0, 1, 0, 0, 1, 1, 0, 0, 0, 0, 1, 0, 1, 0, 0, 0, 0, 0, 1, 1, 0, 0, 0, 1, 1, 1, 0, 0, 1, 0, 1, 0, 0, 1, 1, 0, 1, 1, 1, 1, 1, 0, 0, 0, 1, 0, 0, 0, 0, 0, 1, 0, 0, 1, 1, 1, 0, 1, 1, 0, 1, 0, 1, 0, 0, 0, 1, 0, 1, 1, 1, 1, 0, 1, 1, 0, 0, 0, 1, 1, 0, 1, 1, 0, 0, 1, 1, 0, 0, 1, 1, 1, 0, 1, 0, 0, 1, 1, 1, 1, 1, 1, 1, 1, 1, 0, 1, 0, 0, 1, 0, 0, 0, 1, 1, 1, 0, 0, 0, 1, 1, 0, 0, 1]}, "test_results": {"acc": 0.5523465703971119, "ece": {"ece": 0.082486818628621, "refinement": 0.24624206771766702, "bins": {"1": {"acc": 0.0, "conf": 0.0}, "2": {"acc": 0.0, "conf": 0.0}, "3": {"acc": 0.0, "conf": 0.0}, "4": {"acc": 0.0, "conf": 0.0}, "5": {"acc": 0.0, "conf": 0.0}, "6": {"acc": 0.568, "conf": 0.5490000247955322}, "7": {"acc": 0.552, "conf": 0.6439999938011169}, "8": {"acc": 0.469, "conf": 0.7480000257492065}, "9": {"acc": 0.6, "conf": 0.8429999947547913}, "10": {"acc": 0.0, "conf": 0.0}}}, "entropy": {"mean": 0.9380000233650208, "var": 0.00800000037997961}, "var_ratio": {"mean": 0.3840000033378601, "var": 0.007000000216066837}, "std": {"mean": 0.11599999666213989, "var": 0.007000000216066837}, "nll": {"mean": 0.718999981880188, "var": 0.10400000214576721}, "brier": {"mean": 0.25999999046325684, "var": 0.020999999716877937}, "margin": {"mean": 0.23100000619888306, "var": 0.028999999165534973}, "bert_output": null, "gold_labels": [1, 0, 1, 1, 0, 0, 0, 0, 0, 0, 0, 1, 1, 0, 0, 1, 1, 0, 0, 1, 0, 0, 0, 0, 1, 1, 1, 0, 1, 1, 1, 0, 1, 1, 0, 1, 1, 0, 1, 1, 0, 1, 0, 0, 0, 1, 0, 1, 1, 1, 1, 0, 1, 0, 0, 1, 0, 1, 1, 0, 0, 1, 1, 0, 1, 1, 0, 0, 0, 0, 0, 0, 1, 0, 0, 1, 0, 1, 1, 0, 1, 0, 1, 1, 1, 0, 0, 1, 0, 1, 0, 1, 0, 0, 1, 1, 1, 0, 0, 0, 0, 0, 0, 0, 0, 0, 0, 1, 0, 0, 0, 0, 0, 1, 1, 0, 0, 1, 1, 1, 1, 1, 1, 0, 1, 1, 1, 1, 0, 0, 1, 0, 0, 1, 0, 0, 1, 0, 1, 1, 1, 0, 1, 0, 1, 0, 0, 1, 0, 0, 1, 1, 0, 0, 0, 0, 1, 0, 1, 1, 0, 0, 1, 1, 0, 0, 1, 1, 1, 1, 0, 0, 1, 0, 0, 0, 0, 0, 1, 1, 0, 0, 1, 1, 0, 0, 0, 0, 0, 0, 1, 0, 1, 0, 1, 0, 1, 0, 1, 1, 0, 0, 0, 1, 0, 1, 1, 1, 1, 1, 0, 0, 0, 1, 0, 1, 0, 1, 1, 0, 0, 0, 1, 1, 0, 1, 0, 0, 1, 0, 1, 0, 1, 1, 0, 0, 1, 0, 1, 1, 0, 0, 1, 1, 1, 1, 1, 0, 1, 1, 1, 0, 1, 0, 1, 0, 0, 0, 1, 0, 0, 1, 0, 0, 1, 1, 0, 1, 0, 1, 1, 1, 0, 0, 0, 0, 1]}}