{"val_results": {"acc": 0.9432234432234432, "f1": 0.9355910099492815, "acc_and_f1": 0.9394072265863623, "ece": {"ece": 0.015422347919408221, "refinement": 0.04591291470879725, "bins": {"1": {"acc": 0.0, "conf": 0.0}, "2": {"acc": 0.0, "conf": 0.0}, "3": {"acc": 0.0, "conf": 0.0}, "4": {"acc": 0.0, "conf": 0.0}, "5": {"acc": 0.833, "conf": 0.4729999899864197}, "6": {"acc": 0.769, "conf": 0.5529999732971191}, "7": {"acc": 0.5, "conf": 0.6620000004768372}, "8": {"acc": 0.692, "conf": 0.75}, "9": {"acc": 0.875, "conf": 0.8569999933242798}, "10": {"acc": 0.969, "conf": 0.9670000076293945}}}, "entropy": {"mean": 0.37599998712539673, "var": 0.10999999940395355}, "var_ratio": {"mean": 0.06300000101327896, "var": 0.008999999612569809}, "std": {"mean": 0.34599998593330383, "var": 0.0010000000474974513}, "nll": {"mean": 0.2240000069141388, "var": 0.5559999942779541}, "brier": {"mean": 0.01600000075995922, "var": 0.004000000189989805}, "margin": {"mean": 0.9020000100135803, "var": 0.02800000086426735}, "bert_output": null, "gold_labels": [4, 2, 2, 3, 3, 1, 2, 1, 3, 3, 5, 1, 3, 3, 2, 1, 2, 1, 2, 4, 5, 4, 2, 3, 2, 3, 2, 2, 5, 4, 3, 4, 2, 5, 3, 4, 3, 3, 1, 4, 1, 1, 1, 2, 5, 2, 2, 1, 3, 2, 2, 4, 1, 1, 2, 5, 2, 5, 4, 1, 5, 5, 3, 2, 5, 5, 2, 4, 1, 3, 2, 3, 3, 1, 3, 3, 0, 3, 1, 5, 1, 5, 1, 3, 2, 2, 5, 4, 4, 2, 2, 2, 3, 5, 2, 5, 4, 2, 3, 2, 1, 3, 3, 1, 1, 1, 5, 3, 5, 4, 3, 3, 3, 4, 5, 3, 2, 5, 2, 2, 2, 4, 4, 5, 5, 3, 5, 3, 2, 2, 4, 1, 3, 4, 3, 1, 3, 3, 5, 5, 4, 4, 1, 2, 5, 4, 3, 1, 1, 3, 4, 3, 5, 4, 1, 5, 1, 3, 2, 4, 5, 1, 4, 4, 4, 5, 4, 1, 2, 1, 3, 5, 1, 3, 5, 2, 3, 3, 4, 2, 2, 5, 4, 5, 3, 4, 1, 5, 2, 1, 3, 1, 4, 5, 2, 3, 1, 3, 1, 5, 5, 1, 3, 5, 4, 2, 4, 2, 1, 1, 3, 2, 3, 5, 5, 3, 4, 1, 2, 2, 1, 4, 3, 2, 2, 5, 3, 2, 1, 4, 1, 1, 4, 1, 1, 3, 5, 5, 3, 4, 2, 2, 3, 1, 1, 5, 3, 3, 2, 2, 1, 1, 0, 5, 4, 4, 2, 3, 2, 2, 1, 2, 4, 4, 5, 3, 3, 5, 2, 4, 4, 3, 5, 4, 1, 1, 2, 3, 2, 4, 4, 3, 1, 1, 1, 5, 1, 2, 0, 3, 3, 4, 3, 3, 3, 2, 4, 4, 2, 4, 2, 3, 5, 2, 1, 3, 2, 2, 3, 1, 4, 5, 4, 1, 1, 3, 2, 1, 2, 5, 1, 1, 2, 5, 5, 1, 5, 1, 4, 4, 1, 5, 3, 2, 1, 2, 3, 2, 3, 2, 4, 3, 4, 4, 3, 3, 1, 2, 2, 1, 2, 1, 3, 2, 3, 2, 3, 3, 2, 5, 2, 1, 4, 3, 2, 2, 1, 4, 1, 2, 4, 2, 2, 3, 1, 2, 3, 5, 4, 2, 3, 4, 0, 3, 0, 2, 0, 5, 1, 4, 2, 0, 3, 3, 3, 5, 3, 3, 2, 5, 5, 1, 3, 1, 3, 1, 2, 3, 2, 5, 1, 1, 3, 2, 1, 1, 4, 2, 2, 1, 1, 3, 3, 1, 3, 5, 5, 5, 1, 1, 3, 1, 2, 3, 0, 2, 4, 5, 4, 2, 3, 2, 4, 2, 3, 3, 5, 5, 1, 3, 2, 5, 4, 1, 3, 2, 2, 1, 2, 3, 3, 3, 0, 3, 1, 4, 2, 1, 4, 4, 4, 2, 4, 3, 1, 2, 1, 2, 5, 2, 4, 2, 5, 4, 5, 5, 2, 5, 4, 3, 2, 5, 1, 2, 1, 2, 5, 1, 2, 3, 2, 3, 1, 1, 5, 3, 1, 1, 1, 2, 4, 5, 5, 2, 3, 2, 5, 5, 1, 5, 2, 1, 2, 5, 4, 1, 1, 3, 3, 3, 5, 5, 3, 1, 1, 2, 5, 4, 4, 4, 5, 1, 5, 1, 1, 1], "loss": 0.2501511324934153}, "test_results": {"acc": 0.694, "f1": 0.731689171694322, "acc_and_f1": 0.712844585847161, "ece": {"ece": 0.12576146978139877, "refinement": 0.16675395379474325, "bins": {"1": {"acc": 0.0, "conf": 0.0}, "2": {"acc": 0.0, "conf": 0.0}, "3": {"acc": 0.0, "conf": 0.0}, "4": {"acc": 0.0, "conf": 0.36399999260902405}, "5": {"acc": 0.375, "conf": 0.4620000123977661}, "6": {"acc": 0.422, "conf": 0.5509999990463257}, "7": {"acc": 0.479, "conf": 0.6489999890327454}, "8": {"acc": 0.476, "conf": 0.75}, "9": {"acc": 0.639, "conf": 0.8510000109672546}, "10": {"acc": 0.899, "conf": 0.9549999833106995}}}, "entropy": {"mean": 0.7839999794960022, "var": 0.25}, "var_ratio": {"mean": 0.17599999904632568, "var": 0.026000000536441803}, "std": {"mean": 0.30300000309944153, "var": 0.004000000189989805}, "nll": {"mean": 0.8059999942779541, "var": 1.3539999723434448}, "brier": {"mean": 0.07100000232458115, "var": 0.009999999776482582}, "margin": {"mean": 0.7059999704360962, "var": 0.08100000023841858}, "bert_output": null, "gold_labels": [5, 4, 3, 1, 5, 5, 3, 2, 1, 1, 4, 3, 5, 3, 5, 5, 2, 3, 1, 5, 3, 1, 4, 1, 1, 3, 1, 4, 4, 4, 5, 4, 1, 5, 5, 5, 4, 5, 5, 5, 2, 1, 1, 1, 2, 2, 5, 1, 5, 3, 1, 3, 3, 1, 1, 1, 5, 4, 4, 5, 4, 3, 4, 2, 4, 3, 2, 1, 5, 4, 5, 5, 4, 3, 4, 1, 2, 5, 5, 3, 1, 5, 3, 5, 5, 1, 1, 3, 1, 4, 2, 1, 5, 5, 3, 4, 5, 1, 1, 2, 1, 3, 1, 3, 4, 1, 5, 2, 5, 4, 2, 1, 5, 3, 2, 3, 5, 2, 5, 4, 5, 5, 1, 3, 5, 3, 5, 5, 1, 5, 5, 3, 1, 2, 1, 2, 4, 3, 3, 1, 1, 2, 4, 2, 1, 2, 3, 2, 1, 1, 2, 3, 1, 5, 3, 4, 4, 1, 4, 4, 1, 1, 5, 4, 2, 4, 5, 1, 4, 3, 5, 5, 5, 1, 4, 4, 4, 5, 2, 5, 4, 1, 4, 1, 2, 3, 3, 1, 4, 2, 2, 5, 5, 5, 1, 4, 2, 3, 2, 2, 2, 4, 3, 2, 5, 4, 3, 5, 1, 1, 5, 5, 4, 4, 1, 2, 1, 2, 5, 1, 1, 5, 1, 2, 4, 2, 5, 1, 4, 3, 5, 3, 1, 5, 2, 1, 4, 1, 4, 5, 4, 1, 1, 1, 1, 4, 1, 1, 1, 2, 3, 4, 2, 2, 1, 4, 5, 2, 1, 5, 3, 3, 5, 2, 5, 1, 1, 4, 5, 1, 2, 1, 1, 3, 1, 1, 1, 5, 0, 2, 4, 3, 0, 1, 4, 1, 1, 1, 1, 1, 4, 2, 5, 2, 1, 1, 2, 5, 2, 2, 0, 5, 1, 5, 5, 4, 3, 4, 3, 5, 4, 4, 5, 1, 4, 1, 3, 4, 2, 4, 1, 5, 0, 2, 5, 0, 1, 5, 5, 1, 1, 5, 2, 2, 5, 4, 1, 2, 1, 5, 5, 2, 5, 3, 5, 3, 2, 1, 5, 1, 5, 4, 2, 2, 1, 3, 5, 5, 1, 2, 1, 1, 2, 5, 1, 5, 2, 2, 1, 4, 5, 2, 1, 1, 2, 5, 4, 1, 0, 1, 3, 3, 2, 3, 5, 5, 1, 3, 1, 1, 3, 1, 2, 5, 1, 1, 1, 5, 5, 4, 3, 2, 5, 0, 5, 4, 1, 4, 5, 1, 3, 2, 4, 0, 2, 1, 1, 1, 3, 3, 5, 4, 2, 1, 4, 2, 1, 4, 1, 3, 1, 2, 4, 3, 1, 1, 1, 5, 0, 2, 3, 2, 4, 2, 3, 2, 4, 3, 5, 2, 2, 2, 2, 5, 5, 5, 2, 4, 1, 1, 3, 2, 4, 5, 4, 2, 1, 3, 1, 1, 1, 1, 2, 5, 2, 2, 1, 4, 2, 4, 2, 2, 2, 1, 4, 1, 4, 5, 2, 2, 1, 1, 2, 5, 5, 3, 2, 5, 2, 1], "loss": 0.8817413934118813}}