{"val_results": {"acc": 0.624, "ece": {"ece": 0.0414757208824158, "refinement": 0.23086868686868686, "bins": {"1": {"acc": 0.0, "conf": 0.0}, "2": {"acc": 0.0, "conf": 0.0}, "3": {"acc": 0.0, "conf": 0.0}, "4": {"acc": 0.0, "conf": 0.0}, "5": {"acc": 0.0, "conf": 0.0}, "6": {"acc": 0.591, "conf": 0.550000011920929}, "7": {"acc": 0.593, "conf": 0.6539999842643738}, "8": {"acc": 0.741, "conf": 0.7429999709129333}, "9": {"acc": 0.0, "conf": 0.0}, "10": {"acc": 0.0, "conf": 0.0}}}, "entropy": {"mean": 0.9259999990463257, "var": 0.004999999888241291}, "var_ratio": {"mean": 0.36399999260902405, "var": 0.006000000052154064}, "std": {"mean": 0.13600000739097595, "var": 0.006000000052154064}, "nll": {"mean": 0.6650000214576721, "var": 0.10199999809265137}, "brier": {"mean": 0.23600000143051147, "var": 0.02199999988079071}, "margin": {"mean": 0.27300000190734863, "var": 0.024000000208616257}, "bert_output": null, "gold_labels": [0, 0, 1, 0, 0, 1, 1, 0, 0, 0, 0, 1, 0, 1, 0, 0, 0, 0, 0, 1, 1, 0, 0, 0, 1, 1, 1, 0, 0, 1, 0, 1, 0, 0, 1, 1, 0, 1, 1, 1, 1, 1, 0, 0, 0, 1, 0, 0, 0, 0, 0, 1, 0, 0, 1, 1, 1, 0, 1, 1, 0, 1, 0, 1, 0, 0, 0, 1, 0, 1, 1, 1, 1, 0, 1, 1, 0, 0, 0, 1, 1, 0, 1, 1, 0, 0, 1, 1, 0, 0, 1, 1, 1, 0, 1, 0, 0, 1, 1, 1, 1, 1, 1, 1, 1, 1, 0, 1, 0, 0, 1, 0, 0, 0, 1, 1, 1, 0, 0, 0, 1, 1, 0, 0, 1], "loss": 0.6649057865142822}, "test_results": {"acc": 0.5992779783393501, "ece": {"ece": 0.05180696094079137, "refinement": 0.2365083004520762, "bins": {"1": {"acc": 0.0, "conf": 0.0}, "2": {"acc": 0.0, "conf": 0.0}, "3": {"acc": 0.0, "conf": 0.0}, "4": {"acc": 0.0, "conf": 0.0}, "5": {"acc": 0.0, "conf": 0.0}, "6": {"acc": 0.567, "conf": 0.5479999780654907}, "7": {"acc": 0.566, "conf": 0.6539999842643738}, "8": {"acc": 0.708, "conf": 0.7379999756813049}, "9": {"acc": 0.5, "conf": 0.8090000152587891}, "10": {"acc": 0.0, "conf": 0.0}}}, "entropy": {"mean": 0.925000011920929, "var": 0.004999999888241291}, "var_ratio": {"mean": 0.3630000054836273, "var": 0.006000000052154064}, "std": {"mean": 0.13699999451637268, "var": 0.006000000052154064}, "nll": {"mean": 0.671999990940094, "var": 0.10300000011920929}, "brier": {"mean": 0.23999999463558197, "var": 0.023000000044703484}, "margin": {"mean": 0.2750000059604645, "var": 0.02500000037252903}, "bert_output": null, "gold_labels": [1, 0, 1, 1, 0, 0, 0, 0, 0, 0, 0, 1, 1, 0, 0, 1, 1, 0, 0, 1, 0, 0, 0, 0, 1, 1, 1, 0, 1, 1, 1, 0, 1, 1, 0, 1, 1, 0, 1, 1, 0, 1, 0, 0, 0, 1, 0, 1, 1, 1, 1, 0, 1, 0, 0, 1, 0, 1, 1, 0, 0, 1, 1, 0, 1, 1, 0, 0, 0, 0, 0, 0, 1, 0, 0, 1, 0, 1, 1, 0, 1, 0, 1, 1, 1, 0, 0, 1, 0, 1, 0, 1, 0, 0, 1, 1, 1, 0, 0, 0, 0, 0, 0, 0, 0, 0, 0, 1, 0, 0, 0, 0, 0, 1, 1, 0, 0, 1, 1, 1, 1, 1, 1, 0, 1, 1, 1, 1, 0, 0, 1, 0, 0, 1, 0, 0, 1, 0, 1, 1, 1, 0, 1, 0, 1, 0, 0, 1, 0, 0, 1, 1, 0, 0, 0, 0, 1, 0, 1, 1, 0, 0, 1, 1, 0, 0, 1, 1, 1, 1, 0, 0, 1, 0, 0, 0, 0, 0, 1, 1, 0, 0, 1, 1, 0, 0, 0, 0, 0, 0, 1, 0, 1, 0, 1, 0, 1, 0, 1, 1, 0, 0, 0, 1, 0, 1, 1, 1, 1, 1, 0, 0, 0, 1, 0, 1, 0, 1, 1, 0, 0, 0, 1, 1, 0, 1, 0, 0, 1, 0, 1, 0, 1, 1, 0, 0, 1, 0, 1, 1, 0, 0, 1, 1, 1, 1, 1, 0, 1, 1, 1, 0, 1, 0, 1, 0, 0, 0, 1, 0, 0, 1, 0, 0, 1, 1, 0, 1, 0, 1, 1, 1, 0, 0, 0, 0, 1], "loss": 0.6724756360054016}}