{"val_results": {"acc": 0.672, "ece": {"ece": 0.05901251792907715, "refinement": 0.21336366612111293, "bins": {"1": {"acc": 0.0, "conf": 0.0}, "2": {"acc": 0.0, "conf": 0.0}, "3": {"acc": 0.0, "conf": 0.0}, "4": {"acc": 0.0, "conf": 0.0}, "5": {"acc": 0.0, "conf": 0.0}, "6": {"acc": 0.615, "conf": 0.546999990940094}, "7": {"acc": 0.681, "conf": 0.6449999809265137}, "8": {"acc": 0.6, "conf": 0.7630000114440918}, "9": {"acc": 0.875, "conf": 0.843999981880188}, "10": {"acc": 0.0, "conf": 0.0}}}, "entropy": {"mean": 0.9070000052452087, "var": 0.01600000075995922}, "var_ratio": {"mean": 0.3610000014305115, "var": 0.010999999940395355}, "std": {"mean": 0.13899999856948853, "var": 0.010999999940395355}, "nll": {"mean": 0.6259999871253967, "var": 0.1080000028014183}, "brier": {"mean": 0.21899999678134918, "var": 0.02199999988079071}, "margin": {"mean": 0.27799999713897705, "var": 0.04399999976158142}, "bert_output": null, "gold_labels": [0, 0, 1, 0, 0, 1, 1, 0, 0, 0, 0, 1, 0, 1, 0, 0, 0, 0, 0, 1, 1, 0, 0, 0, 1, 1, 1, 0, 0, 1, 0, 1, 0, 0, 1, 1, 0, 1, 1, 1, 1, 1, 0, 0, 0, 1, 0, 0, 0, 0, 0, 1, 0, 0, 1, 1, 1, 0, 1, 1, 0, 1, 0, 1, 0, 0, 0, 1, 0, 1, 1, 1, 1, 0, 1, 1, 0, 0, 0, 1, 1, 0, 1, 1, 0, 0, 1, 1, 0, 0, 1, 1, 1, 0, 1, 0, 0, 1, 1, 1, 1, 1, 1, 1, 1, 1, 0, 1, 0, 0, 1, 0, 0, 0, 1, 1, 1, 0, 0, 0, 1, 1, 0, 0, 1]}, "test_results": {"acc": 0.6245487364620939, "ece": {"ece": 0.015377464062040018, "refinement": 0.22826331766576644, "bins": {"1": {"acc": 0.0, "conf": 0.0}, "2": {"acc": 0.0, "conf": 0.0}, "3": {"acc": 0.0, "conf": 0.0}, "4": {"acc": 0.0, "conf": 0.0}, "5": {"acc": 0.0, "conf": 0.0}, "6": {"acc": 0.56, "conf": 0.5540000200271606}, "7": {"acc": 0.627, "conf": 0.6420000195503235}, "8": {"acc": 0.68, "conf": 0.746999979019165}, "9": {"acc": 0.833, "conf": 0.8410000205039978}, "10": {"acc": 1.0, "conf": 0.9039999842643738}}}, "entropy": {"mean": 0.9190000295639038, "var": 0.012000000104308128}, "var_ratio": {"mean": 0.36500000953674316, "var": 0.00800000037997961}, "std": {"mean": 0.13500000536441803, "var": 0.00800000037997961}, "nll": {"mean": 0.6460000276565552, "var": 0.10400000214576721}, "brier": {"mean": 0.2280000001192093, "var": 0.020999999716877937}, "margin": {"mean": 0.27000001072883606, "var": 0.03400000184774399}, "bert_output": null, "gold_labels": [1, 0, 1, 1, 0, 0, 0, 0, 0, 0, 0, 1, 1, 0, 0, 1, 1, 0, 0, 1, 0, 0, 0, 0, 1, 1, 1, 0, 1, 1, 1, 0, 1, 1, 0, 1, 1, 0, 1, 1, 0, 1, 0, 0, 0, 1, 0, 1, 1, 1, 1, 0, 1, 0, 0, 1, 0, 1, 1, 0, 0, 1, 1, 0, 1, 1, 0, 0, 0, 0, 0, 0, 1, 0, 0, 1, 0, 1, 1, 0, 1, 0, 1, 1, 1, 0, 0, 1, 0, 1, 0, 1, 0, 0, 1, 1, 1, 0, 0, 0, 0, 0, 0, 0, 0, 0, 0, 1, 0, 0, 0, 0, 0, 1, 1, 0, 0, 1, 1, 1, 1, 1, 1, 0, 1, 1, 1, 1, 0, 0, 1, 0, 0, 1, 0, 0, 1, 0, 1, 1, 1, 0, 1, 0, 1, 0, 0, 1, 0, 0, 1, 1, 0, 0, 0, 0, 1, 0, 1, 1, 0, 0, 1, 1, 0, 0, 1, 1, 1, 1, 0, 0, 1, 0, 0, 0, 0, 0, 1, 1, 0, 0, 1, 1, 0, 0, 0, 0, 0, 0, 1, 0, 1, 0, 1, 0, 1, 0, 1, 1, 0, 0, 0, 1, 0, 1, 1, 1, 1, 1, 0, 0, 0, 1, 0, 1, 0, 1, 1, 0, 0, 0, 1, 1, 0, 1, 0, 0, 1, 0, 1, 0, 1, 1, 0, 0, 1, 0, 1, 1, 0, 0, 1, 1, 1, 1, 1, 0, 1, 1, 1, 0, 1, 0, 1, 0, 0, 0, 1, 0, 0, 1, 0, 0, 1, 1, 0, 1, 0, 1, 1, 1, 0, 0, 0, 0, 1]}}