{"val_results": {"acc": 0.616, "ece": {"ece": 0.10614548873901364, "refinement": 0.21116493907983266, "bins": {"1": {"acc": 0.0, "conf": 0.0}, "2": {"acc": 0.0, "conf": 0.0}, "3": {"acc": 0.0, "conf": 0.0}, "4": {"acc": 0.0, "conf": 0.0}, "5": {"acc": 0.0, "conf": 0.0}, "6": {"acc": 0.426, "conf": 0.5509999990463257}, "7": {"acc": 0.745, "conf": 0.6460000276565552}, "8": {"acc": 0.611, "conf": 0.753000020980835}, "9": {"acc": 0.846, "conf": 0.8320000171661377}, "10": {"acc": 0.0, "conf": 0.0}}}, "entropy": {"mean": 0.9070000052452087, "var": 0.012000000104308128}, "var_ratio": {"mean": 0.35499998927116394, "var": 0.008999999612569809}, "std": {"mean": 0.14499999582767487, "var": 0.008999999612569809}, "nll": {"mean": 0.6269999742507935, "var": 0.1080000028014183}, "brier": {"mean": 0.21899999678134918, "var": 0.023000000044703484}, "margin": {"mean": 0.28999999165534973, "var": 0.03799999877810478}, "temperature": 1.4983093738555908}, "test_results": {"acc": 0.6462093862815884, "ece": {"ece": 0.031399673072870046, "refinement": 0.22242457452294995, "bins": {"1": {"acc": 0.0, "conf": 0.0}, "2": {"acc": 0.0, "conf": 0.0}, "3": {"acc": 0.0, "conf": 0.0}, "4": {"acc": 0.0, "conf": 0.0}, "5": {"acc": 0.0, "conf": 0.0}, "6": {"acc": 0.542, "conf": 0.546999990940094}, "7": {"acc": 0.688, "conf": 0.6439999938011169}, "8": {"acc": 0.719, "conf": 0.7570000290870667}, "9": {"acc": 0.762, "conf": 0.8289999961853027}, "10": {"acc": 0.0, "conf": 0.0}}}, "entropy": {"mean": 0.9179999828338623, "var": 0.008999999612569809}, "var_ratio": {"mean": 0.3619999885559082, "var": 0.00800000037997961}, "std": {"mean": 0.1379999965429306, "var": 0.00800000037997961}, "nll": {"mean": 0.6420000195503235, "var": 0.10700000077486038}, "brier": {"mean": 0.22499999403953552, "var": 0.02199999988079071}, "margin": {"mean": 0.2759999930858612, "var": 0.03200000151991844}, "temperature": 1.4983093738555908}}