{"val_results": {"acc": 0.704, "ece": {"ece": 0.07823426055908203, "refinement": 0.19967138047138047, "bins": {"1": {"acc": 0.0, "conf": 0.0}, "2": {"acc": 0.0, "conf": 0.0}, "3": {"acc": 0.0, "conf": 0.0}, "4": {"acc": 0.0, "conf": 0.0}, "5": {"acc": 0.0, "conf": 0.0}, "6": {"acc": 0.545, "conf": 0.550000011920929}, "7": {"acc": 0.758, "conf": 0.6499999761581421}, "8": {"acc": 0.697, "conf": 0.7440000176429749}, "9": {"acc": 0.815, "conf": 0.8659999966621399}, "10": {"acc": 0.6, "conf": 0.9229999780654907}}}, "entropy": {"mean": 0.7900000214576721, "var": 0.03799999877810478}, "var_ratio": {"mean": 0.27399998903274536, "var": 0.014999999664723873}, "std": {"mean": 0.22599999606609344, "var": 0.014999999664723873}, "nll": {"mean": 0.640999972820282, "var": 0.3720000088214874}, "brier": {"mean": 0.2150000035762787, "var": 0.05299999937415123}, "margin": {"mean": 0.45100000500679016, "var": 0.05999999865889549}, "bert_output": null, "gold_labels": [0, 0, 1, 0, 0, 1, 1, 0, 0, 0, 0, 1, 0, 1, 0, 0, 0, 0, 0, 1, 1, 0, 0, 0, 1, 1, 1, 0, 0, 1, 0, 1, 0, 0, 1, 1, 0, 1, 1, 1, 1, 1, 0, 0, 0, 1, 0, 0, 0, 0, 0, 1, 0, 0, 1, 1, 1, 0, 1, 1, 0, 1, 0, 1, 0, 0, 0, 1, 0, 1, 1, 1, 1, 0, 1, 1, 0, 0, 0, 1, 1, 0, 1, 1, 0, 0, 1, 1, 0, 0, 1, 1, 1, 0, 1, 0, 0, 1, 1, 1, 1, 1, 1, 1, 1, 1, 0, 1, 0, 0, 1, 0, 0, 0, 1, 1, 1, 0, 0, 0, 1, 1, 0, 0, 1]}, "test_results": {"acc": 0.6245487364620939, "ece": {"ece": 0.09730627067682973, "refinement": 0.222722341841685, "bins": {"1": {"acc": 0.0, "conf": 0.0}, "2": {"acc": 0.0, "conf": 0.0}, "3": {"acc": 0.0, "conf": 0.0}, "4": {"acc": 0.0, "conf": 0.0}, "5": {"acc": 0.0, "conf": 0.0}, "6": {"acc": 0.408, "conf": 0.5519999861717224}, "7": {"acc": 0.617, "conf": 0.6549999713897705}, "8": {"acc": 0.663, "conf": 0.7390000224113464}, "9": {"acc": 0.75, "conf": 0.859000027179718}, "10": {"acc": 0.696, "conf": 0.9190000295639038}}}, "entropy": {"mean": 0.8029999732971191, "var": 0.03200000151991844}, "var_ratio": {"mean": 0.27799999713897705, "var": 0.013000000268220901}, "std": {"mean": 0.22200000286102295, "var": 0.013000000268220901}, "nll": {"mean": 0.6660000085830688, "var": 0.3149999976158142}, "brier": {"mean": 0.23100000619888306, "var": 0.052000001072883606}, "margin": {"mean": 0.4440000057220459, "var": 0.052000001072883606}, "bert_output": null, "gold_labels": [1, 0, 1, 1, 0, 0, 0, 0, 0, 0, 0, 1, 1, 0, 0, 1, 1, 0, 0, 1, 0, 0, 0, 0, 1, 1, 1, 0, 1, 1, 1, 0, 1, 1, 0, 1, 1, 0, 1, 1, 0, 1, 0, 0, 0, 1, 0, 1, 1, 1, 1, 0, 1, 0, 0, 1, 0, 1, 1, 0, 0, 1, 1, 0, 1, 1, 0, 0, 0, 0, 0, 0, 1, 0, 0, 1, 0, 1, 1, 0, 1, 0, 1, 1, 1, 0, 0, 1, 0, 1, 0, 1, 0, 0, 1, 1, 1, 0, 0, 0, 0, 0, 0, 0, 0, 0, 0, 1, 0, 0, 0, 0, 0, 1, 1, 0, 0, 1, 1, 1, 1, 1, 1, 0, 1, 1, 1, 1, 0, 0, 1, 0, 0, 1, 0, 0, 1, 0, 1, 1, 1, 0, 1, 0, 1, 0, 0, 1, 0, 0, 1, 1, 0, 0, 0, 0, 1, 0, 1, 1, 0, 0, 1, 1, 0, 0, 1, 1, 1, 1, 0, 0, 1, 0, 0, 0, 0, 0, 1, 1, 0, 0, 1, 1, 0, 0, 0, 0, 0, 0, 1, 0, 1, 0, 1, 0, 1, 0, 1, 1, 0, 0, 0, 1, 0, 1, 1, 1, 1, 1, 0, 0, 0, 1, 0, 1, 0, 1, 1, 0, 0, 0, 1, 1, 0, 1, 0, 0, 1, 0, 1, 0, 1, 1, 0, 0, 1, 0, 1, 1, 0, 0, 1, 1, 1, 1, 1, 0, 1, 1, 1, 0, 1, 0, 1, 0, 0, 0, 1, 0, 0, 1, 0, 0, 1, 1, 0, 1, 0, 1, 1, 1, 0, 0, 0, 0, 1]}}