{"val_results": {"acc": 0.664, "ece": {"ece": 0.09341029357910155, "refinement": 0.2011810776942356, "bins": {"1": {"acc": 0.0, "conf": 0.0}, "2": {"acc": 0.0, "conf": 0.0}, "3": {"acc": 0.0, "conf": 0.0}, "4": {"acc": 0.0, "conf": 0.0}, "5": {"acc": 0.0, "conf": 0.0}, "6": {"acc": 0.524, "conf": 0.5559999942779541}, "7": {"acc": 0.625, "conf": 0.6579999923706055}, "8": {"acc": 0.531, "conf": 0.7509999871253967}, "9": {"acc": 0.789, "conf": 0.8519999980926514}, "10": {"acc": 1.0, "conf": 0.9190000295639038}}}, "entropy": {"mean": 0.7639999985694885, "var": 0.03500000014901161}, "var_ratio": {"mean": 0.25600001215934753, "var": 0.014000000432133675}, "std": {"mean": 0.24400000274181366, "var": 0.014000000432133675}, "nll": {"mean": 0.6150000095367432, "var": 0.2930000126361847}, "brier": {"mean": 0.2150000035762787, "var": 0.052000001072883606}, "margin": {"mean": 0.48899999260902405, "var": 0.05700000002980232}, "bert_output": null, "gold_labels": [0, 0, 1, 0, 0, 1, 1, 0, 0, 0, 0, 1, 0, 1, 0, 0, 0, 0, 0, 1, 1, 0, 0, 0, 1, 1, 1, 0, 0, 1, 0, 1, 0, 0, 1, 1, 0, 1, 1, 1, 1, 1, 0, 0, 0, 1, 0, 0, 0, 0, 0, 1, 0, 0, 1, 1, 1, 0, 1, 1, 0, 1, 0, 1, 0, 0, 0, 1, 0, 1, 1, 1, 1, 0, 1, 1, 0, 0, 0, 1, 1, 0, 1, 1, 0, 0, 1, 1, 0, 0, 1, 1, 1, 0, 1, 0, 0, 1, 1, 1, 1, 1, 1, 1, 1, 1, 0, 1, 0, 0, 1, 0, 0, 0, 1, 1, 1, 0, 0, 0, 1, 1, 0, 0, 1]}, "test_results": {"acc": 0.6425992779783394, "ece": {"ece": 0.09078024096437308, "refinement": 0.22042597380400009, "bins": {"1": {"acc": 0.0, "conf": 0.0}, "2": {"acc": 0.0, "conf": 0.0}, "3": {"acc": 0.0, "conf": 0.0}, "4": {"acc": 0.0, "conf": 0.0}, "5": {"acc": 0.0, "conf": 0.0}, "6": {"acc": 0.511, "conf": 0.5580000281333923}, "7": {"acc": 0.554, "conf": 0.652999997138977}, "8": {"acc": 0.746, "conf": 0.7490000128746033}, "9": {"acc": 0.671, "conf": 0.8489999771118164}, "10": {"acc": 0.867, "conf": 0.9200000166893005}}}, "entropy": {"mean": 0.7889999747276306, "var": 0.032999999821186066}, "var_ratio": {"mean": 0.27000001072883606, "var": 0.014000000432133675}, "std": {"mean": 0.23000000417232513, "var": 0.014000000432133675}, "nll": {"mean": 0.6589999794960022, "var": 0.3109999895095825}, "brier": {"mean": 0.23000000417232513, "var": 0.05299999937415123}, "margin": {"mean": 0.46000000834465027, "var": 0.054999999701976776}, "bert_output": null, "gold_labels": [1, 0, 1, 1, 0, 0, 0, 0, 0, 0, 0, 1, 1, 0, 0, 1, 1, 0, 0, 1, 0, 0, 0, 0, 1, 1, 1, 0, 1, 1, 1, 0, 1, 1, 0, 1, 1, 0, 1, 1, 0, 1, 0, 0, 0, 1, 0, 1, 1, 1, 1, 0, 1, 0, 0, 1, 0, 1, 1, 0, 0, 1, 1, 0, 1, 1, 0, 0, 0, 0, 0, 0, 1, 0, 0, 1, 0, 1, 1, 0, 1, 0, 1, 1, 1, 0, 0, 1, 0, 1, 0, 1, 0, 0, 1, 1, 1, 0, 0, 0, 0, 0, 0, 0, 0, 0, 0, 1, 0, 0, 0, 0, 0, 1, 1, 0, 0, 1, 1, 1, 1, 1, 1, 0, 1, 1, 1, 1, 0, 0, 1, 0, 0, 1, 0, 0, 1, 0, 1, 1, 1, 0, 1, 0, 1, 0, 0, 1, 0, 0, 1, 1, 0, 0, 0, 0, 1, 0, 1, 1, 0, 0, 1, 1, 0, 0, 1, 1, 1, 1, 0, 0, 1, 0, 0, 0, 0, 0, 1, 1, 0, 0, 1, 1, 0, 0, 0, 0, 0, 0, 1, 0, 1, 0, 1, 0, 1, 0, 1, 1, 0, 0, 0, 1, 0, 1, 1, 1, 1, 1, 0, 0, 0, 1, 0, 1, 0, 1, 1, 0, 0, 0, 1, 1, 0, 1, 0, 0, 1, 0, 1, 0, 1, 1, 0, 0, 1, 0, 1, 1, 0, 0, 1, 1, 1, 1, 1, 0, 1, 1, 1, 0, 1, 0, 1, 0, 0, 0, 1, 0, 0, 1, 0, 0, 1, 1, 0, 1, 0, 1, 1, 1, 0, 0, 0, 0, 1]}}