{"val_results": {"acc": 0.544, "ece": {"ece": 0.034292000293731646, "refinement": 0.24567741935483872, "bins": {"1": {"acc": 0.0, "conf": 0.0}, "2": {"acc": 0.0, "conf": 0.0}, "3": {"acc": 0.0, "conf": 0.0}, "4": {"acc": 0.0, "conf": 0.0}, "5": {"acc": 0.0, "conf": 0.0}, "6": {"acc": 0.548, "conf": 0.5189999938011169}, "7": {"acc": 0.0, "conf": 0.6150000095367432}, "8": {"acc": 0.0, "conf": 0.0}, "9": {"acc": 0.0, "conf": 0.0}, "10": {"acc": 0.0, "conf": 0.0}}}, "entropy": {"mean": 0.9980000257492065, "var": 0.0}, "var_ratio": {"mean": 0.47999998927116394, "var": 0.0}, "std": {"mean": 0.019999999552965164, "var": 0.0}, "nll": {"mean": 0.6980000138282776, "var": 0.003000000026077032}, "brier": {"mean": 0.25200000405311584, "var": 0.0010000000474974513}, "margin": {"mean": 0.039000000804662704, "var": 0.0010000000474974513}, "temperature": 1.5000025033950806}, "test_results": {"acc": 0.5270758122743683, "ece": {"ece": 0.007035556037503461, "refinement": 0.24845654789933552, "bins": {"1": {"acc": 0.0, "conf": 0.0}, "2": {"acc": 0.0, "conf": 0.0}, "3": {"acc": 0.0, "conf": 0.0}, "4": {"acc": 0.0, "conf": 0.0}, "5": {"acc": 0.0, "conf": 0.0}, "6": {"acc": 0.525, "conf": 0.5199999809265137}, "7": {"acc": 1.0, "conf": 0.609000027179718}, "8": {"acc": 0.0, "conf": 0.0}, "9": {"acc": 0.0, "conf": 0.0}, "10": {"acc": 0.0, "conf": 0.0}}}, "entropy": {"mean": 0.9980000257492065, "var": 0.0}, "var_ratio": {"mean": 0.47999998927116394, "var": 0.0}, "std": {"mean": 0.019999999552965164, "var": 0.0}, "nll": {"mean": 0.6940000057220459, "var": 0.003000000026077032}, "brier": {"mean": 0.25, "var": 0.0010000000474974513}, "margin": {"mean": 0.03999999910593033, "var": 0.0010000000474974513}, "temperature": 1.5000025033950806}}