{"test_ood_results": {"acc": 0.8659738590100707, "f1": 0.6089402938418256, "acc_and_f1": 0.7374570764259482, "ece": {"ece": 0.07547432570557583, "refinement": 0.10038150008601276, "bins": {"1": {"acc": 0.0, "conf": 0.0}, "2": {"acc": 0.0, "conf": 0.0}, "3": {"acc": 0.0, "conf": 0.0}, "4": {"acc": 0.0, "conf": 0.0}, "5": {"acc": 0.0, "conf": 0.0}, "6": {"acc": 0.555, "conf": 0.5529999732971191}, "7": {"acc": 0.55, "conf": 0.652999997138977}, "8": {"acc": 0.627, "conf": 0.7509999871253967}, "9": {"acc": 0.663, "conf": 0.8529999852180481}, "10": {"acc": 0.926, "conf": 0.9900000095367432}}}, "entropy": {"mean": 0.19599999487400055, "var": 0.09700000286102295}, "var_ratio": {"mean": 0.05900000035762787, "var": 0.013000000268220901}, "std": {"mean": 0.4410000145435333, "var": 0.013000000268220901}, "nll": {"mean": 0.4090000092983246, "var": 1.378000020980835}, "brier": {"mean": 0.10499999672174454, "var": 0.06599999964237213}, "margin": {"mean": 0.8830000162124634, "var": 0.05299999937415123}, "temperature": 10.671549797058105}}