{"val_results": {"acc": 0.894462003572901, "f1": 0.8612516259575083, "acc_and_f1": 0.8778568147652046, "ece": {"ece": 0.003395405308106342, "refinement": 0.0780959582398224, "bins": {"1": {"acc": 0.0, "conf": 0.0}, "2": {"acc": 0.0, "conf": 0.0}, "3": {"acc": 0.0, "conf": 0.0}, "4": {"acc": 0.0, "conf": 0.0}, "5": {"acc": 0.0, "conf": 0.0}, "6": {"acc": 0.551, "conf": 0.5509999990463257}, "7": {"acc": 0.647, "conf": 0.652999997138977}, "8": {"acc": 0.735, "conf": 0.7540000081062317}, "9": {"acc": 0.849, "conf": 0.8560000061988831}, "10": {"acc": 0.975, "conf": 0.9739999771118164}}}, "entropy": {"mean": 0.3610000014305115, "var": 0.10700000077486038}, "var_ratio": {"mean": 0.10300000011920929, "var": 0.01600000075995922}, "std": {"mean": 0.3970000147819519, "var": 0.01600000075995922}, "nll": {"mean": 0.25, "var": 0.27799999713897705}, "brier": {"mean": 0.07699999958276749, "var": 0.03400000184774399}, "margin": {"mean": 0.7940000295639038, "var": 0.06499999761581421}, "temperature": 1.11}, "test_result": {"acc": 0.8908978481325748, "f1": 0.8558261153783299, "acc_and_f1": 0.8733619817554523, "ece": {"ece": 0.006346367943443172, "refinement": 0.07951570500125556, "bins": {"1": {"acc": 0.0, "conf": 0.0}, "2": {"acc": 0.0, "conf": 0.0}, "3": {"acc": 0.0, "conf": 0.0}, "4": {"acc": 0.0, "conf": 0.0}, "5": {"acc": 0.0, "conf": 0.0}, "6": {"acc": 0.538, "conf": 0.550000011920929}, "7": {"acc": 0.634, "conf": 0.6520000100135803}, "8": {"acc": 0.724, "conf": 0.7540000081062317}, "9": {"acc": 0.846, "conf": 0.8560000061988831}, "10": {"acc": 0.975, "conf": 0.9739999771118164}}}, "entropy": {"mean": 0.3630000054836273, "var": 0.1080000028014183}, "var_ratio": {"mean": 0.10400000214576721, "var": 0.017000000923871994}, "std": {"mean": 0.3959999978542328, "var": 0.017000000923871994}, "nll": {"mean": 0.2540000081062317, "var": 0.28200000524520874}, "brier": {"mean": 0.07900000363588333, "var": 0.03500000014901161}, "margin": {"mean": 0.7919999957084656, "var": 0.06599999964237213}, "temperature": 1.11}}