{"test_ood_results": {"acc": 0.6662379421221865, "f1": 0.6272993426503894, "acc_and_f1": 0.646768642386288, "ece": {"ece": 0.13452715853373368, "refinement": 0.2141450299167235, "bins": {"1": {"acc": 0.0, "conf": 0.0}, "2": {"acc": 0.0, "conf": 0.0}, "3": {"acc": 0.0, "conf": 0.0}, "4": {"acc": 0.0, "conf": 0.0}, "5": {"acc": 0.0, "conf": 0.0}, "6": {"acc": 0.52, "conf": 0.5509999990463257}, "7": {"acc": 0.58, "conf": 0.652999997138977}, "8": {"acc": 0.696, "conf": 0.7559999823570251}, "9": {"acc": 0.785, "conf": 0.8420000076293945}, "10": {"acc": 0.612, "conf": 0.953000009059906}}}, "entropy": {"mean": 0.6380000114440918, "var": 0.07199999690055847}, "var_ratio": {"mean": 0.19900000095367432, "var": 0.017000000923871994}, "std": {"mean": 0.3009999990463257, "var": 0.017000000923871994}, "nll": {"mean": 0.7889999747276306, "var": 0.9679999947547913}, "brier": {"mean": 0.24899999797344208, "var": 0.09600000083446503}, "margin": {"mean": 0.6019999980926514, "var": 0.0689999982714653}, "temperature": 2.210010528564453}}