{"val_results": {"acc": 0.64, "ece": {"ece": 0.07386083650588991, "refinement": 0.20434345954712743, "bins": {"1": {"acc": 0.0, "conf": 0.0}, "2": {"acc": 0.0, "conf": 0.0}, "3": {"acc": 0.0, "conf": 0.0}, "4": {"acc": 0.0, "conf": 0.0}, "5": {"acc": 0.0, "conf": 0.0}, "6": {"acc": 0.382, "conf": 0.5529999732971191}, "7": {"acc": 0.696, "conf": 0.6480000019073486}, "8": {"acc": 0.78, "conf": 0.7570000290870667}, "9": {"acc": 0.75, "conf": 0.8140000104904175}, "10": {"acc": 0.0, "conf": 0.0}}}, "entropy": {"mean": 0.8960000276565552, "var": 0.00800000037997961}, "var_ratio": {"mean": 0.3370000123977661, "var": 0.00800000037997961}, "std": {"mean": 0.16300000250339508, "var": 0.00800000037997961}, "nll": {"mean": 0.6060000061988831, "var": 0.11900000274181366}, "brier": {"mean": 0.20900000631809235, "var": 0.02500000037252903}, "margin": {"mean": 0.32600000500679016, "var": 0.03099999949336052}, "bert_output": null, "gold_labels": [0, 0, 1, 0, 0, 1, 1, 0, 0, 0, 0, 1, 0, 1, 0, 0, 0, 0, 0, 1, 1, 0, 0, 0, 1, 1, 1, 0, 0, 1, 0, 1, 0, 0, 1, 1, 0, 1, 1, 1, 1, 1, 0, 0, 0, 1, 0, 0, 0, 0, 0, 1, 0, 0, 1, 1, 1, 0, 1, 1, 0, 1, 0, 1, 0, 0, 0, 1, 0, 1, 1, 1, 1, 0, 1, 1, 0, 0, 0, 1, 1, 0, 1, 1, 0, 0, 1, 1, 0, 0, 1, 1, 1, 0, 1, 0, 0, 1, 1, 1, 1, 1, 1, 1, 1, 1, 0, 1, 0, 0, 1, 0, 0, 0, 1, 1, 1, 0, 0, 0, 1, 1, 0, 0, 1]}, "test_results": {"acc": 0.628158844765343, "ece": {"ece": 0.028165306855625193, "refinement": 0.2233921437705827, "bins": {"1": {"acc": 0.0, "conf": 0.0}, "2": {"acc": 0.0, "conf": 0.0}, "3": {"acc": 0.0, "conf": 0.0}, "4": {"acc": 0.0, "conf": 0.0}, "5": {"acc": 0.0, "conf": 0.0}, "6": {"acc": 0.552, "conf": 0.5540000200271606}, "7": {"acc": 0.591, "conf": 0.6510000228881836}, "8": {"acc": 0.793, "conf": 0.7559999823570251}, "9": {"acc": 0.8, "conf": 0.8119999766349792}, "10": {"acc": 0.0, "conf": 0.0}}}, "entropy": {"mean": 0.9150000214576721, "var": 0.008999999612569809}, "var_ratio": {"mean": 0.35899999737739563, "var": 0.00800000037997961}, "std": {"mean": 0.14100000262260437, "var": 0.00800000037997961}, "nll": {"mean": 0.6349999904632568, "var": 0.10400000214576721}, "brier": {"mean": 0.22300000488758087, "var": 0.02199999988079071}, "margin": {"mean": 0.28200000524520874, "var": 0.032999999821186066}, "bert_output": null, "gold_labels": [1, 0, 1, 1, 0, 0, 0, 0, 0, 0, 0, 1, 1, 0, 0, 1, 1, 0, 0, 1, 0, 0, 0, 0, 1, 1, 1, 0, 1, 1, 1, 0, 1, 1, 0, 1, 1, 0, 1, 1, 0, 1, 0, 0, 0, 1, 0, 1, 1, 1, 1, 0, 1, 0, 0, 1, 0, 1, 1, 0, 0, 1, 1, 0, 1, 1, 0, 0, 0, 0, 0, 0, 1, 0, 0, 1, 0, 1, 1, 0, 1, 0, 1, 1, 1, 0, 0, 1, 0, 1, 0, 1, 0, 0, 1, 1, 1, 0, 0, 0, 0, 0, 0, 0, 0, 0, 0, 1, 0, 0, 0, 0, 0, 1, 1, 0, 0, 1, 1, 1, 1, 1, 1, 0, 1, 1, 1, 1, 0, 0, 1, 0, 0, 1, 0, 0, 1, 0, 1, 1, 1, 0, 1, 0, 1, 0, 0, 1, 0, 0, 1, 1, 0, 0, 0, 0, 1, 0, 1, 1, 0, 0, 1, 1, 0, 0, 1, 1, 1, 1, 0, 0, 1, 0, 0, 0, 0, 0, 1, 1, 0, 0, 1, 1, 0, 0, 0, 0, 0, 0, 1, 0, 1, 0, 1, 0, 1, 0, 1, 1, 0, 0, 0, 1, 0, 1, 1, 1, 1, 1, 0, 0, 0, 1, 0, 1, 0, 1, 1, 0, 0, 0, 1, 1, 0, 1, 0, 0, 1, 0, 1, 0, 1, 1, 0, 0, 1, 0, 1, 1, 0, 0, 1, 1, 1, 1, 1, 0, 1, 1, 1, 0, 1, 0, 1, 0, 0, 0, 1, 0, 0, 1, 0, 0, 1, 1, 0, 1, 0, 1, 1, 1, 0, 0, 0, 0, 1]}}