{"val_results": {"acc": 0.648, "ece": {"ece": 0.021893262386322023, "refinement": 0.21443516251869987, "bins": {"1": {"acc": 0.0, "conf": 0.0}, "2": {"acc": 0.0, "conf": 0.0}, "3": {"acc": 0.0, "conf": 0.0}, "4": {"acc": 0.0, "conf": 0.0}, "5": {"acc": 0.0, "conf": 0.0}, "6": {"acc": 0.558, "conf": 0.5529999732971191}, "7": {"acc": 0.632, "conf": 0.6589999794960022}, "8": {"acc": 0.719, "conf": 0.7440000176429749}, "9": {"acc": 0.889, "conf": 0.8360000252723694}, "10": {"acc": 1.0, "conf": 0.9340000152587891}}}, "entropy": {"mean": 0.8849999904632568, "var": 0.017999999225139618}, "var_ratio": {"mean": 0.335999995470047, "var": 0.009999999776482582}, "std": {"mean": 0.164000004529953, "var": 0.009999999776482582}, "nll": {"mean": 0.6150000095367432, "var": 0.12800000607967377}, "brier": {"mean": 0.2150000035762787, "var": 0.026000000536441803}, "margin": {"mean": 0.3269999921321869, "var": 0.041999999433755875}, "bert_output": null, "gold_labels": [0, 0, 1, 0, 0, 1, 1, 0, 0, 0, 0, 1, 0, 1, 0, 0, 0, 0, 0, 1, 1, 0, 0, 0, 1, 1, 1, 0, 0, 1, 0, 1, 0, 0, 1, 1, 0, 1, 1, 1, 1, 1, 0, 0, 0, 1, 0, 0, 0, 0, 0, 1, 0, 0, 1, 1, 1, 0, 1, 1, 0, 1, 0, 1, 0, 0, 0, 1, 0, 1, 1, 1, 1, 0, 1, 1, 0, 0, 0, 1, 1, 0, 1, 1, 0, 0, 1, 1, 0, 0, 1, 1, 1, 0, 1, 0, 0, 1, 1, 1, 1, 1, 1, 1, 1, 1, 0, 1, 0, 0, 1, 0, 0, 0, 1, 1, 1, 0, 0, 0, 1, 1, 0, 0, 1]}, "test_results": {"acc": 0.6462093862815884, "ece": {"ece": 0.0348078595602125, "refinement": 0.22357994471555148, "bins": {"1": {"acc": 0.0, "conf": 0.0}, "2": {"acc": 0.0, "conf": 0.0}, "3": {"acc": 0.0, "conf": 0.0}, "4": {"acc": 0.0, "conf": 0.0}, "5": {"acc": 0.0, "conf": 0.0}, "6": {"acc": 0.551, "conf": 0.5529999732971191}, "7": {"acc": 0.634, "conf": 0.6570000052452087}, "8": {"acc": 0.675, "conf": 0.7400000095367432}, "9": {"acc": 0.773, "conf": 0.8460000157356262}, "10": {"acc": 1.0, "conf": 0.9300000071525574}}}, "entropy": {"mean": 0.8769999742507935, "var": 0.01600000075995922}, "var_ratio": {"mean": 0.32499998807907104, "var": 0.008999999612569809}, "std": {"mean": 0.17499999701976776, "var": 0.008999999612569809}, "nll": {"mean": 0.6380000114440918, "var": 0.15700000524520874}, "brier": {"mean": 0.2240000069141388, "var": 0.03200000151991844}, "margin": {"mean": 0.3499999940395355, "var": 0.03700000047683716}, "bert_output": null, "gold_labels": [1, 0, 1, 1, 0, 0, 0, 0, 0, 0, 0, 1, 1, 0, 0, 1, 1, 0, 0, 1, 0, 0, 0, 0, 1, 1, 1, 0, 1, 1, 1, 0, 1, 1, 0, 1, 1, 0, 1, 1, 0, 1, 0, 0, 0, 1, 0, 1, 1, 1, 1, 0, 1, 0, 0, 1, 0, 1, 1, 0, 0, 1, 1, 0, 1, 1, 0, 0, 0, 0, 0, 0, 1, 0, 0, 1, 0, 1, 1, 0, 1, 0, 1, 1, 1, 0, 0, 1, 0, 1, 0, 1, 0, 0, 1, 1, 1, 0, 0, 0, 0, 0, 0, 0, 0, 0, 0, 1, 0, 0, 0, 0, 0, 1, 1, 0, 0, 1, 1, 1, 1, 1, 1, 0, 1, 1, 1, 1, 0, 0, 1, 0, 0, 1, 0, 0, 1, 0, 1, 1, 1, 0, 1, 0, 1, 0, 0, 1, 0, 0, 1, 1, 0, 0, 0, 0, 1, 0, 1, 1, 0, 0, 1, 1, 0, 0, 1, 1, 1, 1, 0, 0, 1, 0, 0, 0, 0, 0, 1, 1, 0, 0, 1, 1, 0, 0, 0, 0, 0, 0, 1, 0, 1, 0, 1, 0, 1, 0, 1, 1, 0, 0, 0, 1, 0, 1, 1, 1, 1, 1, 0, 0, 0, 1, 0, 1, 0, 1, 1, 0, 0, 0, 1, 1, 0, 1, 0, 0, 1, 0, 1, 0, 1, 1, 0, 0, 1, 0, 1, 1, 0, 0, 1, 1, 1, 1, 1, 0, 1, 1, 1, 0, 1, 0, 1, 0, 0, 0, 1, 0, 0, 1, 0, 0, 1, 1, 0, 1, 0, 1, 1, 1, 0, 0, 0, 0, 1]}}