{"val_results": {"acc": 0.9578754578754579, "f1": 0.9474911998792622, "acc_and_f1": 0.9526833288773601, "ece": {"ece": 0.03719173393625038, "refinement": 0.035516703434151795, "bins": {"1": {"acc": 0.0, "conf": 0.0}, "2": {"acc": 0.0, "conf": 0.0}, "3": {"acc": 0.0, "conf": 0.0}, "4": {"acc": 0.0, "conf": 0.0}, "5": {"acc": 1.0, "conf": 0.46799999475479126}, "6": {"acc": 1.0, "conf": 0.5320000052452087}, "7": {"acc": 0.5, "conf": 0.6420000195503235}, "8": {"acc": 0.25, "conf": 0.7649999856948853}, "9": {"acc": 0.75, "conf": 0.8899999856948853}, "10": {"acc": 0.966, "conf": 0.9959999918937683}}}, "entropy": {"mean": 0.05299999937415123, "var": 0.023000000044703484}, "var_ratio": {"mean": 0.009999999776482582, "var": 0.0020000000949949026}, "std": {"mean": 0.36899998784065247, "var": 0.0}, "nll": {"mean": 0.20999999344348907, "var": 1.1490000486373901}, "brier": {"mean": 0.013000000268220901, "var": 0.004000000189989805}, "margin": {"mean": 0.9810000061988831, "var": 0.00800000037997961}, "temperature": 0.7738616466522217}, "test_results": {"acc": 0.808, "f1": 0.8154688569127547, "acc_and_f1": 0.8117344284563774, "ece": {"ece": 0.14412434279918676, "refinement": 0.13293519813519816, "bins": {"1": {"acc": 0.0, "conf": 0.0}, "2": {"acc": 0.0, "conf": 0.0}, "3": {"acc": 0.0, "conf": 0.0}, "4": {"acc": 0.0, "conf": 0.0}, "5": {"acc": 0.5, "conf": 0.4779999852180481}, "6": {"acc": 0.308, "conf": 0.5440000295639038}, "7": {"acc": 0.385, "conf": 0.6600000262260437}, "8": {"acc": 0.467, "conf": 0.765999972820282}, "9": {"acc": 0.538, "conf": 0.8569999933242798}, "10": {"acc": 0.867, "conf": 0.9900000095367432}}}, "entropy": {"mean": 0.19499999284744263, "var": 0.10700000077486038}, "var_ratio": {"mean": 0.04800000041723251, "var": 0.012000000104308128}, "std": {"mean": 0.3540000021457672, "var": 0.0010000000474974513}, "nll": {"mean": 0.9290000200271606, "var": 4.76200008392334}, "brier": {"mean": 0.05400000140070915, "var": 0.012000000104308128}, "margin": {"mean": 0.9100000262260437, "var": 0.04100000113248825}, "temperature": 0.7738616466522217}}