{"val_results": {"mcc": 0.5549883442193204, "ece": {"ece": 0.03484261370150843, "refinement": 0.13029943571102381, "bins": {"1": {"acc": 0.0, "conf": 0.0}, "2": {"acc": 0.0, "conf": 0.0}, "3": {"acc": 0.0, "conf": 0.0}, "4": {"acc": 0.0, "conf": 0.0}, "5": {"acc": 0.0, "conf": 0.0}, "6": {"acc": 0.515, "conf": 0.5509999990463257}, "7": {"acc": 0.72, "conf": 0.6489999890327454}, "8": {"acc": 0.726, "conf": 0.7590000033378601}, "9": {"acc": 0.811, "conf": 0.8600000143051147}, "10": {"acc": 0.945, "conf": 0.9290000200271606}}}, "entropy": {"mean": 0.5889999866485596, "var": 0.052000001072883606}, "var_ratio": {"mean": 0.17000000178813934, "var": 0.014999999664723873}, "std": {"mean": 0.33000001311302185, "var": 0.014999999664723873}, "nll": {"mean": 0.41499999165534973, "var": 0.3499999940395355}, "brier": {"mean": 0.13099999725818634, "var": 0.050999999046325684}, "margin": {"mean": 0.6600000262260437, "var": 0.057999998331069946}, "temperature": 1.4216886758804321}, "test_results": {"mcc": 0.017366815423384138, "ece": {"ece": 0.04799046140028283, "refinement": 0.236076406034219, "bins": {"1": {"acc": 0.0, "conf": 0.0}, "2": {"acc": 0.0, "conf": 0.0}, "3": {"acc": 0.0, "conf": 0.0}, "4": {"acc": 0.0, "conf": 0.0}, "5": {"acc": 0.0, "conf": 0.0}, "6": {"acc": 0.584, "conf": 0.5450000166893005}, "7": {"acc": 0.68, "conf": 0.6480000019073486}, "8": {"acc": 0.613, "conf": 0.7350000143051147}, "9": {"acc": 0.0, "conf": 0.8059999942779541}, "10": {"acc": 0.0, "conf": 0.0}}}, "entropy": {"mean": 0.9589999914169312, "var": 0.003000000026077032}, "var_ratio": {"mean": 0.40799999237060547, "var": 0.004999999888241291}, "std": {"mean": 0.09200000017881393, "var": 0.004999999888241291}, "nll": {"mean": 0.6729999780654907, "var": 0.05900000035762787}, "brier": {"mean": 0.23899999260902405, "var": 0.013000000268220901}, "margin": {"mean": 0.18400000035762787, "var": 0.02199999988079071}, "temperature": 1.4216886758804321}}