{"val_results": {"acc": 0.9392634392634392, "ece": {"ece": 0.003041150779160431, "refinement": 0.04876650058125283, "bins": {"1": {"acc": 0.0, "conf": 0.0}, "2": {"acc": 0.0, "conf": 0.0}, "3": {"acc": 0.0, "conf": 0.0}, "4": {"acc": 0.0, "conf": 0.0}, "5": {"acc": 0.0, "conf": 0.0}, "6": {"acc": 0.574, "conf": 0.5509999990463257}, "7": {"acc": 0.624, "conf": 0.6489999890327454}, "8": {"acc": 0.746, "conf": 0.7559999823570251}, "9": {"acc": 0.865, "conf": 0.8600000143051147}, "10": {"acc": 0.975, "conf": 0.9760000109672546}}}, "entropy": {"mean": 0.24799999594688416, "var": 0.06300000101327896}, "var_ratio": {"mean": 0.05999999865889549, "var": 0.008999999612569809}, "std": {"mean": 0.4399999976158142, "var": 0.008999999612569809}, "nll": {"mean": 0.17299999296665192, "var": 0.28600001335144043}, "brier": {"mean": 0.04800000041723251, "var": 0.02800000086426735}, "margin": {"mean": 0.8809999823570251, "var": 0.03500000014901161}, "temperature": 1.13}, "test_result": {"acc": 0.9001148105625718, "ece": {"ece": 0.029892285847362754, "refinement": 0.07160770625947449, "bins": {"1": {"acc": 0.0, "conf": 0.0}, "2": {"acc": 0.0, "conf": 0.0}, "3": {"acc": 0.0, "conf": 0.0}, "4": {"acc": 0.0, "conf": 0.0}, "5": {"acc": 0.0, "conf": 0.0}, "6": {"acc": 0.485, "conf": 0.546999990940094}, "7": {"acc": 0.5, "conf": 0.6439999938011169}, "8": {"acc": 0.703, "conf": 0.7580000162124634}, "9": {"acc": 0.746, "conf": 0.8610000014305115}, "10": {"acc": 0.962, "conf": 0.9760000109672546}}}, "entropy": {"mean": 0.2709999978542328, "var": 0.07599999755620956}, "var_ratio": {"mean": 0.07000000029802322, "var": 0.012000000104308128}, "std": {"mean": 0.4300000071525574, "var": 0.012000000104308128}, "nll": {"mean": 0.25, "var": 0.47600001096725464}, "brier": {"mean": 0.07199999690055847, "var": 0.04100000113248825}, "margin": {"mean": 0.8600000143051147, "var": 0.04800000041723251}, "temperature": 1.13}}