{"val_results": {"acc": 0.5616275616275617, "ece": {"ece": 0.020570943050721536, "refinement": 0.24611942254993122, "bins": {"1": {"acc": 0.0, "conf": 0.0}, "2": {"acc": 0.0, "conf": 0.0}, "3": {"acc": 0.0, "conf": 0.0}, "4": {"acc": 0.0, "conf": 0.0}, "5": {"acc": 0.0, "conf": 0.0}, "6": {"acc": 0.56, "conf": 0.5389999747276306}, "7": {"acc": 0.603, "conf": 0.6140000224113464}, "8": {"acc": 0.0, "conf": 0.0}, "9": {"acc": 0.0, "conf": 0.0}, "10": {"acc": 0.0, "conf": 0.0}}}, "entropy": {"mean": 0.9919999837875366, "var": 0.0}, "var_ratio": {"mean": 0.4580000042915344, "var": 0.0010000000474974513}, "std": {"mean": 0.041999999433755875, "var": 0.0010000000474974513}, "nll": {"mean": 0.6840000152587891, "var": 0.009999999776482582}, "brier": {"mean": 0.24500000476837158, "var": 0.003000000026077032}, "margin": {"mean": 0.08399999886751175, "var": 0.004000000189989805}, "temperature": 1.481009840965271}, "test_results": {"acc": 0.49483352468427094, "ece": {"ece": 0.0289418972455538, "refinement": 0.24997324610020624, "bins": {"1": {"acc": 0.0, "conf": 0.0}, "2": {"acc": 0.0, "conf": 0.0}, "3": {"acc": 0.0, "conf": 0.0}, "4": {"acc": 0.0, "conf": 0.0}, "5": {"acc": 0.0, "conf": 0.0}, "6": {"acc": 0.495, "conf": 0.5239999890327454}, "7": {"acc": 0.5, "conf": 0.6119999885559082}, "8": {"acc": 0.0, "conf": 0.0}, "9": {"acc": 0.0, "conf": 0.0}, "10": {"acc": 0.0, "conf": 0.0}}}, "entropy": {"mean": 0.996999979019165, "var": 0.0}, "var_ratio": {"mean": 0.47600001096725464, "var": 0.0}, "std": {"mean": 0.024000000208616257, "var": 0.0}, "nll": {"mean": 0.6940000057220459, "var": 0.004000000189989805}, "brier": {"mean": 0.25099998712539673, "var": 0.0010000000474974513}, "margin": {"mean": 0.04800000041723251, "var": 0.0020000000949949026}, "temperature": 1.481009840965271}}