{"val_results": {"acc": 0.616, "ece": {"ece": 0.10317352962493895, "refinement": 0.2089996346364633, "bins": {"1": {"acc": 0.0, "conf": 0.0}, "2": {"acc": 0.0, "conf": 0.0}, "3": {"acc": 0.0, "conf": 0.0}, "4": {"acc": 0.0, "conf": 0.0}, "5": {"acc": 0.0, "conf": 0.0}, "6": {"acc": 0.353, "conf": 0.5490000247955322}, "7": {"acc": 0.63, "conf": 0.6480000019073486}, "8": {"acc": 0.583, "conf": 0.7590000033378601}, "9": {"acc": 0.905, "conf": 0.8489999771118164}, "10": {"acc": 0.0, "conf": 0.0}}}, "entropy": {"mean": 0.8669999837875366, "var": 0.01899999938905239}, "var_ratio": {"mean": 0.3240000009536743, "var": 0.012000000104308128}, "std": {"mean": 0.17599999904632568, "var": 0.012000000104308128}, "nll": {"mean": 0.6320000290870667, "var": 0.15700000524520874}, "brier": {"mean": 0.22300000488758087, "var": 0.03099999949336052}, "margin": {"mean": 0.3529999852180481, "var": 0.04699999839067459}, "bert_output": null, "gold_labels": [0, 0, 1, 0, 0, 1, 1, 0, 0, 0, 0, 1, 0, 1, 0, 0, 0, 0, 0, 1, 1, 0, 0, 0, 1, 1, 1, 0, 0, 1, 0, 1, 0, 0, 1, 1, 0, 1, 1, 1, 1, 1, 0, 0, 0, 1, 0, 0, 0, 0, 0, 1, 0, 0, 1, 1, 1, 0, 1, 1, 0, 1, 0, 1, 0, 0, 0, 1, 0, 1, 1, 1, 1, 0, 1, 1, 0, 0, 0, 1, 1, 0, 1, 1, 0, 0, 1, 1, 0, 0, 1, 1, 1, 0, 1, 0, 0, 1, 1, 1, 1, 1, 1, 1, 1, 1, 0, 1, 0, 0, 1, 0, 0, 0, 1, 1, 1, 0, 0, 0, 1, 1, 0, 0, 1]}, "test_results": {"acc": 0.6425992779783394, "ece": {"ece": 0.03780201819829564, "refinement": 0.2287238154367971, "bins": {"1": {"acc": 0.0, "conf": 0.0}, "2": {"acc": 0.0, "conf": 0.0}, "3": {"acc": 0.0, "conf": 0.0}, "4": {"acc": 0.0, "conf": 0.0}, "5": {"acc": 0.0, "conf": 0.0}, "6": {"acc": 0.553, "conf": 0.550000011920929}, "7": {"acc": 0.653, "conf": 0.6499999761581421}, "8": {"acc": 0.662, "conf": 0.7440000176429749}, "9": {"acc": 0.714, "conf": 0.8349999785423279}, "10": {"acc": 0.0, "conf": 0.0}}}, "entropy": {"mean": 0.8820000290870667, "var": 0.014000000432133675}, "var_ratio": {"mean": 0.33000001311302185, "var": 0.009999999776482582}, "std": {"mean": 0.17000000178813934, "var": 0.009999999776482582}, "nll": {"mean": 0.6600000262260437, "var": 0.17299999296665192}, "brier": {"mean": 0.23199999332427979, "var": 0.03400000184774399}, "margin": {"mean": 0.3400000035762787, "var": 0.039000000804662704}, "bert_output": null, "gold_labels": [1, 0, 1, 1, 0, 0, 0, 0, 0, 0, 0, 1, 1, 0, 0, 1, 1, 0, 0, 1, 0, 0, 0, 0, 1, 1, 1, 0, 1, 1, 1, 0, 1, 1, 0, 1, 1, 0, 1, 1, 0, 1, 0, 0, 0, 1, 0, 1, 1, 1, 1, 0, 1, 0, 0, 1, 0, 1, 1, 0, 0, 1, 1, 0, 1, 1, 0, 0, 0, 0, 0, 0, 1, 0, 0, 1, 0, 1, 1, 0, 1, 0, 1, 1, 1, 0, 0, 1, 0, 1, 0, 1, 0, 0, 1, 1, 1, 0, 0, 0, 0, 0, 0, 0, 0, 0, 0, 1, 0, 0, 0, 0, 0, 1, 1, 0, 0, 1, 1, 1, 1, 1, 1, 0, 1, 1, 1, 1, 0, 0, 1, 0, 0, 1, 0, 0, 1, 0, 1, 1, 1, 0, 1, 0, 1, 0, 0, 1, 0, 0, 1, 1, 0, 0, 0, 0, 1, 0, 1, 1, 0, 0, 1, 1, 0, 0, 1, 1, 1, 1, 0, 0, 1, 0, 0, 0, 0, 0, 1, 1, 0, 0, 1, 1, 0, 0, 0, 0, 0, 0, 1, 0, 1, 0, 1, 0, 1, 0, 1, 1, 0, 0, 0, 1, 0, 1, 1, 1, 1, 1, 0, 0, 0, 1, 0, 1, 0, 1, 1, 0, 0, 0, 1, 1, 0, 1, 0, 0, 1, 0, 1, 0, 1, 1, 0, 0, 1, 0, 1, 1, 0, 0, 1, 1, 1, 1, 1, 0, 1, 1, 1, 0, 1, 0, 1, 0, 0, 0, 1, 0, 0, 1, 0, 0, 1, 1, 0, 1, 0, 1, 1, 1, 0, 0, 0, 0, 1]}}