{"val_results": {"acc": 0.8739977090492554, "ece": {"ece": 0.0186271114561475, "refinement": 0.09059122851368105, "bins": {"1": {"acc": 0.0, "conf": 0.0}, "2": {"acc": 0.0, "conf": 0.0}, "3": {"acc": 0.0, "conf": 0.0}, "4": {"acc": 0.0, "conf": 0.0}, "5": {"acc": 0.0, "conf": 0.0}, "6": {"acc": 0.527, "conf": 0.5519999861717224}, "7": {"acc": 0.579, "conf": 0.6499999761581421}, "8": {"acc": 0.718, "conf": 0.7540000081062317}, "9": {"acc": 0.819, "conf": 0.8560000061988831}, "10": {"acc": 0.961, "conf": 0.9679999947547913}}}, "entropy": {"mean": 0.38499999046325684, "var": 0.09399999678134918}, "var_ratio": {"mean": 0.10700000077486038, "var": 0.01600000075995922}, "std": {"mean": 0.3930000066757202, "var": 0.01600000075995922}, "nll": {"mean": 0.29600000381469727, "var": 0.38600000739097595}, "brier": {"mean": 0.09000000357627869, "var": 0.041999999433755875}, "margin": {"mean": 0.7850000262260437, "var": 0.06499999761581421}, "temperature": 1.1763004064559937}, "test_results": {"acc": 0.8930990298370859, "ece": {"ece": 0.009748622270462274, "refinement": 0.07792030747915168, "bins": {"1": {"acc": 0.0, "conf": 0.0}, "2": {"acc": 0.0, "conf": 0.0}, "3": {"acc": 0.0, "conf": 0.0}, "4": {"acc": 0.0, "conf": 0.0}, "5": {"acc": 0.0, "conf": 0.0}, "6": {"acc": 0.464, "conf": 0.5490000247955322}, "7": {"acc": 0.691, "conf": 0.6510000228881836}, "8": {"acc": 0.761, "conf": 0.7540000081062317}, "9": {"acc": 0.85, "conf": 0.8569999933242798}, "10": {"acc": 0.97, "conf": 0.9679999947547913}}}, "entropy": {"mean": 0.38100001215934753, "var": 0.09300000220537186}, "var_ratio": {"mean": 0.10599999874830246, "var": 0.01600000075995922}, "std": {"mean": 0.39399999380111694, "var": 0.01600000075995922}, "nll": {"mean": 0.25999999046325684, "var": 0.3100000023841858}, "brier": {"mean": 0.07800000160932541, "var": 0.03500000014901161}, "margin": {"mean": 0.7879999876022339, "var": 0.06400000303983688}, "temperature": 1.1763004064559937}}