{"val_results": {"acc": 0.8602520045819015, "ece": {"ece": 0.014824995766072022, "refinement": 0.09962130536054772, "bins": {"1": {"acc": 0.0, "conf": 0.0}, "2": {"acc": 0.0, "conf": 0.0}, "3": {"acc": 0.0, "conf": 0.0}, "4": {"acc": 0.0, "conf": 0.0}, "5": {"acc": 0.0, "conf": 0.0}, "6": {"acc": 0.509, "conf": 0.5540000200271606}, "7": {"acc": 0.611, "conf": 0.6499999761581421}, "8": {"acc": 0.741, "conf": 0.7540000081062317}, "9": {"acc": 0.83, "conf": 0.8560000061988831}, "10": {"acc": 0.963, "conf": 0.9580000042915344}}}, "entropy": {"mean": 0.460999995470047, "var": 0.0860000029206276}, "var_ratio": {"mean": 0.13099999725818634, "var": 0.017000000923871994}, "std": {"mean": 0.36899998784065247, "var": 0.017000000923871994}, "nll": {"mean": 0.3199999928474426, "var": 0.32600000500679016}, "brier": {"mean": 0.0989999994635582, "var": 0.041999999433755875}, "margin": {"mean": 0.7379999756813049, "var": 0.06700000166893005}, "temperature": 1.27}, "test_result": {"acc": 0.8819330038440417, "ece": {"ece": 0.01531659620663154, "refinement": 0.08769566840069619, "bins": {"1": {"acc": 0.0, "conf": 0.0}, "2": {"acc": 0.0, "conf": 0.0}, "3": {"acc": 0.0, "conf": 0.0}, "4": {"acc": 0.0, "conf": 0.0}, "5": {"acc": 0.0, "conf": 0.0}, "6": {"acc": 0.551, "conf": 0.5509999990463257}, "7": {"acc": 0.68, "conf": 0.6539999842643738}, "8": {"acc": 0.726, "conf": 0.753000020980835}, "9": {"acc": 0.884, "conf": 0.8560000061988831}, "10": {"acc": 0.968, "conf": 0.9580000042915344}}}, "entropy": {"mean": 0.4560000002384186, "var": 0.08399999886751175}, "var_ratio": {"mean": 0.12800000607967377, "var": 0.01600000075995922}, "std": {"mean": 0.3720000088214874, "var": 0.01600000075995922}, "nll": {"mean": 0.28999999165534973, "var": 0.2849999964237213}, "brier": {"mean": 0.08799999952316284, "var": 0.035999998450279236}, "margin": {"mean": 0.7440000176429749, "var": 0.06499999761581421}, "temperature": 1.27}}