{"val_results": {"acc": 0.608, "ece": {"ece": 0.07732372283935546, "refinement": 0.21454215024741344, "bins": {"1": {"acc": 0.0, "conf": 0.0}, "2": {"acc": 0.0, "conf": 0.0}, "3": {"acc": 0.0, "conf": 0.0}, "4": {"acc": 0.0, "conf": 0.0}, "5": {"acc": 0.0, "conf": 0.0}, "6": {"acc": 0.389, "conf": 0.5509999990463257}, "7": {"acc": 0.59, "conf": 0.6470000147819519}, "8": {"acc": 0.7, "conf": 0.7440000176429749}, "9": {"acc": 0.842, "conf": 0.8330000042915344}, "10": {"acc": 1.0, "conf": 0.9150000214576721}}}, "entropy": {"mean": 0.8740000128746033, "var": 0.01600000075995922}, "var_ratio": {"mean": 0.3269999921321869, "var": 0.010999999940395355}, "std": {"mean": 0.17299999296665192, "var": 0.010999999940395355}, "nll": {"mean": 0.6470000147819519, "var": 0.164000004529953}, "brier": {"mean": 0.2280000001192093, "var": 0.03200000151991844}, "margin": {"mean": 0.34700000286102295, "var": 0.04399999976158142}, "bert_output": null, "gold_labels": [0, 0, 1, 0, 0, 1, 1, 0, 0, 0, 0, 1, 0, 1, 0, 0, 0, 0, 0, 1, 1, 0, 0, 0, 1, 1, 1, 0, 0, 1, 0, 1, 0, 0, 1, 1, 0, 1, 1, 1, 1, 1, 0, 0, 0, 1, 0, 0, 0, 0, 0, 1, 0, 0, 1, 1, 1, 0, 1, 1, 0, 1, 0, 1, 0, 0, 0, 1, 0, 1, 1, 1, 1, 0, 1, 1, 0, 0, 0, 1, 1, 0, 1, 1, 0, 0, 1, 1, 0, 0, 1, 1, 1, 0, 1, 0, 0, 1, 1, 1, 1, 1, 1, 1, 1, 1, 0, 1, 0, 0, 1, 0, 0, 0, 1, 1, 1, 0, 0, 0, 1, 1, 0, 0, 1], "loss": 0.6521624714136124}, "test_results": {"acc": 0.6462093862815884, "ece": {"ece": 0.025490546915074967, "refinement": 0.22428846254099594, "bins": {"1": {"acc": 0.0, "conf": 0.0}, "2": {"acc": 0.0, "conf": 0.0}, "3": {"acc": 0.0, "conf": 0.0}, "4": {"acc": 0.0, "conf": 0.0}, "5": {"acc": 0.0, "conf": 0.0}, "6": {"acc": 0.557, "conf": 0.550000011920929}, "7": {"acc": 0.629, "conf": 0.6499999761581421}, "8": {"acc": 0.712, "conf": 0.7450000047683716}, "9": {"acc": 0.765, "conf": 0.8349999785423279}, "10": {"acc": 0.0, "conf": 0.0}}}, "entropy": {"mean": 0.8870000243186951, "var": 0.014000000432133675}, "var_ratio": {"mean": 0.335999995470047, "var": 0.009999999776482582}, "std": {"mean": 0.164000004529953, "var": 0.009999999776482582}, "nll": {"mean": 0.6399999856948853, "var": 0.14900000393390656}, "brier": {"mean": 0.2240000069141388, "var": 0.029999999329447746}, "margin": {"mean": 0.3269999921321869, "var": 0.03999999910593033}, "bert_output": null, "gold_labels": [1, 0, 1, 1, 0, 0, 0, 0, 0, 0, 0, 1, 1, 0, 0, 1, 1, 0, 0, 1, 0, 0, 0, 0, 1, 1, 1, 0, 1, 1, 1, 0, 1, 1, 0, 1, 1, 0, 1, 1, 0, 1, 0, 0, 0, 1, 0, 1, 1, 1, 1, 0, 1, 0, 0, 1, 0, 1, 1, 0, 0, 1, 1, 0, 1, 1, 0, 0, 0, 0, 0, 0, 1, 0, 0, 1, 0, 1, 1, 0, 1, 0, 1, 1, 1, 0, 0, 1, 0, 1, 0, 1, 0, 0, 1, 1, 1, 0, 0, 0, 0, 0, 0, 0, 0, 0, 0, 1, 0, 0, 0, 0, 0, 1, 1, 0, 0, 1, 1, 1, 1, 1, 1, 0, 1, 1, 1, 1, 0, 0, 1, 0, 0, 1, 0, 0, 1, 0, 1, 1, 1, 0, 1, 0, 1, 0, 0, 1, 0, 0, 1, 1, 0, 0, 0, 0, 1, 0, 1, 1, 0, 0, 1, 1, 0, 0, 1, 1, 1, 1, 0, 0, 1, 0, 0, 0, 0, 0, 1, 1, 0, 0, 1, 1, 0, 0, 0, 0, 0, 0, 1, 0, 1, 0, 1, 0, 1, 0, 1, 1, 0, 0, 0, 1, 0, 1, 1, 1, 1, 1, 0, 0, 0, 1, 0, 1, 0, 1, 1, 0, 0, 0, 1, 1, 0, 1, 0, 0, 1, 0, 1, 0, 1, 1, 0, 0, 1, 0, 1, 1, 0, 0, 1, 1, 1, 1, 1, 0, 1, 1, 1, 0, 1, 0, 1, 0, 0, 0, 1, 0, 0, 1, 0, 0, 1, 1, 0, 1, 0, 1, 1, 1, 0, 0, 0, 0, 1], "loss": 0.6508643905321757}}