{"val_results": {"acc": 0.656, "ece": {"ece": 0.08987148046493532, "refinement": 0.2010645994832041, "bins": {"1": {"acc": 0.0, "conf": 0.0}, "2": {"acc": 0.0, "conf": 0.0}, "3": {"acc": 0.0, "conf": 0.0}, "4": {"acc": 0.0, "conf": 0.0}, "5": {"acc": 0.0, "conf": 0.0}, "6": {"acc": 0.583, "conf": 0.5529999732971191}, "7": {"acc": 0.512, "conf": 0.656000018119812}, "8": {"acc": 0.806, "conf": 0.746999979019165}, "9": {"acc": 1.0, "conf": 0.8149999976158142}, "10": {"acc": 0.0, "conf": 0.0}}}, "entropy": {"mean": 0.8930000066757202, "var": 0.008999999612569809}, "var_ratio": {"mean": 0.33500000834465027, "var": 0.00800000037997961}, "std": {"mean": 0.16500000655651093, "var": 0.00800000037997961}, "nll": {"mean": 0.6100000143051147, "var": 0.11800000071525574}, "brier": {"mean": 0.21199999749660492, "var": 0.02500000037252903}, "margin": {"mean": 0.33000001311302185, "var": 0.032999999821186066}, "temperature": 1.3411132097244263}, "test_results": {"acc": 0.5956678700361011, "ece": {"ece": 0.07104043431230399, "refinement": 0.2270907299969482, "bins": {"1": {"acc": 0.0, "conf": 0.0}, "2": {"acc": 0.0, "conf": 0.0}, "3": {"acc": 0.0, "conf": 0.0}, "4": {"acc": 0.0, "conf": 0.0}, "5": {"acc": 0.0, "conf": 0.0}, "6": {"acc": 0.43, "conf": 0.550000011920929}, "7": {"acc": 0.613, "conf": 0.6480000019073486}, "8": {"acc": 0.681, "conf": 0.753000020980835}, "9": {"acc": 0.857, "conf": 0.828000009059906}, "10": {"acc": 0.0, "conf": 0.0}}}, "entropy": {"mean": 0.8930000066757202, "var": 0.009999999776482582}, "var_ratio": {"mean": 0.335999995470047, "var": 0.008999999612569809}, "std": {"mean": 0.164000004529953, "var": 0.008999999612569809}, "nll": {"mean": 0.652999997138977, "var": 0.14100000262260437}, "brier": {"mean": 0.23100000619888306, "var": 0.028999999165534973}, "margin": {"mean": 0.328000009059906, "var": 0.03400000184774399}, "temperature": 1.3411132097244263}}