{"val_results": {"acc": 0.608, "ece": {"ece": 0.07583956146240234, "refinement": 0.21943269007207628, "bins": {"1": {"acc": 0.0, "conf": 0.0}, "2": {"acc": 0.0, "conf": 0.0}, "3": {"acc": 0.0, "conf": 0.0}, "4": {"acc": 0.0, "conf": 0.0}, "5": {"acc": 0.0, "conf": 0.0}, "6": {"acc": 0.471, "conf": 0.5410000085830688}, "7": {"acc": 0.5, "conf": 0.6570000052452087}, "8": {"acc": 0.727, "conf": 0.7400000095367432}, "9": {"acc": 0.783, "conf": 0.8379999995231628}, "10": {"acc": 1.0, "conf": 0.9129999876022339}}}, "entropy": {"mean": 0.8600000143051147, "var": 0.017999999225139618}, "var_ratio": {"mean": 0.3179999887943268, "var": 0.012000000104308128}, "std": {"mean": 0.18199999630451202, "var": 0.012000000104308128}, "nll": {"mean": 0.6510000228881836, "var": 0.18700000643730164}, "brier": {"mean": 0.23000000417232513, "var": 0.035999998450279236}, "margin": {"mean": 0.36500000953674316, "var": 0.04800000041723251}, "bert_output": null, "gold_labels": [0, 0, 1, 0, 0, 1, 1, 0, 0, 0, 0, 1, 0, 1, 0, 0, 0, 0, 0, 1, 1, 0, 0, 0, 1, 1, 1, 0, 0, 1, 0, 1, 0, 0, 1, 1, 0, 1, 1, 1, 1, 1, 0, 0, 0, 1, 0, 0, 0, 0, 0, 1, 0, 0, 1, 1, 1, 0, 1, 1, 0, 1, 0, 1, 0, 0, 0, 1, 0, 1, 1, 1, 1, 0, 1, 1, 0, 0, 0, 1, 1, 0, 1, 1, 0, 0, 1, 1, 0, 0, 1, 1, 1, 0, 1, 0, 0, 1, 1, 1, 1, 1, 1, 1, 1, 1, 0, 1, 0, 0, 1, 0, 0, 0, 1, 1, 1, 0, 0, 0, 1, 1, 0, 0, 1], "loss": 0.6511156558990479}, "test_results": {"acc": 0.6462093862815884, "ece": {"ece": 0.03677885928308923, "refinement": 0.2220258911523865, "bins": {"1": {"acc": 0.0, "conf": 0.0}, "2": {"acc": 0.0, "conf": 0.0}, "3": {"acc": 0.0, "conf": 0.0}, "4": {"acc": 0.0, "conf": 0.0}, "5": {"acc": 0.0, "conf": 0.0}, "6": {"acc": 0.543, "conf": 0.5540000200271606}, "7": {"acc": 0.662, "conf": 0.6600000262260437}, "8": {"acc": 0.667, "conf": 0.746999979019165}, "9": {"acc": 0.788, "conf": 0.8349999785423279}, "10": {"acc": 1.0, "conf": 0.9229999780654907}}}, "entropy": {"mean": 0.8679999709129333, "var": 0.014999999664723873}, "var_ratio": {"mean": 0.3190000057220459, "var": 0.009999999776482582}, "std": {"mean": 0.1809999942779541, "var": 0.009999999776482582}, "nll": {"mean": 0.6359999775886536, "var": 0.17499999701976776}, "brier": {"mean": 0.22200000286102295, "var": 0.03500000014901161}, "margin": {"mean": 0.3619999885559082, "var": 0.04100000113248825}, "bert_output": null, "gold_labels": [1, 0, 1, 1, 0, 0, 0, 0, 0, 0, 0, 1, 1, 0, 0, 1, 1, 0, 0, 1, 0, 0, 0, 0, 1, 1, 1, 0, 1, 1, 1, 0, 1, 1, 0, 1, 1, 0, 1, 1, 0, 1, 0, 0, 0, 1, 0, 1, 1, 1, 1, 0, 1, 0, 0, 1, 0, 1, 1, 0, 0, 1, 1, 0, 1, 1, 0, 0, 0, 0, 0, 0, 1, 0, 0, 1, 0, 1, 1, 0, 1, 0, 1, 1, 1, 0, 0, 1, 0, 1, 0, 1, 0, 0, 1, 1, 1, 0, 0, 0, 0, 0, 0, 0, 0, 0, 0, 1, 0, 0, 0, 0, 0, 1, 1, 0, 0, 1, 1, 1, 1, 1, 1, 0, 1, 1, 1, 1, 0, 0, 1, 0, 0, 1, 0, 0, 1, 0, 1, 1, 1, 0, 1, 0, 1, 0, 0, 1, 0, 0, 1, 1, 0, 0, 0, 0, 1, 0, 1, 1, 0, 0, 1, 1, 0, 0, 1, 1, 1, 1, 0, 0, 1, 0, 0, 0, 0, 0, 1, 1, 0, 0, 1, 1, 0, 0, 0, 0, 0, 0, 1, 0, 1, 0, 1, 0, 1, 0, 1, 1, 0, 0, 0, 1, 0, 1, 1, 1, 1, 1, 0, 0, 0, 1, 0, 1, 0, 1, 1, 0, 0, 0, 1, 1, 0, 1, 0, 0, 1, 0, 1, 0, 1, 1, 0, 0, 1, 0, 1, 1, 0, 0, 1, 1, 1, 1, 1, 0, 1, 1, 1, 0, 1, 0, 1, 0, 0, 0, 1, 0, 0, 1, 0, 0, 1, 1, 0, 1, 0, 1, 1, 1, 0, 0, 0, 0, 1], "loss": 0.6363200545310974}}