{"test_ood_results": {"acc": 0.8460130187144019, "ece": {"ece": 0.015168119340140805, "refinement": 0.10577617713337661, "bins": {"1": {"acc": 0.0, "conf": 0.0}, "2": {"acc": 0.0, "conf": 0.0}, "3": {"acc": 0.0, "conf": 0.0}, "4": {"acc": 0.306, "conf": 0.3790000081062317}, "5": {"acc": 0.447, "conf": 0.4650000035762787}, "6": {"acc": 0.531, "conf": 0.5490000247955322}, "7": {"acc": 0.612, "conf": 0.652999997138977}, "8": {"acc": 0.738, "conf": 0.753000020980835}, "9": {"acc": 0.827, "conf": 0.8539999723434448}, "10": {"acc": 0.955, "conf": 0.9639999866485596}}}, "entropy": {"mean": 0.5389999747276306, "var": 0.17000000178813934}, "var_ratio": {"mean": 0.13899999856948853, "var": 0.023000000044703484}, "std": {"mean": 0.38100001215934753, "var": 0.008999999612569809}, "nll": {"mean": 0.4009999930858612, "var": 0.5799999833106995}, "brier": {"mean": 0.07500000298023224, "var": 0.02199999988079071}, "margin": {"mean": 0.75, "var": 0.07500000298023224}, "temperature": 1.0310003757476807}}