{"test_ood_results": {"acc": 0.5090252707581228, "ece": {"ece": 0.32799906270168316, "refinement": 0.2467065678637026, "bins": {"1": {"acc": 0.0, "conf": 0.0}, "2": {"acc": 0.0, "conf": 0.0}, "3": {"acc": 0.0, "conf": 0.0}, "4": {"acc": 0.0, "conf": 0.0}, "5": {"acc": 0.0, "conf": 0.0}, "6": {"acc": 0.526, "conf": 0.5559999942779541}, "7": {"acc": 0.375, "conf": 0.6420000195503235}, "8": {"acc": 0.542, "conf": 0.7509999871253967}, "9": {"acc": 0.458, "conf": 0.8550000190734863}, "10": {"acc": 0.553, "conf": 0.949999988079071}}}, "entropy": {"mean": 0.5569999814033508, "var": 0.07500000298023224}, "var_ratio": {"mean": 0.16300000250339508, "var": 0.01600000075995922}, "std": {"mean": 0.3370000123977661, "var": 0.01600000075995922}, "nll": {"mean": 1.1349999904632568, "var": 1.3830000162124634}, "brier": {"mean": 0.3659999966621399, "var": 0.13099999725818634}, "margin": {"mean": 0.6740000247955322, "var": 0.06400000303983688}, "bert_output": null, "gold_labels": [1, 0, 1, 1, 0, 0, 0, 0, 0, 0, 0, 1, 1, 0, 0, 1, 1, 0, 0, 1, 0, 0, 0, 0, 1, 1, 1, 0, 1, 1, 1, 0, 1, 1, 0, 1, 1, 0, 1, 1, 0, 1, 0, 0, 0, 1, 0, 1, 1, 1, 1, 0, 1, 0, 0, 1, 0, 1, 1, 0, 0, 1, 1, 0, 1, 1, 0, 0, 0, 0, 0, 0, 1, 0, 0, 1, 0, 1, 1, 0, 1, 0, 1, 1, 1, 0, 0, 1, 0, 1, 0, 1, 0, 0, 1, 1, 1, 0, 0, 0, 0, 0, 0, 0, 0, 0, 0, 1, 0, 0, 0, 0, 0, 1, 1, 0, 0, 1, 1, 1, 1, 1, 1, 0, 1, 1, 1, 1, 0, 0, 1, 0, 0, 1, 0, 0, 1, 0, 1, 1, 1, 0, 1, 0, 1, 0, 0, 1, 0, 0, 1, 1, 0, 0, 0, 0, 1, 0, 1, 1, 0, 0, 1, 1, 0, 0, 1, 1, 1, 1, 0, 0, 1, 0, 0, 0, 0, 0, 1, 1, 0, 0, 1, 1, 0, 0, 0, 0, 0, 0, 1, 0, 1, 0, 1, 0, 1, 0, 1, 1, 0, 0, 0, 1, 0, 1, 1, 1, 1, 1, 0, 0, 0, 1, 0, 1, 0, 1, 1, 0, 0, 0, 1, 1, 0, 1, 0, 0, 1, 0, 1, 0, 1, 1, 0, 0, 1, 0, 1, 1, 0, 0, 1, 1, 1, 1, 1, 0, 1, 1, 1, 0, 1, 0, 1, 0, 0, 0, 1, 0, 0, 1, 0, 0, 1, 1, 0, 1, 0, 1, 1, 1, 0, 0, 0, 0, 1], "loss": 1.1549775467978582}}