{"val_results": {"acc": 0.9468864468864469, "f1": 0.9381460771168793, "acc_and_f1": 0.942516262001663, "ece": {"ece": 0.030326994565817077, "refinement": 0.042354481330859325, "bins": {"1": {"acc": 0.0, "conf": 0.0}, "2": {"acc": 0.0, "conf": 0.0}, "3": {"acc": 0.0, "conf": 0.0}, "4": {"acc": 0.0, "conf": 0.0}, "5": {"acc": 0.25, "conf": 0.4659999907016754}, "6": {"acc": 0.5, "conf": 0.5320000052452087}, "7": {"acc": 0.667, "conf": 0.6539999842643738}, "8": {"acc": 1.0, "conf": 0.7540000081062317}, "9": {"acc": 0.722, "conf": 0.8610000014305115}, "10": {"acc": 0.967, "conf": 0.9890000224113464}}}, "entropy": {"mean": 0.16699999570846558, "var": 0.06800000369548798}, "var_ratio": {"mean": 0.02800000086426735, "var": 0.006000000052154064}, "std": {"mean": 0.3610000014305115, "var": 0.0010000000474974513}, "nll": {"mean": 0.20999999344348907, "var": 0.7910000085830688}, "brier": {"mean": 0.014999999664723873, "var": 0.004000000189989805}, "margin": {"mean": 0.953000009059906, "var": 0.01899999938905239}, "temperature": 0.9253305196762085}, "test_results": {"acc": 0.772, "f1": 0.795193247072231, "acc_and_f1": 0.7835966235361156, "ece": {"ece": 0.12008734601736072, "refinement": 0.13205193362193363, "bins": {"1": {"acc": 0.0, "conf": 0.0}, "2": {"acc": 0.0, "conf": 0.0}, "3": {"acc": 0.0, "conf": 0.0}, "4": {"acc": 0.0, "conf": 0.36800000071525574}, "5": {"acc": 0.182, "conf": 0.46399998664855957}, "6": {"acc": 0.472, "conf": 0.5450000166893005}, "7": {"acc": 0.524, "conf": 0.6439999938011169}, "8": {"acc": 0.5, "conf": 0.75}, "9": {"acc": 0.518, "conf": 0.8529999852180481}, "10": {"acc": 0.903, "conf": 0.9769999980926514}}}, "entropy": {"mean": 0.4519999921321869, "var": 0.2160000056028366}, "var_ratio": {"mean": 0.1080000028014183, "var": 0.024000000208616257}, "std": {"mean": 0.3319999873638153, "var": 0.003000000026077032}, "nll": {"mean": 0.7049999833106995, "var": 1.9739999771118164}, "brier": {"mean": 0.0560000017285347, "var": 0.009999999776482582}, "margin": {"mean": 0.8100000023841858, "var": 0.08100000023841858}, "temperature": 0.9253305196762085}}