{"val_results": {"acc": 0.9103059103059103, "ece": {"ece": 0.047552859691119095, "refinement": 0.06922690091759329, "bins": {"1": {"acc": 0.0, "conf": 0.0}, "2": {"acc": 0.0, "conf": 0.0}, "3": {"acc": 0.0, "conf": 0.0}, "4": {"acc": 0.0, "conf": 0.0}, "5": {"acc": 0.0, "conf": 0.0}, "6": {"acc": 0.464, "conf": 0.5540000200271606}, "7": {"acc": 0.564, "conf": 0.652999997138977}, "8": {"acc": 0.589, "conf": 0.753000020980835}, "9": {"acc": 0.73, "conf": 0.8569999933242798}, "10": {"acc": 0.954, "conf": 0.9879999756813049}}}, "entropy": {"mean": 0.1679999977350235, "var": 0.06499999761581421}, "var_ratio": {"mean": 0.041999999433755875, "var": 0.007000000216066837}, "std": {"mean": 0.4580000042915344, "var": 0.007000000216066837}, "nll": {"mean": 0.2720000147819519, "var": 0.8309999704360962}, "brier": {"mean": 0.07100000232458115, "var": 0.04800000041723251}, "margin": {"mean": 0.9160000085830688, "var": 0.029999999329447746}, "temperature": 0.6893964409828186}, "test_results": {"acc": 0.8231917336394948, "ece": {"ece": 0.12128245344665653, "refinement": 0.1231525638790208, "bins": {"1": {"acc": 0.0, "conf": 0.0}, "2": {"acc": 0.0, "conf": 0.0}, "3": {"acc": 0.0, "conf": 0.0}, "4": {"acc": 0.0, "conf": 0.0}, "5": {"acc": 0.0, "conf": 0.0}, "6": {"acc": 0.55, "conf": 0.5429999828338623}, "7": {"acc": 0.3, "conf": 0.6579999923706055}, "8": {"acc": 0.538, "conf": 0.7620000243186951}, "9": {"acc": 0.563, "conf": 0.8550000190734863}, "10": {"acc": 0.894, "conf": 0.9850000143051147}}}, "entropy": {"mean": 0.21400000154972076, "var": 0.07900000363588333}, "var_ratio": {"mean": 0.0560000017285347, "var": 0.009999999776482582}, "std": {"mean": 0.4440000057220459, "var": 0.009999999776482582}, "nll": {"mean": 0.5460000038146973, "var": 1.7200000286102295}, "brier": {"mean": 0.14100000262260437, "var": 0.09200000017881393}, "margin": {"mean": 0.8880000114440918, "var": 0.039000000804662704}, "temperature": 0.6893964409828186}}