{"val_results": {"acc": 0.884, "f1": 0.883868892625018, "acc_and_f1": 0.883934446312509, "ece": {"ece": 0.021434599304199244, "refinement": 0.0868995323271925, "bins": {"1": {"acc": 0.0, "conf": 0.0}, "2": {"acc": 0.0, "conf": 0.0}, "3": {"acc": 0.0, "conf": 0.0}, "4": {"acc": 0.0, "conf": 0.0}, "5": {"acc": 0.0, "conf": 0.0}, "6": {"acc": 0.592, "conf": 0.5479999780654907}, "7": {"acc": 0.607, "conf": 0.6510000228881836}, "8": {"acc": 0.719, "conf": 0.7519999742507935}, "9": {"acc": 0.803, "conf": 0.8539999723434448}, "10": {"acc": 0.959, "conf": 0.9710000157356262}}}, "entropy": {"mean": 0.3580000102519989, "var": 0.09200000017881393}, "var_ratio": {"mean": 0.10000000149011612, "var": 0.01600000075995922}, "std": {"mean": 0.4000000059604645, "var": 0.01600000075995922}, "nll": {"mean": 0.2849999964237213, "var": 0.39399999380111694}, "brier": {"mean": 0.08699999749660492, "var": 0.041999999433755875}, "margin": {"mean": 0.8009999990463257, "var": 0.06499999761581421}, "temperature": 1.0929648876190186}, "test_results": {"acc": 0.88376, "f1": 0.8836635058582991, "acc_and_f1": 0.8837117529291496, "ece": {"ece": 0.014863790721893332, "refinement": 0.08470170110851807, "bins": {"1": {"acc": 0.0, "conf": 0.0}, "2": {"acc": 0.0, "conf": 0.0}, "3": {"acc": 0.0, "conf": 0.0}, "4": {"acc": 0.0, "conf": 0.0}, "5": {"acc": 0.0, "conf": 0.0}, "6": {"acc": 0.538, "conf": 0.5509999990463257}, "7": {"acc": 0.645, "conf": 0.6510000228881836}, "8": {"acc": 0.701, "conf": 0.7519999742507935}, "9": {"acc": 0.797, "conf": 0.8569999933242798}, "10": {"acc": 0.965, "conf": 0.9700000286102295}}}, "entropy": {"mean": 0.3630000054836273, "var": 0.09300000220537186}, "var_ratio": {"mean": 0.10100000351667404, "var": 0.01600000075995922}, "std": {"mean": 0.39899998903274536, "var": 0.01600000075995922}, "nll": {"mean": 0.27399998903274536, "var": 0.3490000069141388}, "brier": {"mean": 0.08399999886751175, "var": 0.03999999910593033}, "margin": {"mean": 0.796999990940094, "var": 0.06599999964237213}, "temperature": 1.0929648876190186}}