{"val_results": {"acc": 0.8014705882352942, "f1": 0.8586387434554974, "acc_and_f1": 0.8300546658453958, "ece": {"ece": 0.031594521859112885, "refinement": 0.12923944247358674, "bins": {"1": {"acc": 0.0, "conf": 0.0}, "2": {"acc": 0.0, "conf": 0.0}, "3": {"acc": 0.0, "conf": 0.0}, "4": {"acc": 0.0, "conf": 0.0}, "5": {"acc": 0.0, "conf": 0.0}, "6": {"acc": 0.548, "conf": 0.5479999780654907}, "7": {"acc": 0.465, "conf": 0.6510000228881836}, "8": {"acc": 0.727, "conf": 0.7519999742507935}, "9": {"acc": 0.831, "conf": 0.8460000157356262}, "10": {"acc": 0.952, "conf": 0.9629999995231628}}}, "entropy": {"mean": 0.5370000004768372, "var": 0.10199999809265137}, "var_ratio": {"mean": 0.16699999570846558, "var": 0.020999999716877937}, "std": {"mean": 0.3330000042915344, "var": 0.020999999716877937}, "nll": {"mean": 0.41100001335144043, "var": 0.38600000739097595}, "brier": {"mean": 0.13300000131130219, "var": 0.04800000041723251}, "margin": {"mean": 0.6660000085830688, "var": 0.08500000089406967}, "temperature": 1.0336157083511353}, "test_results": {"acc": 0.8226086956521739, "f1": 0.8719665271966528, "acc_and_f1": 0.8472876114244133, "ece": {"ece": 0.02379550951114598, "refinement": 0.13108547413459157, "bins": {"1": {"acc": 0.0, "conf": 0.0}, "2": {"acc": 0.0, "conf": 0.0}, "3": {"acc": 0.0, "conf": 0.0}, "4": {"acc": 0.0, "conf": 0.0}, "5": {"acc": 0.0, "conf": 0.0}, "6": {"acc": 0.613, "conf": 0.5509999990463257}, "7": {"acc": 0.659, "conf": 0.6510000228881836}, "8": {"acc": 0.751, "conf": 0.7540000081062317}, "9": {"acc": 0.819, "conf": 0.8429999947547913}, "10": {"acc": 0.936, "conf": 0.9620000123977661}}}, "entropy": {"mean": 0.5379999876022339, "var": 0.10400000214576721}, "var_ratio": {"mean": 0.16899999976158142, "var": 0.02199999988079071}, "std": {"mean": 0.3310000002384186, "var": 0.02199999988079071}, "nll": {"mean": 0.41499999165534973, "var": 0.4129999876022339}, "brier": {"mean": 0.13099999725818634, "var": 0.04899999871850014}, "margin": {"mean": 0.6629999876022339, "var": 0.08799999952316284}, "temperature": 1.0336157083511353}}